rule_uid	file_id	criteria	rule	group	resource	directionality	verbatim	contemporary	factuality	reasoning	confidence	author	work_title	impact_year	group_specificity	is_historical	secondary_reasoning	resource_materiality	materiality_reasoning	group_immutability	immutability_reasoning	resource_generality	resource_generality_reasoning	perseus_id	work_factuality	sampled_for
tlg0027.tlg004.perseus-eng2#15	tlg0027.tlg004.perseus-eng2	Age	Military service exemption for youth	young people	Exemption from active combat	MORE	[§24] [22] ...that is why our old men fight our battles, while our young men make speeches— they take Alcibiades as their model	1	0	The passage suggests a breakdown in the traditional rule where young men are the primary combatants, noting that currently, old men are fighting while young men stay in the city.	7.0	Andocides		-500	5	0	Canonical societal group; the author describes a contemporary shift in social roles.	4	Exemption from military service has direct material effect on personal safety and livelihood.	5	Age is a biologically fixed trait, strictly immutable.	3	Exemption from active combat is a specific but recurring protection.	tlg0027.tlg004	4	Age
tlg0019.tlg003.perseus-eng2#36	tlg0019.tlg003.perseus-eng2	Age	Seniority seat preference	old people	Right to prioritized seating	MORE	[§31] ...and to rise up from seats before your seniors when they approach, and not to behave ill toward your parents, and to do nothing else that is base.	1	1	The text describes a societal norm where younger people must yield their seats to older people, indicating a resource (priority seating) granted to the elderly.	10.0	Aristophanes	The Clouds	-409	5	0	The group 'old people' is a canonical societal group; the author describes a contemporary social norm.	2	Prioritized seating is a minor social privilege with weak material payoff.	3	Old age is a life stage, changeable over time, but a durable social identity.	3	Right to prioritized seating is a specific but recurring social privilege.	tlg0019.tlg003	3	Age
tlg0019.tlg003.perseus-eng2#52	tlg0019.tlg003.perseus-eng2	Age	Elder immunity from physical abuse	old people	Protection from corporal punishment	MORE	[§57] Strepsiades. It is nowhere ordained by law that a father should suffer this. ...Phidippides. Why then is it less lawful for me also in turn to propose henceforth a new law for the sons, that they should beat their fathers in turn?	1	1	The character Phidippides attempts to dismantle an existing societal and legal norm where elderly fathers are protected from being beaten by their sons, arguing for a 'new law' to replace the established one.	9.0	Aristophanes	The Clouds	-409	5	0	The group 'old people' is a canonical societal group; the author describes a contemporary challenge to their immunity.	5	Protection from corporal punishment is a fundamental bodily entitlement.	3	Old age is a life stage, changeable over time, but a durable social identity.	4	Protection from corporal punishment is a major recognizable right spanning many situations.	tlg0019.tlg003	3	Age
tlg0057.tlg010.perseus-eng2#43	tlg0057.tlg010.perseus-eng2	Age	Elderly humor accumulation	old people	Protection from phlegm accumulation	LESS	[§28] Thus, the white-coloured substance which everyone else calls phlegm, and which Prodicus calls blenna [mucus], is the well-known cold, moist humour which collects mostly in old people and in those who have been chilled in some way...	1	1	Galen describes a physiological rule where the 'cold, moist' humor (phlegm/mucus) specifically accumulates in individuals based on their age (the elderly), contrasted with younger people or those in their 'prime'.	9.0	Galen	On the Natural Faculties	164	5	0	Canonical age group; the rule describes a timeless physiological process.	5	Protection from phlegm accumulation directly impacts bodily health.	5	Age is a biologically fixed trait, strictly immutable.	2	Protection from phlegm accumulation is specific to a particular bodily humor.	tlg0057.tlg010	3	Age
tlg0010.tlg019.perseus-eng2#41	tlg0010.tlg019.perseus-eng2	Age	Youthful self-governance requirements	young men	Right to govern one's own thoughts	LESS	[§290] namely, that if one is to govern his youth rightly and worthily and make the proper start in life, he must give more heed to himself than to his possessions, he must not hasten and seek to rule over others before he has found a master to direct his own thoughts.	1	1	The societal norm described requires young men to submit to a 'master' (teacher) before they are permitted the resource of independent action or the right to lead others.	8.0	Isocrates	Antidosis	-400	5	0	The group is a canonical age category; the author describes a contemporary societal expectation for self-governance.	1	Right to govern one's own thoughts is an abstract, internal capacity.	5	Age is a biologically fixed trait, strictly immutable.	4	Right to govern one's own thoughts is a broad category of personal autonomy.	tlg0010.tlg019	4	Age
tlg0086.tlg010.perseus-eng2#26	tlg0086.tlg010.perseus-eng2	Citizenship	State-mandated moral training for citizens	Citizens	Training in habits of right action	MORE	[§174] This truth is attested by the experience of states: lawgivers make the citizens good by training them in habits of right action—this is the aim of all legislation, and if it fails to do this it is a failure; this is what distinguishes a good form of constitution from a bad one.	1	1	Aristotle describes a general political rule of Greek states where the law and the constitution are designed to provide citizens with moral training throughhabituation.	10.0	Aristotle	Nicomachean Ethics	-348	5	0	Canonical societal group; Aristotle describes a general principle of statecraft in his time.	3	Training in habits of right action is a social practice with tangible outcomes.	4	Citizenship is a legal status, very hard to change, requiring naturalisation or exile.	4	Training in habits of right action is a broad category of right.	tlg0086.tlg010	3	Citizenship
tlg0086.tlg035.perseus-eng2#15	tlg0086.tlg035.perseus-eng2	Citizenship	Enslavement of conquered foreigners	Foreigners	Protection from enslavement	LESS	[§8] for there is also such a thing as a slave or a man that is in slavery by law, for the law is a sort of agreement under which the things conquered in war are said to belong to their conquerors. | [§8] Therefore they do not mean to assert that Greeks themselves if taken prisoners are slaves, but that barbarians are.	1	1	The text describes a legal convention where non-Greeks (barbarians) captured in war are treated as property (slaves), a rule from which Greeks seek to exempt themselves.	9.0	Aristotle	Politics	-348	5	0	Canonical societal group; Aristotle describes a contemporary legal convention for enslavement.	5	Protection from enslavement is a fundamental bodily entitlement and freedom from being property.	4	Being a foreigner subject to enslavement is a legal/structural status, very hard to change.	4	Protection from enslavement is a major recognizable right.	tlg0086.tlg035	3	Citizenship
tlg0086.tlg035.perseus-eng2#229	tlg0086.tlg035.perseus-eng2	Citizenship	Citizen right to public accounting	Citizens	Right to inspect public funds	MORE	[§135] and also rendering account of receipts and expenditure, as some tyrants have done already （for this careful management would make a ruler seem a steward of the state and not a tyrant).	1	1	As a rule for becoming 'more regal,' Aristotle suggests the tyrant provide accounts of public money to the citizens, treating them as stakeholders rather than subjects of a private estate.	8.0	Aristotle	Politics	-348	5	0	The group 'Citizens' is a canonical societal group; Aristotle describes contemporary advice for rulers.	4	Right to inspect public funds is a concrete legal right with direct material effect.	4	Citizenship is a legal/structural birth-status, very hard to change.	3	Right to inspect public funds is a specific but broadly applicable legal protection.	tlg0086.tlg035	3	Citizenship
tlg1443.tlg001.perseus-eng1#31	tlg1443.tlg001.perseus-eng1	Citizenship	Christian traveler refreshment requirement	Foreigners	Right to hospitality and support	MORE	[§199] [2] Concerning those who have preceded me from Syria to Rome to the glory of God... it is right for you to refresh them in every way.	1	1	The text establishes a rule of conduct for the Roman church to provide 'refreshment' (support/hospitality) to foreign travelers ('those who have preceded me from Syria') on the basis of their shared religious identity.	8.0	Ignatius of Antioch	Epistle of Ignatius to the Trallians	70	5	0	The group 'Foreigners' is a canonical societal group; the rule describes a contemporary social obligation.	3	Right to hospitality and support provides tangible benefits like food and shelter.	3	Foreigners (travelers) is a status that can change, but is a durable social identity while in that state.	3	Right to hospitality and support is a specific but broadly applicable social protection.	tlg1443.tlg001	3	Citizenship
tlg0031.tlg005.perseus-eng2#45	tlg0031.tlg005.perseus-eng2	Citizenship	Foreigner restriction on new teachings	Foreigners	Right to introduce new deities	LESS	"[§633] Others said, ""He seems to be advocating foreign demons,"" because he preached Jesus and the resurrection. [§634] They took hold of him, and brought him to the Areopagus, saying, ""May we know what this new teaching is, which is spoken by you?"""	1	1	In Athens, Paul (a newcomer) is detained and brought before a governing council (the Areopagus) to account for preaching 'foreign' deities, indicating that non-citizens did not have the unrestricted right to introduce new religious doctrines without official inquiry.	8.0	New Testament		100	4	0	Broad societal group; the rule describes a contemporary restriction on religious innovation for foreigners.	3	Right to introduce new deities affects access to a social role/practice with tangible outcomes.	3	Foreigner status is changeable with effort (e.g., naturalization), but durable.	3	The right to introduce new deities is a specific but recurring religious freedom.	tlg0031.tlg005	3	Citizenship
tlg0086.tlg010.perseus-eng2#8	tlg0086.tlg010.perseus-eng2	Education	Philosophical duty to prefer truth	philosophers	Right to prioritize truth over friendship	MORE	[§43/§44] Still perhaps it would appear desirable, and indeed it would seem to be obligatory, especially for a philosopher, to sacrifice even one’s closest personal ties in defense of the truth. Both are dear to us, yet ’tis our duty to prefer the truth.	1	0	Aristotle explicitly identifies a specific group, the philosopher, and attributes to them a unique moral obligation/resource (the duty/right to prioritize objective truth over personal social bonds/friendship), framing it as an 'obligation' inherent to the role.	9.0	Aristotle	Nicomachean Ethics	-348	3	0	Borderline specific group (philosophers); Aristotle describes a contemporary professional obligation.	1	Right to prioritize truth is a non-material, abstract resource.	3	Philosopher is an occupation/profession acquired through training, changeable with effort.	3	Right to prioritize truth over friendship is a specific but recurring ethical principle.	tlg0086.tlg010	3	Education
tlg0086.tlg010.perseus-eng2#265	tlg0086.tlg010.perseus-eng2	Education	Virtuous access to virtuous friends	The virtuous	Access to virtuous friendship	MORE	[§1202] Moreover the society of the good may supply a sort of training in goodness, as Theognis remarks. Again, if we examine the matter more fundamentally, it appears that a virtuous friend is essentially desirable for a virtuous man.	1	0	Aristotle identifies a specific class of people—the virtuous (a group defined by their moral education/character)—and argues they have a unique need and access to the 'greatest of external goods': friends of similar character.	9.0	Aristotle	Nicomachean Ethics	-348	4	0	Broad societal group; author describes a contemporary norm.	1	Access to virtuous friendship is primarily a social and spiritual resource, with no direct material payoff.	3	The virtuous are defined by acquired moral character, changeable with effort.	4	Access to virtuous friendship is a broad category of social connection.	tlg0086.tlg010	3	Education
tlg0086.tlg010.perseus-eng2#205	tlg0086.tlg010.perseus-eng2	Education	Bad men social exclusion	bad men	Right to disinterested friendship	LESS	[§1041] But clearly only good men can be friends for what they are in themselves; since bad men do not take pleasure in each other, save as they get some advantage from each other. [...] whereas the other forms of friendship are liable to be dissolved by calumny and suspicion.	1	0	Aristotle identifies 'bad men' (those lacking virtue/moral education) as being incapable of a specific immaterial resource: friendship based on the person's inherent self, limiting them to transactional relationships.	9.0	Aristotle	Nicomachean Ethics	-348	4	0	Broad societal group; the author describes a contemporary social observation.	1	Disinterested friendship is a symbolic/social resource, not directly material.	3	Being 'bad' is a character trait, changeable with effort but a durable identity.	3	The right to disinterested friendship is a specific but broadly applicable social resource.	tlg0086.tlg010	3	Education
tlg0057.tlg010.perseus-eng2#59	tlg0057.tlg010.perseus-eng2	Education	Ignorant exclusion from scientific understanding	uneducated people	Ability to comprehend demonstrated truths	LESS	[§39] For I find that a great many things which have been conclusively demonstrated by the Ancients are unintelligible to the bulk of the Moderns owing to their ignorance — nay, that, by reason of their laziness, they will not even make an attempt to comprehend them; and even if any of them have understood them, they have not given them impartial examination.	1	0	Galen posits that a lack of education and 'laziness' (mental discipline) prevents the majority of his contemporaries from accessing the 'conclusively demonstrated' truths of medical science.	9.0	Galen	On the Natural Faculties	164	4	0	Broad societal group defined by education; the author describes contemporary intellectual access.	3	Ability to comprehend truths enables participation in a practice with tangible outcomes.	3	Education is an acquired status, changeable with effort and training.	4	Ability to comprehend demonstrated truths is a broad category of understanding.	tlg0057.tlg010	3	Education
tlg0057.tlg010.perseus-eng2#48	tlg0057.tlg010.perseus-eng2	Education	Exclusion from scientific comprehension	uneducated people	Access to scientific understanding	LESS	[§29-PART 10] For I find that a great many things which have been conclusively demonstrated by the Ancients are unintelligible to the bulk of the Moderns owing to their ignorance — nay, that, by reason of their laziness, they will not even make an attempt to comprehend them... while, as for the others, this book will be as redundant to them as a tale told to an ass.	1	0	Galen explicitly excludes those who lack specific training and natural disposition ('the bulk of the Moderns') from the resource of understanding his work, contrasting them with the 'few' who possess the correct training.	9.0	Galen	On the Natural Faculties	164	4	0	Broad societal group defined by education; the author describes contemporary intellectual access.	3	Access to scientific understanding enables participation in a practice with tangible outcomes.	3	Education is an acquired status, changeable with effort and training.	4	Access to scientific understanding is a broad category of knowledge.	tlg0057.tlg010	3	Education
tlg0086.tlg010.perseus-eng2#153	tlg0086.tlg010.perseus-eng2	Ethnicity	Animal exclusion from action	Animals	Capacity for deliberate action	LESS	[§806] Of these, Sensation never originates action, as is shown by the fact that animals have sensation but are not capable of action.	1	1	While 'Animals' is a biological category, in the context of Greek political and ethical thought, it serves as the primary 'out-group' against which human 'Citizenship' and 'Reason' are defined; the text explicitly denies them the resource of 'praxis' (action).	8.0	Aristotle	Nicomachean Ethics	-348	5	0	Canonical societal group (as an 'out-group'); the author describes a timeless philosophical distinction.	1	Capacity for deliberate action is an internal, abstract trait.	5	Animals are a biologically defined group; membership is strictly immutable.	4	Capacity for deliberate action is a broad human faculty.	tlg0086.tlg010	3	Ethnicity
tlg0086.tlg010.perseus-eng2#164	tlg0086.tlg010.perseus-eng2	Ethnicity	Barbarian propensity for bestiality	Barbarians	Capacity for human virtue	LESS	[§894] so a bestial character is rare among human beings; it is found most frequently among barbarians, and some cases also occur as a result of disease or arrested development.	1	0	Aristotle categorizes 'barbarians' as a group naturally or culturally predisposed to 'bestiality' (a state below human vice), thereby lacking the standard human capacity for moral virtue or restraint described in the text.	9.0	Aristotle	Nicomachean Ethics	-348	5	0	Canonical societal group; the author describes a contemporary cultural distinction.	1	Capacity for human virtue is an internal, abstract, and moral trait.	4	Barbarian status is often tied to birth, ethnicity, or cultural origin, very hard to change.	4	Capacity for human virtue is a broad moral and ethical capacity.	tlg0086.tlg010	3	Ethnicity
tlg0086.tlg035.perseus-eng2#9	tlg0086.tlg035.perseus-eng2	Ethnicity	Greek rule over non-Greeks	Barbarians (non-Greeks)	Right to political self-governance	LESS	[§3] Hence the saying of the poets— ’Tis meet that Greeks should rule barbarians,— implying that barbarian and slave are the same in nature.	1	0	The author cites the prevailing Greek sentiment and poetic convention that justifies the subordination of non-Greeks (barbarians) to Greeks, equating their natural status to that of slaves.	9.0	Aristotle	Politics	-348	5	0	Canonical societal group; Aristotle describes a contemporary view on barbarians.	4	Political self-governance is a concrete legal right with direct material effects on a group's autonomy.	5	Being 'Barbarian' (non-Greek) is a birth-fixed trait based on lineage/ethnicity.	5	Political self-governance is a high-level societal good.	tlg0086.tlg035	3	Ethnicity
tlg0010.tlg019.perseus-eng2#42	tlg0010.tlg019.perseus-eng2	Ethnicity	Hellenic educational superiority	Athens / Hellenes	Access to wisdom and superior speech	MORE	[§293] ...in those qualities by which the nature of man rises above the other animals, and the race of the Hellenes above the barbarians, [§294] namely, in the fact that you have been educated as have been no other people in wisdom and in speech.	1	0	Isocrates identifies the Greeks (and Athenians specifically) as having exclusive or superior access to the immaterial resources of advanced wisdom and rhetorical education, distinguishing them from 'barbarians'.	9.0	Isocrates	Antidosis	-400	5	0	The group is a canonical ethnic category; the author describes a contemporary cultural distinction.	1	Access to wisdom and superior speech are abstract, trait-based resources.	4	Ethnicity/nationality (Hellenes) is a birth-fixed status, very hard to change.	4	Access to wisdom and superior speech are broad categories of intellectual resources.	tlg0010.tlg019	4	Ethnicity
tlg0031.tlg005.perseus-eng2#54	tlg0031.tlg005.perseus-eng2	Ethnicity	Gentile exemption from Mosaic Law	Greeks	Exemption from Jewish ritual law	MORE	[§785] But concerning the Gentiles who believe, we have written our decision that they should observe no such thing, except that they should keep themselves from food offered to idols, from blood, from strangled things, and from sexual immorality.	1	1	The elders explicitly state that while Jews are expected to observe the Law of Moses, the group defined as Gentiles are granted a formal exemption from the full scope of those customs, requiring only a specific subset of prohibitions.	9.0	New Testament		100	5	0	Canonical societal group; the rule describes a contemporary exemption from religious law.	4	Exemption from ritual law is a concrete legal exemption with direct material effects on daily life.	5	Being Greek is an ethnic/national origin, a birth-fixed trait that cannot be changed by choice.	4	Exemption from ritual law is a major recognizable exemption spanning many situations.	tlg0031.tlg005	3	Ethnicity
tlg0028.tlg005.perseus-eng2#6	tlg0028.tlg005.perseus-eng2	Freedom	Public trial for slaves	Slaves	Right to a public trial	MORE	[§48] ...it follows that the slave in question should have had a public trial, instead of being put to death by you without a hearing.	1	1	The speaker argues that even though the individual is a slave, the law or custom requires a public hearing rather than summary execution by private individuals.	9.0	Antiphon	On the Murder of Herodes	-500	5	0	Canonical societal group; the author describes a contemporary legal requirement.	4	Right to a public trial is a concrete legal right with direct material effect on freedom/life.	4	Slave status is a legal/structural birth-status, very hard to change.	3	Right to a public trial is a specific but broadly applicable legal protection.	tlg0028.tlg005	4	Freedom
tlg0028.tlg005.perseus-eng2#5	tlg0028.tlg005.perseus-eng2	Freedom	Slave reward for informing	Slaves	Right to manumission	MORE	[§34] ...As a rule, informers are rewarded with money, if they are free, and with their liberty, if they are slaves.	1	1	The author explicitly states the customary social/legal rule that slaves who provide information (informers) are typically granted their freedom as a reward.	10.0	Antiphon	On the Murder of Herodes	-500	5	0	Canonical societal group; the author describes a contemporary social custom.	5	The right to manumission is a fundamental bodily entitlement and freedom.	4	Slave status is a legal/structural birth-status, very hard to change.	4	Right to manumission is a major recognizable right.	tlg0028.tlg005	4	Freedom
tlg0028.tlg006.perseus-eng2#5	tlg0028.tlg006.perseus-eng2	Freedom	Slaves as legal evidence	Slaves	Right to refuse testimony	LESS	[§27] Suppose that the offer had come from them. Then had I refused to disclose who the eyewitnesses were: had I refused to hand over my servants at their request... they would be claiming that those facts in themselves afforded to my detriment the strongest presumption of the truth of their charge.	1	1	In Athenian law, a master was expected to 'hand over' his slaves (servants) for judicial examination; refusing to do so created a legal presumption of guilt, meaning slaves lacked the right to be withheld from the legal process.	9.0	Antiphon	On the Choreutes	-500	5	0	Canonical societal group; the author describes a contemporary legal expectation.	4	The right to refuse testimony is a concrete legal right with direct material effect.	4	Slavery is a legal status, very hard to change, often hereditary or imposed by conquest.	3	The right to refuse testimony is a specific but broadly applicable legal protection.	tlg0028.tlg006	4	Freedom
tlg0028.tlg006.perseus-eng2#1	tlg0028.tlg006.perseus-eng2	Freedom	Religious purification after killing	Slave owners	Protection from ritual pollution	LESS	[§4] So powerful is the compulsion of the law, that even if a man slays one who is his own chattel and who has none to avenge him, his fear of the ordinances of god and of man causes him to purify himself and withhold himself from those places prescribed by law, in the hope that by so doing he will best avoid disaster.	1	1	Even when killing their own property (a slave), the law and religious norms require the individual to undergo purification and restrict their movement, indicating that ownership does not exempt one from the laws regarding pollution.	9.0	Antiphon	On the Choreutes	-500	3	0	Borderline specific group (slave owners); the author describes a contemporary religious and legal norm.	2	Protection from ritual pollution is a role-based access with weak material payoff.	3	Slave ownership is an acquired status, changeable with effort (e.g., selling slaves).	2	Protection from ritual pollution is tied to a specific religious procedure.	tlg0028.tlg006	4	Freedom
tlg0028.tlg006.perseus-eng2#3	tlg0028.tlg006.perseus-eng2	Freedom	Free men legal questioning	Free men	Protection from torture during legal proceedings	MORE	[§23] Let him take with him as many witnesses as he liked: let him go to the persons who had been present at the accident (I specified them by name): and let him interrogate and cross-examine them. Let him question the free men as befitted free men; for their own sakes and in the interests of justice, they would give a faithful account of what had occurred.	1	1	The text distinguishes the method of obtaining evidence from free men versus slaves; free men are questioned without physical coercion as befits their status.	9.0	Antiphon	On the Choreutes	-500	5	0	Canonical societal group; the author describes a contemporary legal distinction.	5	Protection from torture during legal proceedings is a bodily entitlement.	4	Being a free man is a legal status, often birth-fixed, very hard to change.	3	Protection from torture during legal proceedings is a specific but broadly applicable legal protection.	tlg0028.tlg006	4	Freedom
tlg0719.tlg001.perseus-eng2#13	tlg0719.tlg001.perseus-eng2	Gender	Pre-menstrual female vulnerability to ulcers	girls	Protection from tonsil ulceration	LESS	[§6] and these diseases are familiar to girls until they have their menstrual purgation.	1	1	The author distinguishes a specific demographic group (pre-pubescent girls) as being particularly susceptible to these throat diseases until the biological milestone of menstruation.	9.0	Aretaeus of Cappadocia	On the causes and signs of acute and chronic diseases	135	4	0	Broad societal group (age and gender); the author describes a contemporary medical observation.	3	Protection from tonsil ulceration directly impacts health and bodily function, a tangible outcome.	5	Girls are defined by age and sex, both biologically fixed traits.	1	Protection from tonsil ulceration is hyper-specific to one condition.	tlg0719.tlg001	3	Gender
tlg0557.tlg002.perseus-eng4#7	tlg0557.tlg002.perseus-eng4	Gender	Premarital chastity for men	Men	Freedom of sexual conduct	LESS	[§33] Before marriage, guard yourself with all your ability from unlawful intercourse with women; yet be not uncharitable or severe to those who are led into this, nor frequently boast that you yourself do otherwise.	1	1	Epictetus outlines a behavioral rule for men specifically regarding 'unlawful' sexual activity prior to marriage.	8.0	Epictetus	Enchiridion of Epictetus	85	5	0	Canonical societal group; the rule describes a contemporary moral expectation for men.	1	Freedom of sexual conduct is primarily a matter of personal behavior and moral choice, not direct material effect.	1	Defined by a choice/action (premarital chastity), which is behavioural.	3	Freedom of sexual conduct is a specific but broadly applicable social freedom.	tlg0557.tlg002	3	Gender
tlg1419.tlg001.perseus-eng1#130	tlg1419.tlg001.perseus-eng1	Gender	Maiden maintenance of the tower	Women	Right to perform construction and maintenance	MORE	[§695] [2] ...So he filled up the marks of the stones which had gone into the building, and commanded all round the tower to be swept, and be made clean. [§696] [3] And the maidens took brooms and swept, and they took away all the dirt from the tower and sprinkled water, and the place of the tower became joyful and very beautiful.	1	1	The text describes a regular labor division where 'maidens' (young women) are the ones specifically commanded and empowered to handle the final structural fitting and the purification/cleaning of the tower site.	9.0	Hermas	The Shepherd of Hermas	150	5	0	Canonical societal group based on gender; the author describes a contemporary religious allegory.	3	Performing construction and maintenance is access to a social role with tangible outcomes.	5	Maidens are young women, a sex and age-defined group, biologically fixed.	2	Right to perform construction and maintenance is tied to a particular institution and setting.	tlg1419.tlg001	3	Gender
tlg0627.tlg006.perseus-eng4#14	tlg0627.tlg006.perseus-eng4	Gender	Female specific morbidity	Women	Protection from uterine pain	LESS	[§15] Women have both these symptoms and pains in the womb.	1	1	The author distinguishes women as a group experiencing a specific medical burden (pains in the womb) during these illnesses, representing a lack of protection from gender-specific health complications.	10.0	Hippocrates	Epidemics	-465	5	0	The group 'Women' is a canonical societal group; the author describes contemporary medical observations.	3	Protection from uterine pain has tangible outcomes for bodily comfort and health.	5	Women is a sex-defined group; membership is biologically fixed.	3	Protection from uterine pain is a specific but broadly applicable protection.	tlg0627.tlg006	3	Gender
tlg0627.tlg010.perseus-eng2#14	tlg0627.tlg010.perseus-eng2	Gender	Preferred attendants for bone setting	Women	Access to medical caregiving roles	MORE	[§37] Either of the fingers is to be placed firmly along the whole nose, and thus it is to be gently held, and steadily, if possible until it become firm, but if not, he himself is to hold it for as long a time as possible, or if he cannot, a child or woman should do it, for the hands ought to be soft.	1	1	The author specifies that women (and children) are the preferred group to assist in the manual stabilization of a fractured nose because of the physical trait of having soft hands, which is presented as a clinical requirement for this specific treatment.	9.0	Hippocrates	The Art	-465	5	0	The group 'Women' is a canonical gender-based societal group; the author describes contemporary medical practices.	3	Access to medical caregiving roles is a social role with tangible outcomes (assisting in treatment).	5	Women are defined by sex, a strictly immutable biological trait.	3	Access to medical caregiving roles is a specific but recurring societal role.	tlg0627.tlg010	3	Gender
tlg0719.tlg003.perseus-eng2#6	tlg0719.tlg003.perseus-eng2	Health	Phrenetic restriction of visual stimulation	Persons in phrensy	Access to decorated environments	LESS	[§3] The walls should be smooth, level, without projections, not adorned with frieze or paintings; for painting on a wall is an excitant.	1	1	The text establishes a medical rule for the management of patients with phrenitis, specifically mandating the removal of visual stimuli like paintings and architectural projections to prevent delirium.	10.0	Aretaeus of Cappadocia	On the causes and signs of acute and chronic diseases	135	3	0	Specific group defined by health status; the author describes contemporary medical observations.	3	Access to specific environmental conditions (decorated vs. plain) impacts therapeutic outcomes.	2	Being in phrensy is a temporary condition; one can recover.	2	Access to decorated environments is tied to a particular setting.	tlg0719.tlg003	3	Health
tlg0057.tlg010.perseus-eng2#28	tlg0057.tlg010.perseus-eng2	Health	Honey benefit for phlegmatic patients	phlegmatic patients	Access to honey as nutriment	MORE	honey is good for an old man and not for a young one, that it is harmful for those who are naturally bilious, and serviceable for those who are phlegmatic.	1	1	Phlegmatic individuals (defined by the cold/moist humor) are granted positive medical access to honey as an appropriate resource for their health.	10.0	Galen	On the Natural Faculties	164	4	0	Broad health-defined group; the rule describes a contemporary medical norm.	5	Access to nutriment directly impacts bodily health and subsistence.	3	Being 'phlegmatic' is a health condition, changeable with effort/treatment.	2	Access to honey as nutriment is a specific dietary resource.	tlg0057.tlg010	3	Health
tlg0057.tlg010.perseus-eng2#57	tlg0057.tlg010.perseus-eng2	Health	Disinclined eater food rejection	People disinclined for food	Ability to retain nourishment	LESS	[§35] This may often be clearly in those who are disinclined for food; when obliged to eat, they have not the strength to swallow, and, even if they force themselves to do so, they cannot retain the food, but at vomit it up.	1	1	Galen describes a specific physiological/health state (disinclination/aversion) that prevents the group from successfully retaining ingested food, which is a necessary resource for nourishment.	8.0	Galen	On the Natural Faculties	164	3	0	Specific health status; the author describes a contemporary medical observation.	5	Ability to retain nourishment is a fundamental bodily capacity for survival.	3	Disinclination for food is a health or psychological state, potentially changeable.	3	Ability to retain nourishment is a specific but broadly applicable bodily function.	tlg0057.tlg010	3	Health
tlg1419.tlg001.perseus-eng1#39	tlg1419.tlg001.perseus-eng1	Health	Innocence of distressed recipients	destitute people	Protection from legal/spiritual penalty for receiving aid	MORE	[§196] Those then who receive shall render an account to God why they received it and for what. For those who accepted through distress shall not be punished, but those who accepted in hypocrisy shall pay the penalty.	1	1	Individuals who receive charity due to physical or material distress are granted an exemption from spiritual punishment, whereas those receiving it under false pretenses are penalized.	8.0	Hermas	The Shepherd of Hermas	150	4	0	Broad, still usable group; the rule describes a contemporary social and religious norm.	4	Protection from legal/spiritual penalty has direct material effect on well-being.	3	Wealth bracket (destitute) is changeable with effort but is a durable social identity.	3	Protection from legal/spiritual penalty is a specific but broadly applicable protection.	tlg1419.tlg001	3	Health
tlg0627.tlg004.perseus-eng2#21	tlg0627.tlg004.perseus-eng2	Health	Prohibition of purging in thin urine	the patient	Protection from aggressive purgative medicine	MORE	[§26] but when the urine at first is thin, do not purge such patients, but, if thought necessary, give a clyster; such patients should be thus treated; they should be kept in a quiet state, have unguents applied to them, and be covered up properly with clothes.	1	1	The rule provides protection for a specific class of patients (those with thin urine) from the harm of internal purgative medicines, mandating gentler treatments instead.	9.0	Hippocrates	Regimen in acute diseases	-465	5	0	The group 'the patient' is a broad societal category, and the rule describes contemporary medical protection.	5	Protection from aggressive purgative medicine directly impacts bodily integrity and health.	2	Being 'the patient' is a temporary role during illness.	2	Protection from aggressive purgative medicine is a narrowly scoped medical protection.	tlg0627.tlg004	3	Health
tlg0017.tlg003.perseus-eng2#2	tlg0017.tlg003.perseus-eng2	Lineage	Daughter's right to paternal inheritance	Legitimate daughters	Right to inherit property directly	MORE	[§4] [3] When our mother, the sister of Pyrrhus, claimed the estate, the legal representative of the woman who was suing for the estate had the audacity to put in a protestation that the estate was not adjudicable to our mother, because Pyrrhus, to whom it originally belonged, had a legitimate daughter.	1	1	The legal protestation (diamartyria) relies on the rule that the existence of a legitimate daughter excludes other relatives (like a sister) from the inheritance.	10.0	Isaeus	On the Estate of Pyrrhos	-384	4	0	Broad societal group defined by status; the author discusses a contemporary inheritance dispute.	5	Right to inherit property directly is a tangible wealth entitlement.	5	Daughter is a lineage/family membership, a birth-fixed trait.	5	The right to inherit property is a foundational societal good related to wealth.	tlg0017.tlg003	4	Lineage
tlg0017.tlg003.perseus-eng2#13	tlg0017.tlg003.perseus-eng2	Lineage	Next-of-kin power over married daughters	Women	Protection from marital separation by kin	LESS	[§65] The law ordains that daughters who have been given in marriage by their father and are living with their husbands ... shall, if their father dies without leaving them legitimate brothers, pass into the legal power of their next-of-kin; and indeed it has frequently happened that husbands have been thus deprived of their own wives.	1	1	Under the epikleros law, if a man dies without sons, his daughter (even if already married) falls under the authority of his nearest male relative, who has the right to marry her and take the estate, potentially dissolving her existing marriage.	10.0	Isaeus	On the Estate of Pyrrhos	-384	5	0	Canonical societal group; the author describes a contemporary legal rule impacting married women.	4	Protection from marital separation by kin affects a concrete legal right (marriage).	5	Women is a sex-defined group; membership is biologically fixed.	3	Protection from marital separation by kin is a specific but recurring legal protection.	tlg0017.tlg003	4	Lineage
tlg0017.tlg003.perseus-eng2#12	tlg0017.tlg003.perseus-eng2	Lineage	Mandatory adjudication for adopted sons	Male heirs	Right to immediate possession of estate	LESS	[§61] ...when testators adopt children by will, such children must obtain an adjudication of what is bequeathed to them. ... [§62] In order, therefore, that suits for such estates may not be brought by any chance claimant ... adopted sons apply to the court for an adjudication.	1	1	Adopted sons are distinguished from biological sons by the legal requirement to have their inheritance validated by a court to prevent challenges from blood relatives.	9.0	Isaeus	On the Estate of Pyrrhos	-384	4	0	Broad societal group defined by status; the author describes a contemporary legal requirement.	5	Right to immediate possession of estate is a tangible wealth entitlement.	3	Adopted son status is changeable with effort, but a durable social identity.	5	The right to immediate possession of an estate is a foundational societal good.	tlg0017.tlg003	4	Lineage
tlg0017.tlg006.perseus-eng2#7	tlg0017.tlg006.perseus-eng2	Lineage	Bastard exclusion from family property	Bastards (male or female)	Right to inherit family property	LESS	[§48] Thus the contrary has been done of that which the law has prescribed; for according to the law no male or female bastard has any right, based on kinship, to participate in the cults or property of a family since the archonship of Eucleides.	1	1	The text explicitly cites a law from the archonship of Eucleides that bars children born out of wedlock from inheriting family property or participating in religious cults.	10.0	Isaeus	On the Estate of Philoctemones	-384	4	0	The group is a broad societal category, and the rule describes a contemporary legal exclusion.	4	The right to inherit family property is a concrete legal right with direct material effect.	4	Bastardy is a legal birth-status, very hard to change.	5	Right to inherit family property is a foundational aspect of wealth and legal standing.	tlg0017.tlg006	4	Lineage
tlg0540.tlg013.perseus-eng2#11	tlg0540.tlg013.perseus-eng2	Lineage	Adoptive son maintenance obligations	Adopted sons	Right to retain adoptive father's assets	LESS	[§91] he who robbed his adoptive father of the means that he possessed is certainly, on this one score, as provided by the law of such maltreatment, deserving of the penalty of death.	1	1	The author references a specific law regarding the 'maltreatment' of parents (including adoptive ones), indicating that an adopted individual loses the right to their life/freedom if they deplete the resources of the father who took them in.	8.0	Lysias	Against Agoratus	-409	3	0	Borderline specific group; the rule describes a contemporary Athenian legal obligation for adopted sons.	5	Right to retain assets and protection from a death penalty directly impacts wealth and bodily entitlement.	4	Adopted son status is a legal birth-status, very hard to change.	3	Retaining adoptive father's assets is a specific but broadly applicable legal protection.	tlg0540.tlg013	4	Lineage
tlg0086.tlg010.perseus-eng2#110	tlg0086.tlg010.perseus-eng2	Nobility	Aristocratic lineage criterion	Nobility	Right to distributive shares	MORE	All are agreed that justice in distributions must be based on desert of some sort... those of oligarchical sympathies wealth, or in other cases birth.	1	1	Aristotle notes that in certain regimes, 'birth' (lineage/nobility) is the standard for distributing honors and wealth.	9.0	Aristotle	Nicomachean Ethics	-348	4	0	Broad, still usable group; Aristotle describes contemporary political criteria for nobility.	5	Distributive shares imply access to tangible goods or wealth.	4	Nobility is a hereditary birth-status, very hard to change.	5	Right to distributive shares (wealth/property) is a foundational societal good.	tlg0086.tlg010	3	Nobility
tlg0086.tlg010.perseus-eng2#272	tlg0086.tlg010.perseus-eng2	Nobility	Inferior group moral degradation	People of inferior status	Protection from moral degradation	LESS	[§1223] Thus the friendship of inferior people is evil, for they take part together in inferior pursuits [being unstable,] and by becoming like each other are made positively evil.	1	0	The text identifies a specific class ('inferior people') and notes that their social interactions result in the loss of moral standing ('made positively evil'), implying they lack the resource of safe or elevating social partnership available to higher classes.	7.0	Aristotle	Nicomachean Ethics	-348	4	0	Broad societal group defined by status; the author describes a contemporary social dynamic.	1	Protection from moral degradation is an abstract, internal trait.	3	Inferior status, while not strictly immutable, is a durable social identity.	4	Protection from moral degradation is a broad category of personal well-being.	tlg0086.tlg010	3	Nobility
tlg0086.tlg010.perseus-eng2#98	tlg0086.tlg010.perseus-eng2	Nobility	Deference to high position	Men of high position	Social deference	MORE	[§594] And he will comport himself differently with men of high position and with ordinary people, with persons more and less well known to him, and similarly as regards other distinctions, assigning to each class the proper degree of deference...	1	1	The text explicitly states that social rules require assigning different degrees of deference based on whether a person is of high position or an ordinary person.	10.0	Aristotle	Nicomachean Ethics	-348	4	0	Broad, still usable group; Aristotle describes contemporary social deference based on status.	2	Social deference is a status-based resource with weak material payoff.	3	High position is a social status, changeable with effort but durable.	3	Social deference is a specific but broadly applicable social protection.	tlg0086.tlg010	3	Nobility
tlg0086.tlg035.perseus-eng2#216	tlg0086.tlg035.perseus-eng2	Nobility	Royal selection by lineage	Noble families	Eligibility for kingship	MORE	[§127] royalty has come into existence for the assistance of the distinguished against the people, and a king is appointed from those distinguished by superiority in virtue or the actions that spring from virtue, or by superiority in coming from a family of that character	1	1	Aristotle describes the criteria for royal appointment, noting that high lineage (family character) grants access to the resource of kingship.	9.0	Aristotle	Politics	-348	4	0	The group 'Noble families' is broad; Aristotle describes contemporary criteria for kingship.	3	Eligibility for kingship is access to a social role with significant tangible outcomes.	5	Noble families are defined by lineage, a birth-fixed trait.	5	Eligibility for kingship is a high-level societal good (political power).	tlg0086.tlg035	3	Nobility
tlg0086.tlg035.perseus-eng2#201	tlg0086.tlg035.perseus-eng2	Nobility	Magistracy access via election	Eupatridae	Eligibility for the archonship	LESS	[§116] And revolutions also take place from the ancestral form of democracy to one of the most modern kind; for where the magistracies are elective, but not on property-assessments, and the people elect, men ambitious of office by acting as popular leaders bring things to the point of the people’s being sovereign even over the laws.	1	1	Aristotle observes that when property qualifications are removed and elections become purely popular, the traditional elite (notables/Eupatridae) lose their exclusive or protected access to high office.	9.0	Aristotle	Politics	-348	3	0	Eupatridae is a specific historical group; the author describes contemporary political systems.	4	Eligibility for the magistracy is a concrete legal right with direct material effects on power and status.	4	Eupatridae refers to noble birth, a legal/structural birth-status.	4	Eligibility for the archonship is a broad category of political participation.	tlg0086.tlg035	3	Nobility
tlg0014.tlg019.perseus-eng2#37	tlg0014.tlg019.perseus-eng2	Occupation	Low-status occupation leadership restriction	Minor clerks and artisans	Eligibility for military and diplomatic commands	LESS	[§232] [237] ...although you, Philochares, were a painter of alabaster boxes and tambourines, and your brothers ordinary people, junior clerks and the like,—respectable occupations, but hardly suitable for commanding officers,—we, I say, dignified you with embassies, commands as generals, and other high distinctions.	1	1	The text highlights a social norm where individuals from 'ordinary' or manual occupations were generally considered unsuitable for high-ranking military or diplomatic roles, though the assembly could override this.	9.0	Demosthenes	On the False Embassy	-348	3	0	The group is a specific profession; the author describes a contemporary social norm regarding suitability for office.	3	Eligibility for military and diplomatic commands is access to a social role with tangible outcomes.	3	Occupation is acquired through training, changeable with effort but a durable social identity.	3	Eligibility for military and diplomatic commands is specific but broadly applicable to civic roles.	tlg0014.tlg019	4	Occupation
tlg0014.tlg019.perseus-eng2#60	tlg0014.tlg019.perseus-eng2	Occupation	Speaker's dependence on audience attention	Public speakers	Ability to exercise oratorical influence	LESS	[§335] [340] Now other forms of ability are almost wholly independent of conditions; but the ability of the speaker is paralyzed by the recalcitrance of his audience. Listen to him, then, as to a knave and a bribe-taker, who will have no truthful word to utter.	1	0	While presented as an observation, it describes a normative convention in Athenian courts where the audience/jury has the power to effectively 'paralyze' or strip a speaker of their primary resource (persuasion) by refusing to listen.	7.0	Demosthenes	On the False Embassy	-348	3	0	Specific professional role; the author makes a contemporary observation about rhetoric.	3	Oratorical influence is a social role with tangible outcomes in legal proceedings.	3	Public speaker is an occupation/profession acquired through training, a durable social identity.	3	Oratorical influence is a specific but recurring social and political resource.	tlg0014.tlg019	4	Occupation
tlg0014.tlg019.perseus-eng2#1	tlg0014.tlg019.perseus-eng2	Occupation	Magistrate accountability audit (dokimasia)	Wealthy citizens	Exemption from perpetual responsibility	LESS	[§2] Now I observe that men who enter public life with honest intentions, even after they have submitted to scrutiny, do still acknowledge a perpetual responsibility.	1	1	The 'scrutiny' (dokimasia) and subsequent responsibility mention a legal standard in Athens where those entering and exiting public office remain liable to the people for their actions during their term.	9.0	Demosthenes	On the False Embassy	-348	4	0	The group is broad (wealthy citizens in public life); the author describes a contemporary legal standard for officials.	4	Exemption from perpetual responsibility is a concrete legal right with direct material effect.	3	Entering public life/magistracy is an occupation/role, changeable with effort.	3	Exemption from perpetual responsibility is a specific but broadly applicable legal protection.	tlg0014.tlg019	4	Occupation
tlg0014.tlg019.perseus-eng2#6	tlg0014.tlg019.perseus-eng2	Occupation	Ambassadorial right to vote of thanks	ambassadors	Official vote of thanks	MORE	[§31] [...] and also that the Council, not being debarred from hearing the truth from me, did not give these men either a vote of thanks, or an invitation to the public dinner in the Town Hall. We are told that these compliments had never before been withheld from any ambassadors since the foundation of Athens—not even from Timagoras, whom the Assembly condemned to death.	1	1	Demosthenes explicitly mentions that a vote of thanks is a standard 'compliment' granted to ambassadors by the Council, citing it as an established practice since the city's foundation.	10.0	Demosthenes	On the False Embassy	-348	3	0	Specific professional group; the rule describes a long-standing custom in the author's time.	2	An official vote of thanks is a ceremonial honor with weak material payoff.	3	Ambassador is an occupation/role, changeable with effort and appointment.	2	An official vote of thanks is a specific, narrowly scoped honor.	tlg0014.tlg019	4	Occupation
tlg0014.tlg019.perseus-eng2#52	tlg0014.tlg019.perseus-eng2	Occupation	Clerk access to high office	Clerks	Political consideration	LESS	[§309] Before he did all that mischief to the commonwealth, he used to admit that he had been a clerk; he was grateful to you for his appointments; his demeanor was quite modest. | [§309] If a man speaks of Aeschines, the man who was once a clerk, he makes a private quarrel of it, and talks of defamation of character.	1	1	The text implies that being identified as a clerk is considered a lower social status (humble/modest) compared to high political roles, and being reminded of it is seen as a social slight or defamation.	8.0	Demosthenes	On the False Embassy	-348	3	0	The group 'clerks' is a specific profession; the author describes a contemporary social perception of status.	1	Political consideration is primarily symbolic and abstract, with weak material payoff.	3	Clerk is an occupation acquired through training, changeable with effort.	3	Political consideration is specific but broadly applicable to civic participation.	tlg0014.tlg019	4	Occupation
tlg1419.tlg001.perseus-eng1#100	tlg1419.tlg001.perseus-eng1	Religion	Crowning of martyrs and confessors	Martyrs for the law	Right to be crowned	MORE	[§528] Who then, Sir, said I, are they who were crowned and went into the tower? All those, said he, who wrestled with the devil and conquered him, have been crowned. These are they who suffered for the law.	1	1	The text establishes a specific reward—the crown of palm leaves—for those who physically suffered for their religious adherence, distinguishing them from other believers.	10.0	Hermas	The Shepherd of Hermas	150	4	0	The group 'Martyrs for the law' is broad; the author describes a contemporary religious reward.	2	Being crowned is a ceremonial honour with symbolic value, weak material payoff.	1	Defined by actions (wrestling with devil, suffering for law) which are choices.	2	Right to be crowned is a specific civic/religious award.	tlg1419.tlg001	3	Religion
tlg1419.tlg001.perseus-eng1#95	tlg1419.tlg001.perseus-eng1	Religion	Right to repent for non-blasphemous sinners	Non-blasphemous sinners	Right to repent	MORE	[§495] [4] But the sheep which you see not skipping, but feeding in one place, these are they who have given themselves up to luxury and deceit, but have uttered no blasphemy against the Lord. These then have been corrupted from the truth; in them there is hope of repentance, in which they can live.	1	1	The passage differentiates between two types of religious offenders, granting the 'resource' of hope for repentance specifically to those who did not commit blasphemy.	9.0	Hermas	The Shepherd of Hermas	150	4	0	The group 'Non-blasphemous sinners' is broad; the author describes a contemporary religious distinction.	1	The right to repent is a spiritual and abstract resource.	1	Defined by an action (not blaspheming) and a choice (repentance).	3	Right to repent is specific but broadly applicable in a religious context.	tlg1419.tlg001	3	Religion
tlg1419.tlg001.perseus-eng1#94	tlg1419.tlg001.perseus-eng1	Religion	Exclusion from repentance for blasphemy	Blasphemers	Right to repent	LESS	[§494] [3] Listen, he said, the sheep which you see joyful and skipping, these are those which have been torn away from God completely, and have given themselves up to the lusts of this world. For these, then, there is no repentance of life, because they added to their sins and blasphemed against the name of God. Such men incur death.	1	1	The text establishes a specific religious rule where a subgroup of sinners (those who blaspheme) are permanently excluded from the possibility of repentance, leading to 'death' rather than the 'corruption' which allows for renewal.	10.0	Hermas	The Shepherd of Hermas	150	4	0	The group 'Blasphemers' is broad; the author describes a contemporary religious consequence.	1	The right to repent is a spiritual and abstract resource.	1	Defined by an action (blasphemy) which is a choice.	3	Right to repent is specific but broadly applicable in a religious context.	tlg1419.tlg001	3	Religion
tlg1419.tlg001.perseus-eng1#104	tlg1419.tlg001.perseus-eng1	Religion	Protection of the Divine Name	Hypocritical penitents	Right to repent	LESS	[§528] But in whom he saw guile and wickedness, that they would repent with hypocrisy, to them he gave no repentance, lest they should again defile his name.	1	1	Repentance is a resource provided by the shepherd/angel, but it is explicitly withheld from those judged to be hypocritical to prevent and protect against further religious defilement.	9.0	Hermas	The Shepherd of Hermas	150	4	0	The group 'Hypocritical penitents' is broad; the author describes a contemporary religious judgment.	1	The right to repent is a spiritual and abstract resource.	1	Defined by an internal state (guile, wickedness) and an action (hypocritical repentance).	3	Right to repent is specific but broadly applicable in a religious context.	tlg1419.tlg001	3	Religion
tlg1443.tlg001.perseus-eng1#40	tlg1443.tlg001.perseus-eng1	Religion	Exclusion of heretics from fellowship	Unbelievers	Right to social and communal reception	LESS	[§250] But I guard you in advance against beasts in the form of men, whom you must not only not receive, but if it is possible not even meet, but only pray for them, if perchance they may repent, difficult though that be,—but Jesus Christ who is our true life has the power over this.	1	1	The author establishes a communal rule regarding individuals held to have 'strange opinions' or who 'deny' the nature of Christ, explicitly commanding the congregation to deny them reception or even social meetings.	9.0	Ignatius of Antioch	Epistle of Ignatius to the Trallians	70	5	0	Canonical societal group defined by belief; describes a contemporary social norm.	3	Right to social and communal reception affects access to community and its tangible benefits.	3	Unbelievers/heretics are defined by their religious beliefs, which can change with effort.	3	Right to social and communal reception is a specific but broadly applicable protection.	tlg1443.tlg001	3	Religion
tlg0026.tlg001.perseus-eng2#17	tlg0026.tlg001.perseus-eng2	Wealth / Properties	Liturgy and public service obligation	Wealthy citizens	Exemption from public financial burdens	LESS	[§56] This Hegesandrus... had at that time sailed to the Hellespont as treasurer to the general Timomachus... and he returned, having made the most... of the simple-mindedness of the general, for he had in his possession no less than eighty minas of silver.	1	1	While the passage describes a specific instance of corruption, it refers to the established office of 'treasurer to the general,' a role assigned to citizens of sufficient means to manage state/military finances.	7.0	Aeschines	Against Timarchus	-354	4	0	The group 'wealthy citizens' is broad and societal; the rule describes a contemporary public service obligation.	3	Exemption from public financial burdens is access to a social role with tangible outcomes.	3	Wealth is changeable with effort, and citizenship is a durable status.	4	Exemption from public financial burdens is a broad category of economic right.	tlg0026.tlg001	4	Wealth / Properties
tlg0026.tlg001.perseus-eng2#11	tlg0026.tlg001.perseus-eng2	Wealth / Properties	Patrimony squandering restriction	Wealthy citizens	Right to address the assembly	LESS	[§30] Or the man, he says, who has squandered his patrimony or other inheritance. For he believed that the man who has mismanaged his own household will handle the affairs of the city in like manner.	1	1	The lawgiver excludes citizens who have wasted their inherited wealth from the public speaker's platform.	10.0	Aeschines	Against Timarchus	-354	4	0	The group 'wealthy citizens' is broad and societal; the rule describes a contemporary restriction based on financial management.	3	Right to address the assembly is access to a social practice with tangible outcomes.	4	Citizenship is a legal status, but the exclusion is based on behavior (squandering patrimony).	5	The right to address the assembly is a fundamental aspect of political voice.	tlg0026.tlg001	4	Wealth / Properties
tlg0086.tlg035.perseus-eng2#132	tlg0086.tlg035.perseus-eng2	Wealth / Properties	High property qualification for office	The rich	Eligibility for the archonship	MORE	[§80] Of the kinds of oligarchy, one is for the magistracies to be appointed from property-assessments so high that the poor who are the majority have no share in the government, but for the man who acquires the requisite amount of property to be allowed to take part in it.	1	1	Aristotle describes a specific form of oligarchy where access to political power and magistracies is strictly tied to reaching a high wealth threshold, effectively excluding the poor.	10.0	Aristotle	Politics	-348	5	0	Canonical societal group; Aristotle describes contemporary political structures.	3	Access to archonship is a social role with tangible outcomes in governance.	3	Wealth can be acquired or lost, making 'rich' a changeable status, though with effort.	5	Eligibility for archonship is a high-level political power, a foundational societal axis.	tlg0086.tlg035	3	Wealth / Properties
tlg1216.tlg001.perseus-eng1#27	tlg1216.tlg001.perseus-eng1	Wealth / Properties	Wealthy obligation to the poor	Wealthy citizens	Right to retain exclusive property	LESS	[§198] Thou shalt share all things with thy neighbour and shall not say that they are thy own property; for if you are sharers in that which is incorruptible, how much more in that which is corruptible?	1	1	The passage establishes a rule of communal sharing that reduces the wealthy's right to exclusive ownership of material resources.	9.0	Barnabas	Epistle of Barnabas	36	4	0	Broad societal group; the author describes a contemporary ethical obligation.	5	The right to retain exclusive property is a tangible wealth entitlement.	3	Wealth bracket is changeable with effort but a durable social identity.	5	Right to retain exclusive property is a foundational societal good.	tlg1216.tlg001	3	Wealth / Properties
tlg1216.tlg001.perseus-eng1#28	tlg1216.tlg001.perseus-eng1	Wealth / Properties	Advocacy for the rich	The poor	Right to impartial justice	LESS	[§203] ...advocates of the rich, unjust judges of the poor, altogether sinful.	1	1	The author identifies the lack of impartial justice for the poor ('unjust judges') as a hallmark of the 'Way of the Black One', implying a societal rule or common practice that favors the wealthy.	8.0	Barnabas	Epistle of Barnabas	36	5	0	Canonical societal group; the author describes a contemporary social injustice.	4	Right to impartial justice is a concrete legal right with direct material effect.	3	Poverty is a wealth bracket, changeable with effort but a durable social identity.	5	Right to impartial justice is a foundational legal standing.	tlg1216.tlg001	3	Wealth / Properties
