rule_uid	file_id	criteria	rule	group	resource	directionality	verbatim	contemporary	factuality	reasoning	confidence	author	work_title	impact_year	group_specificity	is_historical	secondary_reasoning	resource_materiality	materiality_reasoning	group_immutability	immutability_reasoning	resource_generality	resource_generality_reasoning	resource_persistence	persistence_reasoning	tautological	tautology_reasoning	perseus_id	work_factuality	sampled_for
tlg0026.tlg001.perseus-eng2#1	tlg0026.tlg001.perseus-eng2	Age	Adult exclusion from boy competitions	adult men	Right to enter youth athletic contests	LESS	[§12] Law [...] The superintendents of the gymnasia shall under no conditions allow any one who has reached the age of manhood to enter the contests of Hermes together with the boys.	1	1	The law explicitly forbids adult men from participating in athletic contests designated for boys to prevent inappropriate contact.	10.0	Aeschines	Against Timarchus	-354	4	0	The group 'adult men' is broad; the author describes a contemporary law regarding athletic contests.	3	Right to enter contests is access to a social practice with tangible outcomes.	3	Adult men are defined by age, which changes over time, but is a durable social identity.	2	Right to enter youth athletic contests is narrowly scoped to a particular institution and event.	3	Eligibility for youth contests is tied to the life stage of not having reached manhood.	0	Eligibility for athletic contests is a legal/social rule, not inherent to being an adult man.	tlg0026.tlg001	4	Age
tlg0026.tlg001.perseus-eng2#2	tlg0026.tlg001.perseus-eng2	Age	Choregus minimum age requirement	men under forty	Eligibility for the choregia	LESS	[§11] He prescribes, namely, that the choregus, a man who is going to spend his own money for your entertainment, shall be a man of more than forty years of age when he performs this service, in order that he may have reached the most temperate time of life before he comes into contact with your children.	1	1	The law restricts the office of choregus to men over forty to ensure the moral safety of children in the chorus.	10.0	Aeschines	Against Timarchus	-354	4	0	The group 'men under forty' is broad; the author describes a contemporary law regarding the choregia.	3	Eligibility for a public office is access to a social role with tangible outcomes.	3	Age is a life stage, changeable over time, but a durable social identity.	2	Eligibility for the choregia is narrowly scoped to a specific civic award/role.	3	Eligibility for the choregia is tied to a specific age, a life stage.	0	Eligibility for the choregia is a legal/social rule, not inherent to being a man under forty.	tlg0026.tlg001	4	Age
tlg0028.tlg005.perseus-eng2#14	tlg0028.tlg005.perseus-eng2	Age	Age-based legal disability	Young people	Right to defend oneself	LESS	[§79] my father is too old to help me: and I am far too young to be able to avenge myself as I should. [§80] You must help me: you must refuse to reach those who make a trade of prosecution to become more powerful than yourselves.	1	0	The speaker argues that his youth (and his father's extreme age) creates a deficit in his ability to use the legal system for 'vengeance' or defense, suggesting social and potentially legal disadvantages for the very young in adversarial proceedings.	7.0	Antiphon	On the Murder of Herodes	-500	5	0	Canonical societal group; the author describes a contemporary social and legal disadvantage.	3	The right to defend oneself is access to a social practice with tangible outcomes.	5	Age is a strictly immutable, biologically fixed trait.	3	The right to defend oneself is a specific but broadly applicable legal protection.	3	The ability to defend oneself is tied to life stages (youth, old age).	0	Age-based legal disability is a specific legal or social limitation, not inherent in the definition of 'young people'.	tlg0028.tlg005	4	Age
tlg1419.tlg001.perseus-eng1#3	tlg1419.tlg001.perseus-eng1	Age	Parental obligation to correct children	Parents	Right to exercise moral correction	MORE	[§17] But it is not for this that God is angry with you, but in order that you should convert your family, which has sinned against the Lord, and against you, their parents. But you are indulgent, and do not correct your family, but have allowed them to become corrupt. ... Do not cease, then, correcting your children, for I know that if they repent with all their heart, they will be inscribed in the books of life with the saints.	1	1	The text establishes a social and religious rule where parents are responsible for the moral conduct of their children and describes the failure to provide 'correction' as a cause for divine anger.	9.0	Hermas	The Shepherd of Hermas	150	4	0	Broad societal group; the author describes a contemporary parental obligation.	3	Exercising moral correction is a social role with tangible outcomes on family behavior.	3	Parental status is a durable social identity, though not strictly immutable.	4	Right to exercise moral correction is a broad category of parental authority.	3	Moral correction is a resource exercised during the period of raising children.	0	Parents are not defined by exercising moral correction; this is a specific parental duty.	tlg1419.tlg001	3	Age
tlg1419.tlg001.perseus-eng1#17	tlg1419.tlg001.perseus-eng1	Age	Seating priority for elders	Old people	Right to sit first	MORE	[§50] I said to her: Lady, let the elders sit first. She said: Do what I tell you, and sit down.	1	1	Hermas's invitation for the 'elders' to sit first reflects a standard social norm of age-based precedence which he attempts to follow even in the vision.	7.0	Hermas	The Shepherd of Hermas	150	5	0	The group 'Old people' is a canonical societal group; the author describes a contemporary social norm.	2	Seating priority is a ceremonial honor with weak material payoff.	5	Old people are defined by age, which is a strictly immutable biological trait.	3	Specific but broadly applicable social precedence.	2	The right to sit first is for a specific event or assembly, a brief episode.	0	The right to sit first is a social custom, not inherent in the definition of 'old people'.	tlg1419.tlg001	3	Age
tlg0019.tlg003.perseus-eng2#47	tlg0019.tlg003.perseus-eng2	Citizenship	Citizen right to legal summons	Citizens	Right to summon debtors to court	MORE	[§45] Pasias. [...] but will summon Strepsiades. [...] I will depart; and be assured of this, that I will make deposit against you, or may I live no longer!	1	1	Pasias, acting as a creditor, utilizes the legal mechanism of summoning a fellow-tribesman (Strepsiades) and making a financial deposit to initiate a lawsuit, a right reserved for citizens in the Athenian legal system.	9.0	Aristophanes	The Clouds	-409	5	0	The group 'Citizens' is a canonical societal group; the author describes contemporary legal rights.	4	The right to summon debtors to court is a concrete legal right with material effect.	4	Citizenship is a legal status, very hard to change (requires naturalisation or exile).	4	Right to summon debtors to court is a major recognizable right spanning many situations.	4	The right to summon debtors to court is a long-term civic right for citizens.	0	The right to summon debtors to court is a legal right, not inherent to being a citizen.	tlg0019.tlg003	3	Citizenship
tlg0014.tlg019.perseus-eng2#38	tlg0014.tlg019.perseus-eng2	Citizenship	Secret ballot protection	Citizens	Protection from public scrutiny of votes	MORE	[§234] [239] The legislator wisely discerned herein the essence of secret voting, that no suppliant shall know the name of the juror who has granted his prayer, but the gods and the divine spirit will know him who has cast an unrighteous vote.	1	1	The text describes the legal mechanism of the secret ballot which ensures that the specific choice of a juror/citizen remains unknown to the parties involved in a trial.	10.0	Demosthenes	On the False Embassy	-348	5	0	The group 'citizens' is a canonical societal group; the author describes a contemporary legal mechanism.	4	Protection from public scrutiny of votes is a concrete legal right with direct material effect.	4	Citizenship is a legal status, very hard to change, requiring naturalisation or exile.	3	Protection from public scrutiny of votes is a specific but broadly applicable legal protection.	4	Protection from scrutiny of votes is a long-term legal right, applicable to all voting instances.	0	Protection from public scrutiny of votes is a specific legal right, not inherent in the definition of 'citizens'.	tlg0014.tlg019	4	Citizenship
tlg0031.tlg005.perseus-eng2#41	tlg0031.tlg005.perseus-eng2	Citizenship	Roman protection from summary punishment	Roman Citizens	Protection from public beating without trial	MORE	[§611] But Paul said to them, 'They have beaten us publicly, without a trial, men who are Romans, and have cast us into prison! Do they now release us secretly? No, most assuredly, but let them come themselves and bring us out!' [§612] The sergeants reported these words to the magistrates, and they were afraid when they heard that they were Romans.	1	1	Paul invokes his status as a Roman citizen to highlight the illegality of his public beating and imprisonment without a trial. The fear of the magistrates confirms that Roman law provided specific protections against such treatment for citizens.	10.0	New Testament		100	4	0	Broad societal group; the rule describes a contemporary legal protection for Roman citizens.	4	Protection from public beating without trial is a concrete legal right with direct material effect.	4	Roman citizenship is a legal status, very hard to change (requires naturalization or exile).	5	Protection from public beating without trial is a fundamental aspect of bodily integrity and legal standing.	4	Protection from public beating is a long-term legal right of Roman citizens, revocable only by loss of citizenship.	0	Being a Roman citizen does not inherently mean one is protected from public beating; this is a specific legal right.	tlg0031.tlg005	3	Citizenship
tlg0031.tlg005.perseus-eng2#57	tlg0031.tlg005.perseus-eng2	Citizenship	Roman immunity from binding	Roman citizens	Protection from being bound	MORE	[§830] Immediately those who were about to examine him departed from him, and the commanding officer also was afraid when he realized that he was a Roman, because he had bound him.	1	1	The commanding officer's fear stems from the realization that even binding a Roman citizen for the purpose of examination (torture) was a violation of their rights and a punishable offense for the officer.	9.0	New Testament		100	5	0	Canonical societal group; the rule describes a contemporary legal protection.	5	Protection from being bound is a bodily entitlement, preventing physical restraint.	4	Roman citizenship is a legal status, very hard to change, often acquired by birth.	3	Protection from being bound is a specific but broadly applicable legal protection.	5	Protection from being bound is a lifelong right for Roman citizens.	0	Protection from being bound is a specific legal right, not inherent in the definition of 'Roman citizens'.	tlg0031.tlg005	3	Citizenship
tlg0031.tlg005.perseus-eng2#47	tlg0031.tlg005.perseus-eng2	Citizenship	Citizen assembly dispute resolution	Citizens	Right to settle matters in assembly	MORE	[§718] But if you seek anything about other matters, it will be settled in the regular assembly.	1	1	The text specifies that for general matters outside of private litigation, the 'regular assembly' (the ekklesia of citizens) is the proper legal venue for resolution.	9.0	New Testament		100	5	0	Canonical societal group; the rule describes a contemporary legal process.	3	Access to assembly for dispute resolution produces tangible outcomes for citizens.	4	Citizenship is a legal status, often acquired by birth, and very hard to change.	3	Right to settle matters in assembly is specific but recurring for a community.	3	The right to settle matters in assembly is tied to recurring assembly cycles.	0	The right to settle matters in assembly is a specific legal function, not merely a restatement of being a citizen.	tlg0031.tlg005	3	Citizenship
tlg0086.tlg010.perseus-eng2#4	tlg0086.tlg010.perseus-eng2	Education	Regulated citizen education	Citizens	Right to choose own education	LESS	[§14] for it is this [the science of Politics] that ordains which of the sciences are to exist in states, and what branches of knowledge the different classes of the citizens are to learn, and up to what point;	1	1	Aristotle describes politics as the master science that actively regulates and limits the education of different classes of citizens within the state, meaning the state (politics) determines what is learned rather than the individuals having total freedom of choice.	9.0	Aristotle	Nicomachean Ethics	-348	5	0	Canonical societal group; Aristotle describes a contemporary political function.	3	Right to choose education is access to a social practice with tangible outcomes.	4	Citizenship is a legal/structural birth-status, very hard to change.	5	Right to choose own education is a high-level societal good.	3	The right to choose education is bounded by state regulation, which can change over time or life stages.	0	Being a citizen does not inherently mean a lack of choice in education; this is a state-imposed regulation.	tlg0086.tlg010	3	Education
tlg0086.tlg010.perseus-eng2#252	tlg0086.tlg010.perseus-eng2	Education	Philosopher payment exemption	Great philosophers	Right to fixed monetary wages	LESS	[§1134] This is the principle on which it would seem that payment ought to be made to those who have imparted instruction in philosophy; for the value of their service is not measurable in money, and no honor paid them could be an equivalent, but no doubt all that can be expected is that to them... we should make such return as is in our Power.	1	0	Instruction in philosophy is treated as a service for which a legal or fixed market wage cannot be demanded (LESS access to standardized material compensation), replaced instead by discretionary 'honor' akin to what is given to gods.	8.0	Aristotle	Nicomachean Ethics	-348	3	0	Specific profession; author describes a contemporary norm.	4	Exemption from fixed monetary wages directly impacts financial compensation and material well-being.	3	Philosophers are defined by their profession, requiring training and intellectual pursuit.	3	Right to fixed monetary wages is a specific but broadly applicable legal protection.	4	The exemption from fixed monetary wages is a long-term professional status, potentially revocable.	0	The right to fixed monetary wages is an economic concept, not inherent in being a 'great philosopher'.	tlg0086.tlg010	3	Education
tlg1216.tlg001.perseus-eng1#6	tlg1216.tlg001.perseus-eng1	Education	Knowledge-based salvation eligibility	Educated Christians	Right to life and salvation	LESS	[§43] This means that a man deserves to perish who has a knowledge of the way of righteousness, but turns aside into the way of darkness.	1	0	The text establishes that possessing knowledge of religious 'righteousness' creates a specific liability; if those who are educated in the faith fail to follow it, they lose the right to salvation and deserve to perish.	8.0	Barnabas	Epistle of Barnabas	36	4	0	The group 'Educated Christians' is a broad, compound group; the author describes a contemporary religious liability.	1	Right to life and salvation in this context is a spiritual and abstract resource.	3	Being 'educated' is an acquired status, changeable with effort, but durable.	5	Right to life and salvation is a high-level societal good.	5	The right to life and salvation is a lifelong, structural status, contingent on adherence to faith.	0	Knowledge-based salvation eligibility is a specific theological condition, not inherent in being 'educated Christian'.	tlg1216.tlg001	3	Education
tlg0010.tlg019.perseus-eng2#13	tlg0010.tlg019.perseus-eng2	Education	Royal educational obligation	Monarchs	Access to advanced education	LESS	[§71] Now in the introduction and in the opening words of that discourse I reproach monarchs because they who more than others ought to cultivate their understanding are less educated than men in private station.	1	0	Isocrates notes a societal discrepancy where kings, despite their status, often possess less education than private citizens, framing it as a failure to access a resource they ought to prioritize.	7.0	Isocrates	Antidosis	-400	3	0	The group is a specific role; the author describes a contemporary societal expectation.	3	Access to advanced education is a social practice that produces tangible outcomes.	4	Monarchs are defined by a birth-status or legal/structural position.	5	Access to advanced education is a high-level societal good.	3	Access to education is a resource typically associated with a life stage or period of learning.	0	Access to advanced education is a societal opportunity, not inherent in being a 'monarch'.	tlg0010.tlg019	4	Education
tlg0010.tlg019.perseus-eng2#39	tlg0010.tlg019.perseus-eng2	Education	Philosopher's right to wisdom	educated men	Right to the title of philosopher	MORE	[§271] I hold that man to be wise who is able by his powers of conjecture to arrive generally at the best course, and I hold that man to be a philosopher who occupies himself with the studies from which he will most quickly gain that kind of insight.	1	0	Isocrates defines the group of 'philosophers' specifically by their pursuit of practical insight and legislative wisdom, granting them the immaterial resource of the title 'wise' based on their specific educational focus.	8.0	Isocrates	Antidosis	-400	3	0	The group is defined by a specific educational pursuit; the author defines a contemporary title.	1	The title of philosopher and wisdom are abstract, trait-based resources.	3	Educated men/philosophers is an occupation/pursuit, changeable with effort.	3	Right to a title is specific but recurring, tied to a role.	5	The title of philosopher and wisdom are lifelong attributes once attained.	1	The definition of 'philosopher' is directly tied to the pursuit of wisdom and insight.	tlg0010.tlg019	4	Education
tlg0086.tlg035.perseus-eng2#20	tlg0086.tlg035.perseus-eng2	Ethnicity	Barbarian reliance on barter	Barbarians	Access to currency for trade	LESS	[§12] ...according to their needs for which they were forced to make their interchanges by way of barter, as also many barbarian tribes do still; for such tribes do not go beyond exchanging actual commodities for actual commodities, for example giving and taking wine for corn, and so with the various other things of the sort.	1	1	Aristotle identifies 'barbarians' as a group that, in his view/time, lacks the resource of monetary systems and is restricted to the simpler, 'natural' method of commodity barter.	8.0	Aristotle	Politics	-348	5	0	Canonical societal group; Aristotle describes a contemporary practice of barbarian tribes.	3	Access to currency facilitates trade and economic activity, producing tangible outcomes.	5	Being 'Barbarian' is a birth-fixed trait based on lineage/ethnicity.	3	Access to currency for trade is specific but broadly applicable.	5	Reliance on barter is a structural, long-term condition for barbarian tribes.	0	Access to currency is a technological/economic condition, not inherent in the definition of 'barbarian'.	tlg0086.tlg035	3	Ethnicity
tlg0086.tlg035.perseus-eng2#120	tlg0086.tlg035.perseus-eng2	Ethnicity	Barbarian submission to despotism	Barbarians	Protection from despotic rule	LESS	[§72] The power possessed by all of these resembles that of tyrannies, but they govern according to law and are hereditary;for because the barbarians are more servile in their nature than the Greeks, and the Asiatics than the Europeans, they endure despotic rule without any resentment.	1	0	The author asserts that 'barbarians' (non-Greeks) lack the same resistance to absolute rule as Greeks, effectively living under more restrictive political resources due to their nature.	9.0	Aristotle	Politics	-348	5	0	Canonical societal group; the author describes a contemporary cultural observation.	4	Protection from despotic rule is a concrete legal right with direct material effect on freedom.	5	Barbarians are defined by ethnicity/origin, a birth-fixed trait.	5	Protection from despotic rule relates to bodily integrity and freedom.	5	Protection from despotic rule is a structural condition based on perceived nature.	1	The rule states barbarians are 'more servile in their nature', implying they lack protection from despotic rule.	tlg0086.tlg035	3	Ethnicity
tlg0031.tlg005.perseus-eng2#44	tlg0031.tlg005.perseus-eng2	Ethnicity	Roman refusal of Jewish religious litigation	Jews	Right to prosecute internal religious matters	LESS	"[§664] But when Paul was about to open his mouth, Gallio said to the Jews, ""If indeed it were a matter of wrong or of wicked crime, Jews, it would be reasonable that I should bear with you; [§665] but if they are questions about words and names and your own law, look to it yourselves. For I don't want to be a judge of these matters."""	1	1	The Roman proconsul Gallio establishes a jurisdictional rule: the Roman state provides legal resources for crimes and civil wrongs, but denies those resources to Jews seeking to adjudicate matters of their own religious law.	9.0	New Testament		100	5	0	Canonical societal group; the rule describes a contemporary Roman legal policy.	4	Right to prosecute internal religious matters is a concrete legal right with direct material effect.	5	Jewish identity is primarily based on birth/lineage, making it strictly immutable.	4	The right to prosecute internal religious matters is a broad category of legal and religious autonomy.	4	The right to prosecute internal religious matters is a long-term legal standing, revocable by changes in jurisdiction.	0	Being Jewish does not inherently mean one cannot prosecute internal religious matters; this is a specific jurisdictional ruling.	tlg0031.tlg005	3	Ethnicity
tlg0031.tlg005.perseus-eng2#35	tlg0031.tlg005.perseus-eng2	Ethnicity	Gentile exemption from Mosaic law	Gentiles	Exemption from circumcision and Mosaic Law	MORE	[§552] Therefore my judgment is that we don't trouble those from among the Gentiles who turn to God, [§553] but that we write to them that they abstain from the pollution of idols, from sexual immorality, from what is strangled, and from blood.	1	1	The text describes a formal council decision where Gentile converts are explicitly exempted from the 'yoke' of the full Mosaic law (circumcision), requiring only a limited set of prohibitions instead.	10.0	New Testament		100	5	0	Canonical societal group; the rule describes a contemporary religious exemption.	4	Exemption from Mosaic Law is a concrete legal/religious right with direct material effect.	5	Gentiles are defined by birth/ethnicity, a strictly immutable characteristic.	4	Exemption from circumcision and Mosaic Law is a broad category of religious freedom and legal standing.	4	Exemption from Mosaic Law is a long-term religious status, revocable by community decision or individual choice.	0	Being a Gentile does not inherently mean one is exempt from circumcision; this is a specific religious decree.	tlg0031.tlg005	3	Ethnicity
tlg0031.tlg005.perseus-eng2#25	tlg0031.tlg005.perseus-eng2	Ethnicity	Universal religious admissibility	Gentiles	Right of divine acceptance	MORE	"[§379] Peter opened his mouth and said, ""Truly I perceive that God doesn't show favoritism; [§380] but in every nation he who fears him and works righteousness is acceptable to him."""	1	0	Peter defines a new rule of practice where the 'resource' of being acceptable to God (and by extension the community) is extended to all nations, whereas it was previously restricted to the children of Israel.	9.0	New Testament		100	5	0	Canonical societal group; the rule describes a contemporary religious principle.	1	Divine acceptance is a spiritual and abstract resource.	5	Gentiles are defined by birth/ethnicity, a strictly immutable characteristic.	5	Divine acceptance is a foundational societal good, impacting spiritual and social standing.	4	Divine acceptance is a long-term spiritual status, potentially revocable by actions or beliefs.	0	Being a Gentile does not inherently mean one is acceptable to God; this is a theological statement, not a definition.	tlg0031.tlg005	3	Ethnicity
tlg0086.tlg010.perseus-eng2#220	tlg0086.tlg010.perseus-eng2	Freedom	Slave interest subordination	Slaves	Right to be governed for own benefit	LESS	[§1084] The relation of master to slaves is also tyrannic, since in it the master’s interest is aimed at.	1	1	The text explicitly defines the relationship between master and slave as one where the resource of 'governance for one's own benefit' is absent, as the master's interest is the sole aim.	10.0	Aristotle	Nicomachean Ethics	-348	5	0	Slaves are a canonical societal group; Aristotle describes the contemporary master-slave relationship.	4	Being governed for one's own benefit has direct material effects on a slave's life.	4	Slave status is a legal/structural birth-status, very hard to change.	4	Being governed for one's own benefit is a broad category of rights and protections.	5	The lack of right to be governed for one's own benefit is a lifelong condition for a slave.	1	Slavery is defined by the master's interest, so lacking governance for one's own benefit is tautological.	tlg0086.tlg010	3	Freedom
tlg0086.tlg035.perseus-eng2#276	tlg0086.tlg035.perseus-eng2	Freedom	Slave exclusion from noble instruction	Slaves	Protection from menial duties	LESS	[§160] there is nothing specially dignified in employing a slave, as a slave, for giving orders about menial duties has in it nothing of nobility; yet to think that all government is exercising the authority of a master is a mistake, for there is as wide a difference between ruling free men and ruling slaves	1	1	The text establishes a rule of societal organization where slaves are specifically designated for menial duties, contrasting their treatment with that of free men who are ruled differently.	9.0	Aristotle	Politics	-348	5	0	Canonical societal group; Aristotle describes a fundamental social distinction of his time.	4	Protection from menial duties is a concrete legal right with direct material effect on labor.	4	Slavery is a legal/structural birth-status, very hard to change.	3	Protection from menial duties is a specific but broadly applicable protection.	5	Protection from menial duties is a structural aspect of being a free person, lifelong for slaves.	0	Protection from menial duties is a social status, not part of the definition of being a slave.	tlg0086.tlg035	3	Freedom
tlg0540.tlg013.perseus-eng2#6	tlg0540.tlg013.perseus-eng2	Freedom	Torture of non-citizens	Metics / Foreigners	Protection from torture during legal proceedings	LESS	[§59] Some, indeed, desired that Aristophanes should be put to the torture, as one who was not of pure Athenian stock, and they prevailed on the people to pass the following decree.	1	1	The text establishes that the lack of 'pure Athenian stock' (non-citizen status) made an individual eligible for torture by decree, a treatment not applied to citizens.	9.0	Lysias	Against Agoratus	-409	4	0	Broad societal group; the rule describes contemporary Athenian legal practices for non-citizens.	5	Protection from torture is a fundamental bodily entitlement.	4	Non-Athenian stock is a birth-fixed legal status, very hard to change.	3	Protection from torture is a specific but broadly applicable legal protection.	5	Protection from torture based on citizenship is a lifelong legal standing.	0	Protection from torture is a distinct legal right, not part of the non-citizen definition, even if correlated.	tlg0540.tlg013	4	Freedom
tlg0540.tlg013.perseus-eng2#0	tlg0540.tlg013.perseus-eng2	Freedom	Protection from torture during proceedings	Athenians	Protection from corporal punishment	MORE	[§27] Nay, indeed, you were not in nearly so good a case as your friends: in the first place, they were Athenians, and so were not in fear of being tortured; and in the second, they were ready to resign their own native land and go on the voyage with you.	1	1	The text explicitly contrasts the status of Athenian citizens with that of Agoratus (born a slave), noting that the Athenians did not fear torture, implying a legal protection based on their status as free citizens.	10.0	Lysias	Against Agoratus	-409	5	0	Canonical societal group; Lysias describes contemporary legal protections for Athenians.	5	Protection from corporal punishment is a fundamental bodily entitlement.	4	Athenians are defined by citizenship, a legal status very hard to change.	5	Protection from corporal punishment is a foundational aspect of bodily integrity.	5	Protection from corporal punishment is a lifelong, structural right based on citizenship status.	0	Protection from corporal punishment is a legal right, not inherent in the definition of 'Athenians'.	tlg0540.tlg013	4	Freedom
tlg0540.tlg013.perseus-eng2#1	tlg0540.tlg013.perseus-eng2	Freedom	Slave vulnerability to judicial torture	Slaves	Protection from corporal punishment	LESS	[§25] they argued that if he were brought up before the Council he would be put to the torture, and would perhaps be compelled to give the names of such Athenians as might be suggested by those who were bent on working some mischief in the city. [...] [§27] But you, first of all, were in danger of being tortured if you stayed where you were; and secondly, you would not have been parting from your own native land.	1	1	Agoratus is identified as having been born a slave. The text indicates that unlike the citizens, he faced the immediate threat of torture by the Council, demonstrating that slaves or those of slave origin lacked the right to protection from corporal punishment in legal inquiries.	10.0	Lysias	Against Agoratus	-409	5	0	Canonical societal group; Lysias describes contemporary legal vulnerability for slaves.	5	Vulnerability to judicial torture is a direct threat to bodily entitlement.	4	Being a 'slave' is a legal status, very hard to change, requiring manumission.	5	Protection from corporal punishment is a foundational aspect of bodily integrity.	5	Vulnerability to judicial torture is a lifelong, structural condition based on slave status.	0	Protection from corporal punishment is a legal right, not inherent in the definition of 'Slaves'.	tlg0540.tlg013	4	Freedom
tlg0719.tlg001.perseus-eng2#21	tlg0719.tlg001.perseus-eng2	Gender	Female exclusion from Hysterical Suffocation	old women	Freedom from hysterical suffocation	MORE	[§8] For this reason the affection occurs in young women, but not in old. For in those in whom the age, mode of life, and understanding is more mobile, the uterus also is of a wandering nature; but in those more advanced in life... the uterus are of a steady character.	1	1	The text creates a distinction within the group of women based on age, where older women have more protection from a specific disability (suffocation/wandering womb) than young women.	9.0	Aretaeus of Cappadocia	On the causes and signs of acute and chronic diseases	135	4	0	Broad societal group (age and gender); the author describes a contemporary medical observation.	3	Freedom from hysterical suffocation impacts bodily function and well-being, a tangible outcome.	5	Old women are defined by age and sex, both biologically fixed traits.	1	Freedom from hysterical suffocation is hyper-specific to one condition.	3	Freedom from a condition is tied to the life stage of being an old woman.	0	Freedom from hysterical suffocation is not inherent in the definition of 'old women'.	tlg0719.tlg001	3	Gender
tlg0719.tlg003.perseus-eng2#47	tlg0719.tlg003.perseus-eng2	Gender	Physical restraint during hysterical convulsion	Women	Freedom from bodily restraint	LESS	[§23] Should you fortunately arrive in time and ascertain that it is inflammation, you must open a vein, especially the one at the ankle, and pursue the other means which prove remedial in suffocation without inflammation: ligatures of the hands and feet so tight as to induce torpor	1	1	In cases of hysterical convulsion (a gendered diagnosis based on the uterus), the medical rule dictates that women be subjected to tight ligatures of the extremities, which is a loss of freedom from bodily restraint.	9.0	Aretaeus of Cappadocia	On the causes and signs of acute and chronic diseases	135	5	0	The group 'Women' is a canonical societal group; the author describes contemporary medical treatment.	5	Freedom from bodily restraint is a fundamental bodily entitlement.	5	Women is a sex-defined group; membership is biologically fixed.	5	Freedom from bodily restraint is a foundational societal good.	2	Freedom from bodily restraint is lost for the duration of a specific medical procedure or episode.	0	Bodily restraint is a specific medical intervention, not inherent in the definition of 'women'.	tlg0719.tlg003	3	Gender
tlg0086.tlg010.perseus-eng2#268	tlg0086.tlg010.perseus-eng2	Gender	Female reliance on communal mourning	Women	Right to emotional self-sufficiency	LESS	[§1217] Hence manly natures shrink from making their friends share their pain, and unless a man is excessively insensitive, he cannot bear the pain that his pain gives to them; and he will not suffer others to lament with him, because he is not given to lamentation himself. But weak women and womanish men like those who mourn with them, and love them as true friends and sympathizers.	1	0	Aristotle distinguishes between groups based on gender, asserting that women seek and value shared lamentation as a mark of friendship, whereas 'manly natures' (the in-group) are expected to avoid burdening others with their pain. This implies a lack of the 'noble' resource of emotional independence/self-governance for women.	9.0	Aristotle	Nicomachean Ethics	-348	5	0	Canonical societal group; the author describes a contemporary norm for women.	1	Emotional self-sufficiency is an abstract, internal trait, not a tangible resource.	5	Women is a sex-defined group; membership is biologically fixed.	3	Emotional self-sufficiency is a specific but recurring psychological state.	3	Emotional self-sufficiency is a character trait that can be developed or lost over time.	0	The rule describes a social expectation for women, not a definitional lack of emotional self-sufficiency.	tlg0086.tlg010	3	Gender
tlg0086.tlg010.perseus-eng2#134	tlg0086.tlg010.perseus-eng2	Gender	Domestic justice for wives	Women	Access to political justice	LESS	[§726] Hence Justice exists in a fuller degree between husband and wife than between father and children, or master and slaves; in fact, justice between husband and wife is Domestic Justice in the real sense, though this too is different from Political Justice.	1	1	While wives have a higher status than slaves or children, Aristotle explicitly distinguishes 'Domestic Justice' (regulations within the household) from 'Political Justice' (regulations among citizens), effectively excluding women from the full scope of political legal standing.	8.0	Aristotle	Nicomachean Ethics	-348	5	0	Canonical societal group; the rule describes a contemporary legal distinction.	4	Exclusion from political justice denies concrete legal rights and protections.	5	Women is a sex-defined group; membership is biologically fixed.	5	Access to political justice is a high-level societal good related to legal standing.	4	Access to domestic justice is tied to the duration of the marriage, which is long-term but revocable.	0	Access to political justice is a specific legal distinction, not inherent in the definition of 'women'.	tlg0086.tlg010	3	Gender
tlg0057.tlg010.perseus-eng2#31	tlg0057.tlg010.perseus-eng2	Gender	Maternal blood as material principle	Women	Contribution of material to procreation	MORE	And what is the semen? Clearly the active principle of the animal, the material principle being the menstrual blood. (§22) | But Nature does not preserve the original character of any kind of matter; if she did so, then all parts of the animal would be blood — that blood, namely, which flows to the semen from the impregnated female and which is, so to speak, like the statuary's wax, a single uniform matter, subjected to the artificer. (§22)	1	1	The text identifies a specific material resource (menstrual blood) provided by the female group as the necessary substance for the formation of an animal, though it is categorized as passive 'material' rather than 'active' principle.	9.0	Galen	On the Natural Faculties	164	5	0	Canonical societal group; the rule describes a timeless biological role.	5	Contribution of material to procreation is a tangible bodily entitlement.	5	Women is a sex-defined group; membership is biologically fixed.	3	Contribution of material to procreation is a specific but fundamental biological role.	5	The contribution of material to procreation is a lifelong, structural capacity for women.	0	Menstrual blood as a material principle is a biological role, not a definition of 'women'.	tlg0057.tlg010	3	Gender
tlg0086.tlg010.perseus-eng2#173	tlg0086.tlg010.perseus-eng2	Health	Legal/Rational agency of the infirm	mad or drunk	Exercise of knowledge	LESS	[§916, §923] a man may in a sense both have it and not have it; for instance, when he is asleep, or mad, or drunk. . . It is clear therefore that we must pronounce the unrestrained to have knowledge only in the same way as men who are asleep or mad or drunk.	1	1	The text establishes a rule of capacity whereby specific physical or mental states (madness, drunkenness) disqualify the individual from the 'active exercise' of knowledge, even if they nominally possess it.	8.0	Aristotle	Nicomachean Ethics	-348	4	0	Broad societal group defined by temporary states; author describes a contemporary norm.	1	Exercise of knowledge is an abstract, intellectual capacity.	2	Being mad or drunk is a temporary condition, making it role-bound or episodic.	4	Exercise of knowledge is a broad category of intellectual and practical capacity.	2	The exercise of knowledge is suspended for the duration of the state (sleep, madness, drunkenness).	1	Being 'mad or drunk' inherently means a diminished capacity for exercising knowledge.	tlg0086.tlg010	3	Health
tlg0057.tlg010.perseus-eng2#2	tlg0057.tlg010.perseus-eng2	Health	Nephritic identification by symptoms	nephritics	Recognition of medical condition	MORE	[§13] But, even leaving the butchers aside, all people who suffer either from frequent dysuria or from retention of urine call themselves nephritics, when they feel pain in the loins and pass sandy matter in their water.	1	1	The author defines a group by a health condition (urinary distress) and notes their ability to identify their own ailment based on specific physical symptoms, which serves as a rule-based categorization in clinical practice.	8.0	Galen	On the Natural Faculties	164	3	0	A specific health-defined group; the author describes contemporary medical self-identification.	3	Recognition of a medical condition allows access to a social role (patient) with tangible outcomes (treatment).	2	Nephritics are defined by a health condition, which is a temporary state.	3	Recognition of a medical condition is specific but broadly applicable to health.	3	Recognition of a medical condition persists for the duration of the illness, which can be long-term.	1	'Nephritics recognize their condition' is tautological as their group is defined by having that condition.	tlg0057.tlg010	3	Health
tlg0627.tlg004.perseus-eng2#10	tlg0627.tlg004.perseus-eng2	Health	Dietary restriction for acute illness	Sick people	Right to maintain normal diet	LESS	[§11] For some at the commencement of acute diseases have taken food on the same day, some on the next day; some have swallowed whatever has come in their way, and some have taken cyceon. Now all these things are worse than if one had observed a different regimen; and yet these mistakes, committed at that time, do much less injury than if one were to abstain entirely from food for the first two or three days, and on the fourth or fifth day were to take such food.	1	1	The author establishes that during acute disease, the normal practice of eating whatever is available is harmful and that a governed medical regimen (often involving initial abstinence or specific preparations like ptisans) is required.	9.0	Hippocrates	Regimen in acute diseases	-465	5	0	The group 'Sick people' is a broad societal category, and the rule describes contemporary medical regimen.	5	Right to maintain a normal diet is fundamental for bodily subsistence and health.	2	Being 'sick' is a temporary condition, making group membership episodic.	2	Right to maintain normal diet is a narrowly scoped resource tied to a medical context.	3	The right to maintain a normal diet is suspended for the duration of an acute illness.	0	The right to maintain a normal diet is a medical consideration, not inherent in being 'sick'.	tlg0627.tlg004	3	Health
tlg0627.tlg010.perseus-eng2#47	tlg0627.tlg010.perseus-eng2	Health	Exemption from hellebore during fever	feverish patients	Access to specific medication (hellebore)	LESS	[§86] The treatment, if no fever be present, consists in the administration of hellebore, but otherwise (it is not to be given, but oxyglyky (decoction of honeycombs and vinegar) is to be given for drink, if required.	1	1	The author outlines a rule based on health status (presence of fever) that excludes a specific group from a standard medicinal resource (hellebore) available to other injured patients.	9.0	Hippocrates	The Art	-465	3	0	Specific health-defined group; the author describes contemporary medical practice and observations.	3	Access to specific medication produces tangible physical outcomes for health.	3	Defined by a medical condition, which can change with treatment or time.	2	Access to specific medication (hellebore) is narrowly scoped to a particular substance.	2	Access to specific medication is contingent on the presence or absence of fever, a brief episode.	0	Access to specific medication is a medical resource, not part of the definition of 'feverish patients'.	tlg0627.tlg010	3	Health
tlg0627.tlg010.perseus-eng2#21	tlg0627.tlg010.perseus-eng2	Health	Incurability of spinal marrow compression	paralyzed patients	Access to corrective medical treatment	LESS	[§46] It is evident, then, that such a case could not be reduced either by succussion or by any other method, unless one were to cut open the patient, and then, having introduced the hand into one of the great cavities, were to push outward from within, which one might do on the dead body, but not at all on the living.	1	1	For patients with severe spinal displacement where the marrow is 'strangled', the author explicitly bars them from the resource of corrective surgery/reduction, noting it is impossible on the living.	9.0	Hippocrates	The Art	-465	4	0	The group 'paralyzed patients' is broad but defined by a health condition; the author describes contemporary medical limitations.	3	Access to corrective medical treatment is a social practice that produces tangible health outcomes.	5	Paralyzed patients are defined by a severe, likely permanent physical condition.	2	Access to corrective medical treatment is tied to a specific medical procedure.	5	Incurability of a condition means a lifelong lack of access to corrective treatment.	0	Access to corrective treatment is a medical provision, not inherent to the definition of paralyzed patients.	tlg0627.tlg010	3	Health
tlg0017.tlg003.perseus-eng2#4	tlg0017.tlg003.perseus-eng2	Lineage	Legitimate son's right of inheritance	Adopted sons	Right to inherit property	MORE	[§2] [1] Judges, my mother's brother, Pyrrhus, having no legitimate issue, adopted my brother Endius as his son. The latter inherited his estate and survived him by more than twenty years.	1	1	The text confirms that an adopted son (functioning as a legitimate son) has the legal right to inherit and possess an estate.	10.0	Isaeus	On the Estate of Pyrrhos	-384	4	0	Broad societal group defined by status; the author discusses a contemporary inheritance case.	5	Right to inherit property is a tangible wealth entitlement.	3	Adopted son status is changeable with effort, but a durable social identity.	5	The right to inherit property is a foundational societal good related to wealth.	5	The right to inherit property as an adopted son is a lifelong legal status.	0	Inheritance rights are legal constructs, not inherent to being an adopted son.	tlg0017.tlg003	4	Lineage
tlg0017.tlg003.perseus-eng2#10	tlg0017.tlg003.perseus-eng2	Lineage	Grandchildren's right of succession	Male heirs	Right to succeed to grandfather's estate	MORE	[§51] ...for he knew perfectly well that the children of a legitimate daughter have a right to succeed to the whole of their grandfather's estate.	1	1	The law ensures that the sons of a legitimate daughter eventually inherit the full estate of their maternal grandfather, bypassing the temporary holder.	10.0	Isaeus	On the Estate of Pyrrhos	-384	4	0	Broad societal group defined by status; the author discusses a contemporary inheritance right.	5	Right to succeed to an estate is a tangible wealth entitlement.	5	Male heir is a lineage/family membership, a birth-fixed trait.	5	The right to succeed to an estate is a foundational societal good related to wealth.	5	The right to succeed to an estate is a lifelong status, determining inheritance.	0	Succession rights are legal constructs, not inherent to being a male heir.	tlg0017.tlg003	4	Lineage
tlg0017.tlg006.perseus-eng2#13	tlg0017.tlg006.perseus-eng2	Lineage	Adopted son's right of inheritance	male heirs	Right to inherit property directly	MORE	How could he be childless, when he adopted and was survived by his own nephew, to whom the law gives the right of inheritance just as much as to children of his own body?	1	1	The text identifies a legal rule where an adopted nephew is granted the same inheritance rights as biological children, equating their access to the estate resource.	10.0	Isaeus	On the Estate of Philoctemones	-384	3	0	The group is a specific status within a broader class, and the rule describes a contemporary legal right.	4	The right of inheritance is a concrete legal right with direct material effect.	5	Being a male heir is determined by birth or legal adoption, which is durable.	5	Right to inherit property directly is a foundational aspect of wealth and legal standing.	5	The right to inherit property directly is a lifelong status, fundamental to family structure.	0	Adopted sons having inheritance rights is a legal provision, not inherent to the definition of 'male heirs'.	tlg0017.tlg006	4	Lineage
tlg0017.tlg006.perseus-eng2#14	tlg0017.tlg006.perseus-eng2	Lineage	Equal inheritance for subsequent children	biological children	Right to inherit property directly	MORE	Indeed, it is expressly stated in the law that, if children are born subsequently to one who has adopted a son, each child takes his share of the estate and both classes of children alike inherit.	1	1	The author cites a specific law ensuring that biological children born after an adoption still retain their right to a share of the inheritance resource.	10.0	Isaeus	On the Estate of Philoctemones	-384	4	0	The group is a broad societal category, and the rule describes a contemporary legal principle.	4	The right to inherit property directly is a concrete legal right with direct material effect.	5	Being a biological child is a birth-fixed trait.	5	Right to inherit property directly is a foundational aspect of wealth and legal standing.	5	The right to inherit property directly is a lifelong status, fundamental to family structure.	0	Equal inheritance for subsequent children is a legal provision, not inherent to the definition of 'biological children'.	tlg0017.tlg006	4	Lineage
tlg0017.tlg006.perseus-eng2#3	tlg0017.tlg006.perseus-eng2	Lineage	Illegitimate exclusion from inheritance	Illegitimate children	Right to inherit as next-of-kin	LESS	[§1] [0] ...declaring that both Antidorus and his sister were illegitimate and that the law ordains that an illegitimate son or daughter cannot inherit as next-of-kin.	1	1	The text explicitly mentions a law that bars children born out of wedlock / illegitimate children from the right to inherit property from their relatives.	10.0	Isaeus	On the Estate of Philoctemones	-384	4	0	The group is a broad societal category, and the rule describes a contemporary legal exclusion.	4	The right to inherit as next-of-kin is a concrete legal right with direct material effect.	4	Illegitimacy is a legal birth-status, very hard to change.	5	Right to inherit as next-of-kin is a foundational aspect of legal standing and wealth.	5	Exclusion from inheritance due to illegitimacy is a lifelong, structural status.	1	'Illegitimate children lack right to inherit as next-of-kin' is tautological; illegitimacy is defined by lack of legal kinship.	tlg0017.tlg006	4	Lineage
tlg0027.tlg004.perseus-eng2#8	tlg0027.tlg004.perseus-eng2	Nobility	Public entertainment for victors	Nobility	Access to the Prytaneum	MORE	[§9] ...after behaving as I have described, he was rewarded with free entertainment in the Prytaneum; and not content with that, he is for ever taking credit for his victory.	1	1	The text notes that victors in major games (typically elite/noble citizens) are granted the resource of free public maintenance/entertainment in the city's central hall.	9.0	Andocides		-500	3	0	Specific social role; the author describes a contemporary reward for victors.	3	Access to public maintenance and entertainment, a tangible social benefit.	3	Nobility is often hereditary, but here it's tied to achievement, making it changeable.	2	Access to the Prytaneum is tied to a specific institution and setting.	3	Access to the Prytaneum is often tied to a specific achievement or period, not necessarily lifelong.	0	Nobility does not inherently mean access to the Prytaneum; this is a specific reward.	tlg0027.tlg004	4	Nobility
tlg0086.tlg010.perseus-eng2#70	tlg0086.tlg010.perseus-eng2	Nobility	Noble access to public benefactions	High-born and famous	Eligibility for public benefactions	MORE	But great public benefactions are suitable for those who have adequate resources derived from their own exertions or from their ancestors or connections, and for the high-born and famous and the like, since birth, fame and so on all have an element of greatness and distinction. [§455]	1	1	The text identifies specific societal roles (public benefactions/liturgies) as suitable for those of noble birth or high social standing, linking lineage and fame to the right to perform these honored expenditures.	9.0	Aristotle	Nicomachean Ethics	-348	4	0	High-born and famous is a broad societal group; Aristotle describes contemporary eligibility for public benefactions.	3	Eligibility for public benefactions is access to a social role with tangible outcomes (public spending).	4	High-born status is a birth-fixed, hereditary trait, very hard to change.	2	Eligibility for public benefactions is tied to specific civic duties.	4	Eligibility for public benefactions is long-term, tied to status and resources, which can change.	0	Being high-born or famous does not inherently mean eligibility for public benefactions; this is a social rule.	tlg0086.tlg010	3	Nobility
tlg0086.tlg010.perseus-eng2#91	tlg0086.tlg010.perseus-eng2	Nobility	High-born access to honor	High-born	Entitlement to honor	MORE	[§544] But it is thought that the gifts of fortune also conduce to greatness of soul; for the high-born and those who are powerful or wealthy are esteemed worthy of honor, because they are superior to their fellows, and that which is superior in something good is always held in higher honor	1	1	Aristotle notes that in his society, lineage (being high-born) is a social criterion that automatically grants an individual a higher status and a greater claim to honor from others.	10.0	Aristotle	Nicomachean Ethics	-348	4	0	High-born is a broad societal group; Aristotle describes their contemporary entitlement to honor.	1	Entitlement to honor is a non-material, abstract resource.	4	High-born status is a birth-fixed, hereditary trait, very hard to change.	4	Entitlement to honor is a broad category of social recognition.	5	Entitlement to honor due to high birth is a lifelong, structural attribute.	0	Entitlement to honor is a social convention, not inherent to being high-born.	tlg0086.tlg010	3	Nobility
tlg0086.tlg010.perseus-eng2#218	tlg0086.tlg010.perseus-eng2	Nobility	Status-based expectation of benefits	Princes and rulers	Protection from providing flattery	MORE	[§1071] Most people like receiving honor from men of high station, because they hope for something from them: they think that if they want something, the great man will be able to give it them; so they enjoy being honored by him as a token of benefits to come.	1	1	Individuals of high station (princes/rulers) are defined as those who dispense benefits and honors, attracting others who seek gain. This establishes a rule where social rank dictates the flow of material and immaterial resources.	8.0	Aristotle	Nicomachean Ethics	-348	3	0	The group 'Princes and rulers' is a specific role within a broader class; Aristotle describes contemporary societal norms.	3	Protection from flattery is a social role/practice with indirect material outcomes (benefits).	3	Rulers are defined by their acquired position and ability to dispense benefits, which can change.	5	Protection from flattery is a high-level societal good related to social standing and influence.	4	Protection from flattery is tied to one's status, which is long-term but can change.	0	The rule describes a social expectation of benefits, not a definitional aspect of being a prince or ruler.	tlg0086.tlg010	3	Nobility
tlg0086.tlg035.perseus-eng2#264	tlg0086.tlg035.perseus-eng2	Nobility	Aristocratic guardianship of laws	Nobility	Access to Guardianship of Laws	MORE	[§154] There are three offices which in some states supervise the election of the chief magistrates—Guardians of the Laws, Preliminary Councillors and Council; of these the Guardians of the Laws are an aristocratic institution...	1	1	The office of 'Guardian of the Laws' is explicitly identified as an institution restricted to or characterizing the aristocratic class.	9.0	Aristotle	Politics	-348	5	0	Canonical societal group; Aristotle describes a contemporary political institution.	3	Access to Guardianship of Laws is a social role with tangible outcomes.	4	Nobility is a legal/structural birth-status, very hard to change.	3	Access to Guardianship of Laws is a specific but recurring legal protection.	5	Access to Guardianship of Laws is a structural right tied to aristocratic status, persisting lifelong.	0	Access to Guardianship of Laws is a specific political office, not part of the definition of nobility.	tlg0086.tlg035	3	Nobility
tlg0627.tlg006.perseus-eng4#59	tlg0627.tlg006.perseus-eng4	Occupation	Labor-induced illness	Laborers	Protection from exhaustion-related fever	LESS	[§79] In Thasos Pythion, who lay sick above the shrine of Heracles, after labour, fatigue and careless living, was seized by violent rigor and acute fever.	1	1	The text identifies 'labour' and 'fatigue' as the precipitating factors for a fatal illness, implying that those engaged in heavy physical work lack the resource of physical security against exhaustion.	7.0	Hippocrates	Epidemics	-465	3	0	Borderline specific group; the author describes contemporary medical observations.	5	Protection from exhaustion-related fever impacts bodily protection and health.	3	Laborers are defined by occupation, which can be changed with effort.	3	Protection from exhaustion-related fever is specific but broadly applicable to a recurring condition.	2	Protection from exhaustion-related fever is relevant for the duration of the labor/fatigue episode.	0	Protection from exhaustion-related fever is a health resource, not inherent in the definition of 'Laborers'.	tlg0627.tlg006	3	Occupation
tlg1443.tlg001.perseus-eng1#18	tlg1443.tlg001.perseus-eng1	Occupation	Subjection to church hierarchy	Laity	Autonomy from ecclesiastical authority	LESS	[§110] Be subject to the bishop and to one another, even as Jesus Christ was subject to the Father, and the Apostles were subject to Christ and to the Father, in order that there may be a union both of flesh and of spirit.	1	1	The text mandates a structural subjection where the general members of the group are required to submit to the authority of the bishop, thereby losing personal or collective autonomy within the organization.	10.0	Ignatius of Antioch	Epistle of Ignatius to the Trallians	70	5	0	The group 'Laity' is a canonical societal group; the rule describes a contemporary ecclesiastical hierarchy.	3	Autonomy from ecclesiastical authority affects participation in a recognized public procedure.	3	Laity refers to general members of a religious community, a durable social identity.	4	Autonomy from ecclesiastical authority is a broad category of freedom.	4	Autonomy from ecclesiastical authority is a long-term status, lasting as long as one is part of the community.	0	Autonomy from ecclesiastical authority is a specific power, not inherent in the definition of 'Laity'.	tlg1443.tlg001	3	Occupation
tlg1443.tlg001.perseus-eng1#52	tlg1443.tlg001.perseus-eng1	Occupation	Clerical subordination to bishops	Presbyters and deacons	Right to institutional autonomy	LESS	[§302] I am devoted to those who are subject to the bishop, presbyters, and deacons; and may it be mine to have my lot with them in God. Labour with one another, struggle together, run together, suffer together, rest together, rise up together as God’s stewards and assessors and servants.	1	1	The text explicitly defines presbyters and deacons as groups 'subject to the bishop', establishing a hierarchy of power within the early Church offices.	9.0	Ignatius of Antioch	Epistle of Ignatius to the Trallians	70	3	0	Specific roles within a broader class; describes contemporary church hierarchy.	3	Right to institutional autonomy affects their ability to perform duties with tangible outcomes.	3	Presbyters and deacons hold occupations/professions acquired through training and initiation.	4	Right to institutional autonomy is a broad category of rights.	4	Subordination to the bishop is a long-term condition of their clerical office, which is revocable.	0	Being a presbyter or deacon does not inherently mean one is subject to a bishop; this is a specific hierarchical structure.	tlg1443.tlg001	3	Occupation
tlg1443.tlg001.perseus-eng1#41	tlg1443.tlg001.perseus-eng1	Occupation	Episcopal authorization for sacraments	Laity	Right to perform baptisms or agape	LESS	[§238] It is not lawful either to baptise or to hold an agape without the bishop; but whatever he approve, this is also pleasing to God, that everything which you do may be secure and valid.	1	1	The text outlines a clear restriction on the performance of religious rites based on ecclesiastical office (Occupation), stating that those without the bishop's approval lack the lawful right to conduct specific communal rituals.	10.0	Ignatius of Antioch	Epistle of Ignatius to the Trallians	70	3	0	Specific role within a broader class; describes contemporary church practice.	3	Right to perform baptisms or agape is access to a social practice with tangible communal outcomes.	3	Laity refers to non-clergy church members, a durable social identity.	2	Right to perform specific rituals is tied to a particular procedure.	4	The right to perform baptisms or agape is tied to one's clerical status, which is long-term but revocable.	0	Being laity does not inherently mean one cannot perform baptisms; this is a specific ecclesiastical restriction.	tlg1443.tlg001	3	Occupation
tlg0010.tlg019.perseus-eng2#28	tlg0010.tlg019.perseus-eng2	Occupation	Sycophant reward for litigation	Sycophants (professional accusers)	Right to state rewards	MORE	[§175] If, however, it has the opposite effect and helps and improves and makes better men of its devotees, then you should call a halt on those who load this study with abuse; you should strip the sycophants of their rewards, and counsel our young men to occupy themselves with this pursuit above all others.	1	1	The passage refers to 'the sycophants of their rewards', acknowledging that individuals who act as professional accusers in the Athenian legal system receive material or status-based rewards for their service to the state.	8.0	Isocrates	Antidosis	-400	3	0	The group is a specific profession; the author describes a contemporary legal and social practice.	4	Right to state rewards implies concrete financial or status-based benefits.	3	Professional accusers (sycophants) is an occupation, changeable with effort.	3	Right to state rewards is specific but recurring, tied to a role.	3	Rewards for litigation are likely recurring as long as the sycophant practices their trade.	1	'Sycophants' are defined by their role as professional accusers, which inherently involves rewards.	tlg0010.tlg019	4	Occupation
tlg1216.tlg001.perseus-eng1#20	tlg1216.tlg001.perseus-eng1	Religion	Jewish Sabbath observance rejection	Jewish people	Divine acceptance of ritual observance	LESS	[§171] Furthermore he says to them, Your new moons and the sabbaths I cannot away with. Do you see what he means? The present sabbaths are not acceptable to me, but that which I have made, in which I will give rest to all things and make the beginning of an eighth day, that is the beginning of another world.	1	1	The text explicitly states that the traditional 'present sabbaths' observed by the Jewish people are no longer acceptable to God, meaning the group no longer has the resource of divine favor through that specific ritual.	10.0	Barnabas	Epistle of Barnabas	36	5	0	Canonical societal group; the author discusses contemporary religious practices.	1	Divine acceptance of ritual observance is a spiritual and symbolic resource.	5	Jewish people are defined by birth and lineage, a strictly immutable characteristic.	3	Divine acceptance of ritual observance is specific but recurring.	4	Divine acceptance of ritual observance is a long-term status, revocable by divine decree.	0	Jewish people are not defined by divine rejection of Sabbath observance; this is a new religious decree.	tlg1216.tlg001	3	Religion
tlg1419.tlg001.perseus-eng1#106	tlg1419.tlg001.perseus-eng1	Religion	Martyr's right to crowns	Martyrs	Right to be crowned	MORE	[§549] [1] And the angel of the Lord commanded crowns to be brought; and crowns were brought; made; as it were; of palm leaves; and he crowned the men who had given up their sticks with buds and some fruit; and sent them away into the tower. | [§564] [6] Who then, Sir, said I, are they who were crowned and went into the tower? All those, said he, who wrestled with the devil and conquered him, have been crowned. These are they who suffered for the law.	1	1	The text establishes a rule where a specific subset of the religious community (those who 'suffered' or 'wrestled with the devil') are granted the specific resource of being crowned, a distinction not given to all believers.	9.0	Hermas	The Shepherd of Hermas	150	4	0	The group 'Martyrs' is broad; the author describes a contemporary religious reward.	2	Being crowned is a ceremonial honour with symbolic value, weak material payoff.	1	Defined by actions (suffering, wrestling with devil) which are choices.	2	Right to be crowned is a specific civic/religious award.	5	The right to be crowned is a lifelong, permanent honor for martyrs.	0	The right to be crowned is a specific reward, not inherent in the definition of 'Martyrs'.	tlg1419.tlg001	3	Religion
tlg1419.tlg001.perseus-eng1#99	tlg1419.tlg001.perseus-eng1	Religion	Penitent obligation of self-torture	Penitents	Protection from physical or mental affliction	LESS	[§524] [4] ...do you then think that the sins of those who repent are immediately forgiven? By no means; but he who repents must torture his own soul, and be humble in all his deeds and be afflicted with many divers afflictions.	1	1	The author describes a rule of the early Christian community where repentance does not grant immediate relief but requires the individual to undergo specific afflictions and self-torture.	10.0	Hermas	The Shepherd of Hermas	150	4	0	The group 'Penitents' is broad; the author describes a contemporary religious practice.	5	Protection from physical or mental affliction relates to bodily integrity and well-being.	1	Defined by an action (repenting) and subsequent actions (self-torture).	4	Protection from physical or mental affliction is a broad category of well-being.	3	Protection from affliction is withheld during the period of penance, a bounded life stage.	0	The obligation of self-torture is a specific requirement, not inherent in the definition of 'Penitents'.	tlg1419.tlg001	3	Religion
tlg1419.tlg001.perseus-eng1#138	tlg1419.tlg001.perseus-eng1	Religion	Exclusion of the defiled from Church	The wicked and hypocrites	Right to remain in the Church	LESS	[§757] [5] But after they entered in together and became one body, some of them defiled themselves and were cast out from the family of the righteous, and became again what they had been before, or rather even worse. [...] [§761] [3] ...so the Church of God also shall be, after it has been purified, and the wicked and hypocrites and blasphemers and double-minded, and doers of various wickedness, have been rejected from it.	1	1	The passage outlines the rule for maintaining the 'purity' of the religious community (the Church) by the systematic rejection and casting out of members who exhibit specific behaviors or internal states (hypocrisy, blasphemy).	9.0	Hermas	The Shepherd of Hermas	150	4	0	Broad societal group defined by religious behavior; the author describes contemporary religious norms.	3	Right to remain in the Church is access to a social role with tangible outcomes (community, rituals).	1	Being wicked or hypocritical is a behavioral state, changeable by choice.	3	Right to remain in the Church is a specific but broadly applicable religious protection.	4	Membership in the Church is long-term but revocable if one becomes wicked or hypocritical.	0	Exclusion from the Church is a consequence of being wicked/hypocritical, not the definition of it.	tlg1419.tlg001	3	Religion
tlg1443.tlg001.perseus-eng1#27	tlg1443.tlg001.perseus-eng1	Religion	Christian exclusion from world-pleasing	Christians	Right to social acceptance (heathen)	LESS	[§141] Give no occasion to the heathen, in order that the congregation of God may not be blasphemed for a few foolish persons. [...] [§160] Christianity is not the work of persuasiveness, but of greatness, when it is hated by the world.	1	1	Ignatius frames the Christian group as inherently 'hated by the world' and instructs members to avoid behaviors (like grudges) that would give 'the heathen' cause to further attack the group's reputation.	7.0	Ignatius of Antioch	Epistle of Ignatius to the Trallians	70	5	0	The group 'Christians' is a canonical societal group; the rule describes a contemporary social dynamic.	2	Right to social acceptance is a status access with weak material payoff.	3	Being a Christian is a religious identity, changeable with effort but durable.	3	Right to social acceptance is a specific but broadly applicable social protection.	5	The right to social acceptance is a lifelong status, either granted or denied by society.	0	The right to social acceptance is a social outcome, not inherent in the definition of 'Christians'.	tlg1443.tlg001	3	Religion
tlg0019.tlg003.perseus-eng2#41	tlg0019.tlg003.perseus-eng2	Wealth / Properties	Creditor right to judicial summons	Creditors	Right to initiate legal proceedings	MORE	[§41] For every one to whom I happen to be indebted, swears, and says he will ruin and destroy me, having made his deposits against me; [...] they say that thus they will never get back their money, but abuse me, as I am unjust, and say they will go to law with me.	1	1	The text describes the standard legal process in Athens where creditors (those to whom money is owed) initiate lawsuits by making 'deposits' (prytaneia) to the court on specific days.	10.0	Aristophanes	The Clouds	-409	5	0	The group 'Creditors' is a canonical societal role; the author describes contemporary legal procedures.	4	The right to initiate legal proceedings for debt recovery has direct material effect.	1	Creditor status is defined by an action (lending money), which is a temporary condition.	4	Right to initiate legal proceedings is a major recognizable right spanning many situations.	4	The right to initiate legal proceedings is a long-term civic right for creditors.	0	The right to initiate legal proceedings is a legal right, not inherent to being a creditor.	tlg0019.tlg003	3	Wealth / Properties
tlg0019.tlg003.perseus-eng2#10	tlg0019.tlg003.perseus-eng2	Wealth / Properties	Debtor legal evasion	Wealthy citizens	Right to retain wealth from creditors	MORE	[§10/§11] Yea, so that many be always seated at your gates, wishing to communicate with you and come to a conference with you, to consult with you as to actions and affidavits of many talents, as is worthy of your abilities... only to pervert the right for my own advantage, and to evade my creditors.	1	1	The text identifies a specific societal practice where individuals use legal sophistry to prevent the seizure of their property (talents) by creditors, establishing a rule of legal evasion for those with the appropriate education.	9.0	Aristophanes	The Clouds	-409	4	0	Broad societal group with a qualifier; the rule describes contemporary legal practices.	4	Protection from creditors directly impacts wealth, a concrete legal right with material effect.	3	Wealth is an acquired status, changeable with effort over time.	4	Retaining wealth from creditors is a major exemption spanning many situations.	2	Evading creditors is a procedure for a specific debt, not a permanent status.	0	Legal evasion is a specific action, not inherent in the definition of 'wealthy citizen' or 'right to retain wealth'.	tlg0019.tlg003	3	Wealth / Properties
tlg0086.tlg035.perseus-eng2#239	tlg0086.tlg035.perseus-eng2	Wealth / Properties	High office property qualification	Wealthy citizens	Eligibility for the archonship	MORE	[§140] ...it is a customary institution in it [the best democracy]... for the holders of the greatest magistracies to be elected and to have property-qualifications, the higher offices being elected from the higher property-grades.	1	1	The text describes a rule where access to the most powerful magistracies is restricted to those meeting specific wealth thresholds.	10.0	Aristotle	Politics	-348	4	0	Broad societal group; the author describes a contemporary political institution.	3	Eligibility for archonship is access to a social role with tangible outcomes.	3	Wealthy citizen is a wealth bracket, changeable with effort but durable.	3	Eligibility for the archonship is a specific but recurring political office.	4	Eligibility for office can last for many years but is subject to changes in law.	0	Eligibility for office based on wealth is a specific rule, not inherent to being a wealthy citizen.	tlg0086.tlg035	3	Wealth / Properties
tlg0557.tlg002.perseus-eng4#11	tlg0557.tlg002.perseus-eng4	Wealth / Properties	Poor greater hardship endurance	The poor	Capacity for physical endurance	MORE	[§47] But first consider how much more frugal are the poor than we, and how much more patient of hardship.	1	0	The author contrasts his own socio-economic group with 'the poor,' noting that the latter group possesses a greater degree of a specific resource (the ability to endure hardship/frugality) as a general social observation.	9.0	Epictetus	Enchiridion of Epictetus	85	5	0	Canonical societal group; the rule describes a contemporary social observation about the poor.	1	Capacity for physical endurance is an internal trait or capacity, not a material resource.	3	The poor is a wealth bracket, acquired over time, changeable with effort.	3	Capacity for physical endurance is a specific but broadly applicable personal attribute.	5	Capacity for endurance is a lifelong characteristic attributed to the poor.	0	Capacity for physical endurance is a personal trait, not inherently defined by being poor.	tlg0557.tlg002	3	Wealth / Properties
tlg0557.tlg002.perseus-eng4#10	tlg0557.tlg002.perseus-eng4	Wealth / Properties	Wealthy status over others	Wealthy citizens	Right to claim superiority	LESS	[§44] These reasonings have no logical connection: I am richer than you; therefore I am your superior. ... The true logical connection is rather this: I am richer than you; therefore my possessions must exceed yours.	1	0	The author argues against an existing social convention where the wealthy believe their material resources equate to personal or moral superiority over the poor.	7.0	Epictetus	Enchiridion of Epictetus	85	4	0	Broad societal group; the rule describes a contemporary social belief about wealthy citizens.	1	The right to claim superiority is an abstract concept of status and honor, not a material resource.	3	Wealthy status is acquired over time, changeable with effort.	5	Claiming superiority is related to political power and social standing.	5	The claim of superiority based on wealth is a structural social perception.	0	The right to claim superiority is a social construct, not inherent in the definition of a wealthy citizen.	tlg0557.tlg002	3	Wealth / Properties
