perseus_id	perseus_author	author_impact_date	wikidata_work_label	perseus_title	genre	form_of_creative_work	instance_of	factuality	factuality_reason
tlg0006.tlg009	Euripides	-445	Heracles Mad	Heracles			version, edition or translation, translation work	1	Euripides' 'Heracles Mad' is a Greek tragedy, which falls under the mythic/speculative category.
tlg0006.tlg007	Euripides	-445	Hecuba	Hecuba	Greek tragedy	play	dramatic work	1	Euripides' 'Hecuba' is a Greek tragedy, which falls under the mythic/speculative category.
tlg0006.tlg001	Euripides	-445	Cyclops	The Cyclops	satyr play	play	dramatic work	1	Euripides' 'Cyclops' is a satyr play, which typically draws on mythological themes and falls under the mythic/speculative category.
tlg0006.tlg006	Euripides	-445	Andromache	Andromache	Greek tragedy	play	dramatic work	1	Euripides' 'Andromache' is a Greek tragedy, which falls under the mythic/speculative category.
tlg0006.tlg008	Euripides	-445	The Suppliants	The Suppliants	Greek tragedy	play	dramatic work	1	Euripides' 'The Suppliants' is a Greek tragedy, which falls under the mythic/speculative category.
tlg0006.tlg012	Euripides	-445	Electra	Electra	Greek tragedy	play	dramatic work	1	Euripides' 'Electra' is a Greek tragedy, which falls under the mythic/speculative category.
tlg0006.tlg014	Euripides	-445	Helen	Helen	Greek tragedy	play	dramatic work	1	Euripides' 'Helen' is a Greek tragedy, which falls under the mythic/speculative category.
tlg0006.tlg003	Euripides	-445	Medea	Medea	Greek tragedy	play	dramatic work	1	Euripides' 'Medea' is a Greek tragedy, which falls under the mythic/speculative category.
tlg0006.tlg005	Euripides	-445	Hippolytus	Hippolytus	Greek tragedy	play	dramatic work	1	Euripides' 'Hippolytus' is a Greek tragedy, which falls under the mythic/speculative category.
tlg0006.tlg002	Euripides	-445	Alcestis	Alcestis	tragicomedy, Greek tragedy	play	dramatic work, literary work	1	Euripides' 'Alcestis' is a Greek tragedy, which falls under the mythic/speculative category.
tlg0006.tlg011	Euripides	-445	The Trojan Women	The Trojan Women	Greek tragedy	play	dramatic work	1	Euripides' 'The Trojan Women' is a Greek tragedy, which falls under the mythic/speculative category.
tlg0006.tlg016	Euripides	-445	Orestes	Orestes	Greek tragedy	play	dramatic work	1	Euripides' 'Orestes' is a Greek tragedy, which falls under the mythic/speculative category.
tlg0006.tlg018	Euripides	-445	Iphigenia in Aulis	Iphigenia in Aulis	Greek tragedy	play	dramatic work	1	Euripides' 'Iphigenia in Aulis' is a Greek tragedy, which falls under the mythic/speculative category.
tlg0006.tlg019	Euripides	-445	Rhesus	Rhesus			version, edition or translation, translation work	1	Euripides' 'Rhesus' is a Greek tragedy, which falls under the mythic/speculative category.
tlg0006.tlg017	Euripides	-445	The Bacchae	Bacchae	Greek tragedy	play	dramatic work	1	Euripides' 'The Bacchae' is a Greek tragedy, which falls under the mythic/speculative category.
tlg0006.tlg010	Euripides	-445	Ion	Ion	Greek tragedy, melodrama	play	dramatic work	1	Euripides' 'Ion' is a Greek tragedy, which falls under the mythic/speculative category.
tlg0006.tlg015	Euripides	-445	The Phœnician Maidens	The Phoenician Maidens			version, edition or translation	1	Euripides' 'The Phœnician Maidens' is a Greek tragedy, which falls under the mythic/speculative category.
tlg0006.tlg004	Euripides	-445	Herakles	Heracleidae	Greek tragedy	play	dramatic work	1	Euripides' 'Herakles' is a Greek tragedy, which falls under the mythic/speculative category.
tlg0006.tlg013	Euripides	-445	Iphigenia in Tauris	Iphigenia Among the Tauri	Greek tragedy, tragicomedy	play	dramatic work	1	Euripides' 'Iphigenia in Tauris' is a Greek tragedy, which falls under the mythic/speculative category.
tlg0008.tlg001	Athenaeus	205	Deipnosophistae	The Deipnosophists		anthology	written work	3	Athenaeus' 'Deipnosophistae' is an anthology of discussions on various topics, including contemporary life, making it contemporary documentation.
tlg0010.tlg009	Isocrates	-400	Helen	Helen			literary work	4	Isocrates' 'Helen' is a forensic oration, which invokes specific contemporary laws or legal procedures.
tlg0010.tlg007	Isocrates	-400	To Demonicus	To Demonicus			literary work	4	Isocrates' 'To Demonicus' is a forensic oration, which invokes specific contemporary laws or legal procedures.
tlg0010.tlg001	Isocrates	-400	Against Euthynus	Against Euthynus			literary work, oration	4	Isocrates' 'Against Euthynus' is a forensic oration, which invokes specific contemporary laws or legal procedures.
tlg0010.tlg006	Isocrates	-400	Aegineticus	Aegineticus			literary work, oration	4	Isocrates' 'Aegineticus' is a forensic oration, which invokes specific contemporary laws or legal procedures.
tlg0010.tlg030	Isocrates	-400	Philip	Letter 3. To Philip, II			literary work	4	Isocrates' 'Philip' is a forensic oration, which invokes specific contemporary laws or legal procedures.
tlg0010.tlg008	Isocrates	-400	Against the Sophists	Against the Sophists			literary work, oration	4	Isocrates was a forensic orator, and his orations, even if not strictly legal, invoke contemporary social and legal norms.
tlg0010.tlg015	Isocrates	-400	Evagoras	Evagoras			literary work	4	Isocrates was a forensic orator, and his orations, even if not strictly legal, invoke contemporary social and legal norms.
tlg0010.tlg012	Isocrates	-400	Plataicus	Plataicus			literary work, oration	4	Isocrates was a forensic orator, and his orations, even if not strictly legal, invoke contemporary social and legal norms.
tlg0010.tlg024	Isocrates	-400	Archidamus	Letter 9. To Archidamus			literary work	4	Isocrates was a forensic orator, and his orations, even if not strictly legal, invoke contemporary social and legal norms.
tlg0010.tlg022	Isocrates	-400	To Dionysius	Letter 1. To Dionysius			letter, literary work	3	As a letter, this work provides contemporary documentation of social rules through its direct address and content.
tlg0010.tlg013	Isocrates	-400	To Nicocles	To Nicocles			literary work, oration	4	Isocrates was a forensic orator, and his orations, even if not strictly legal, invoke contemporary social and legal norms.
tlg0010.tlg014	Isocrates	-400	Nicocles	Nicocles or the Cyprians	treatise	prose	translated work, literary work	3	As a treatise, this work provides contemporary documentation of social rules.
tlg0010.tlg003	Isocrates	-400	Against Lochites	Against Lochites			literary work, oration	4	Isocrates was a forensic orator, and his orations, even if not strictly legal, invoke contemporary social and legal norms.
tlg0010.tlg005	Isocrates	-400	Trapeziticus	Trapeziticus			literary work, oration	4	Isocrates was a forensic orator, and his orations, even if not strictly legal, invoke contemporary social and legal norms.
tlg0010.tlg002	Isocrates	-400	Against Callimachus	Against Callimachus			literary work, oration	4	Isocrates was a forensic orator, and his orations, even if not strictly legal, invoke contemporary social and legal norms.
tlg0010.tlg011	Isocrates	-400	Panegyricus	Panegyricus	panegyric		literary work, oration	4	Isocrates was a forensic orator, and his orations, even if not strictly legal, invoke contemporary social and legal norms.
tlg0010.tlg016	Isocrates	-400	Archidamus	Archidamus			literary work	4	Isocrates was a forensic orator, and his orations, even if not strictly legal, invoke contemporary social and legal norms.
tlg0010.tlg029	Isocrates	-400	To Antipater	Letter 4. To Antipater			letter, literary work	3	As a letter, this work provides contemporary documentation of social rules through its direct address and content.
tlg0010.tlg020	Isocrates	-400	Philip	To Philip			literary work	4	Isocrates was a forensic orator, and his orations, even if not strictly legal, invoke contemporary social and legal norms.
tlg0010.tlg027	Isocrates	-400	Philip	Letter 2. To Philip, I			literary work	4	Isocrates was a forensic orator, and his orations, even if not strictly legal, invoke contemporary social and legal norms.
tlg0010.tlg018	Isocrates	-400	Areopagiticus	Areopagiticus			literary work, oration	4	Isocrates was a forensic orator, and his orations, even if not strictly legal, invoke contemporary social and legal norms.
tlg0010.tlg026	Isocrates	-400	To Timotheus	Letter 7. To Timotheus			letter, literary work	3	As a letter, this work provides contemporary documentation of social rules through its direct address and content.
tlg0010.tlg019	Isocrates	-400	Antidosis	Antidosis			oration, literary work	4	Isocrates was a forensic orator, and his orations, even if not strictly legal, invoke contemporary social and legal norms.
tlg0010.tlg021	Isocrates	-400	Panathenaicus	Panathenaicus			literary work, oration	4	Isocrates was a forensic orator, and his orations, even if not strictly legal, invoke contemporary social and legal norms.
tlg0010.tlg017	Isocrates	-400	On the peace	On the Peace			literary work, oration	4	Isocrates was a forensic orator, and his orations, even if not strictly legal, invoke contemporary social and legal norms.
tlg0010.tlg028	Isocrates	-400	To Alexander	Letter 5. To Alexander			letter, literary work	3	As a letter, this work provides contemporary documentation of social rules through its direct address and content.
tlg0010.tlg010	Isocrates	-400	Busiris	Busiris			literary work	4	Isocrates was a forensic orator, and his orations, even if not strictly legal, invoke contemporary social and legal norms.
tlg0010.tlg004	Isocrates	-400	On the Team of Horses	Concerning the Team of Horses			literary work, oration	4	Isocrates was a forensic orator, and his orations, even if not strictly legal, invoke contemporary social and legal norms.
tlg0010.tlg025	Isocrates	-400	To the kings of the Mytilenians	Letter 8. To the Rulers of the Mytilenaeans			letter, literary work	3	As a letter, this work provides contemporary documentation of social rules through its direct address and content.
tlg0010.tlg023	Isocrates	-400	To the sons of Jason	Letter 6. To the Children of Jason			letter, literary work	3	As a letter, this work provides contemporary documentation of social rules through its direct address and content.
tlg0011.tlg007	Sophocles	-460	Oedipus at Colonus	Oedipus at Colonus	Greek tragedy	play	dramatic work	1	Sophocles' 'Oedipus at Colonus' is a Greek tragedy, which is a mythic/speculative genre.
tlg0011.tlg001	Sophocles	-460	Trachiniae	Trachiniae	Greek tragedy	play	dramatic work	1	Sophocles' 'Trachiniae' is a Greek tragedy, which is a mythic/speculative genre.
tlg0011.tlg006	Sophocles	-460	Philoctetes	Philoctetes	Greek tragedy	play	dramatic work	1	Sophocles' 'Philoctetes' is a Greek tragedy, which is a mythic/speculative genre.
tlg0011.tlg003	Sophocles	-460	Ajax	Ajax	Greek tragedy	play	dramatic work	1	Sophocles' 'Ajax' is a Greek tragedy, which is a mythic/speculative genre.
tlg0011.tlg005	Sophocles	-460	Electra	Electra	Greek tragedy, thriller	play	dramatic work	1	Sophocles' 'Electra' is a Greek tragedy, which is a mythic/speculative genre.
tlg0011.tlg002	Sophocles	-460	Antigone	Antigone	Greek tragedy	play	dramatic work	1	Sophocles' 'Antigone' is a Greek tragedy, which is a mythic/speculative genre.
tlg0011.tlg004	Sophocles	-460	Oedipus Rex	Oedipus Tyrannus	Greek tragedy	play	dramatic work	1	Sophocles' 'Oedipus Rex' is a Greek tragedy, which is a mythic/speculative genre.
tlg0011.tlg008	Sophocles	-460	Trachinki	Tracking Satyrs			version, edition or translation	1	Sophocles' 'Trachinki' is a version of a Greek tragedy, which is a mythic/speculative genre.
tlg0012.tlg001	Homer	-750	Iliad	Iliad	epic poem	long poem	literary work, oral poetry	1	Homer's 'Iliad' is an epic poem, which is a mythic/speculative genre.
tlg0012.tlg003	Homer	-750	Epigrams	Epigrams		poetry collection	literary work	1	Homer's 'Epigrams' are likely to be mythic or speculative, consistent with his other works.
tlg0012.tlg002	Homer	-750	Odyssey	Odyssey	epic poem		literary work	1	Homer's 'Odyssey' is an epic poem, which is a mythic/speculative genre.
tlg0014.tlg054	Demosthenes	-348	Against Conon	Against Conon			literary work, oration	4	Demosthenes' 'Against Conon' is a legal oration, directly invoking contemporary laws and procedures.
tlg0014.tlg053	Demosthenes	-348	Against Nicostratus	Apollodorus Against Nicostratus			literary work, oration	4	Demosthenes' 'Against Nicostratus' is a legal oration, directly invoking contemporary laws and procedures.
tlg0014.tlg062	Demosthenes	-348	Exordia	Exordia			written work, group of literary works	4	Demosthenes' 'Exordia' are likely forensic or political speeches, directly invoking contemporary laws and procedures.
tlg0014.tlg009	Demosthenes	-348	Third Philippic	Third Philippic			literary work, oration	4	Demosthenes' 'Third Philippic' is a political oration, directly invoking contemporary laws and procedures.
tlg0014.tlg036	Demosthenes	-348	For Phormion	For Phormio			literary work, oration	4	Demosthenes' 'For Phormion' is a legal oration, directly invoking contemporary laws and procedures.
tlg0014.tlg031	Demosthenes	-348	Against Onetor I	Against Onetor II			literary work, oration	4	Demosthenes' 'Against Onetor I' is a legal oration, directly invoking contemporary laws and procedures.
tlg0014.tlg038	Demosthenes	-348	Against Nausimachus and Xenopeithes	Against Nausimachus and Xenopeithes			literary work, oration	4	Demosthenes' 'Against Nausimachus and Xenopeithes' is a legal oration, directly invoking contemporary laws and procedures.
tlg0014.tlg063	Demosthenes	-348	Letters	Letters			correspondence, written work	2	Demosthenes' 'Letters' are personal essays where contemporary norms might be mentioned in passing.
tlg0014.tlg055	Demosthenes	-348	Against Callicles	Against Callicles			literary work, oration	4	Demosthenes' 'Against Callicles' is a legal oration, directly invoking contemporary laws and procedures.
tlg0014.tlg039	Demosthenes	-348	Against Boeotus	Against Boeotus I			group of literary works	4	Demosthenes' 'Against Boeotus' is a legal oration, directly invoking contemporary laws and procedures.
tlg0014.tlg006	Demosthenes	-348	Philippic	Second Philippic	apologia, philippic		group of literary works	4	Demosthenes' 'Philippic' is a political oration, directly invoking contemporary laws and procedures.
tlg0014.tlg030	Demosthenes	-348	Against Onetor I	Against Onetor I			literary work, oration	4	Demosthenes' 'Against Onetor I' is a legal oration, directly invoking contemporary laws and procedures.
tlg0014.tlg008	Demosthenes	-348	On the Chersonese	On the Chersonese			literary work, oration	4	Demosthenes' 'On the Chersonese' is a political oration, directly invoking contemporary laws and procedures.
tlg0014.tlg037	Demosthenes	-348	Against Pantaenetus	Against Pantaenetus			literary work, oration	4	Demosthenes' 'Against Pantaenetus' is a legal oration, directly invoking contemporary laws and procedures.
tlg0014.tlg024	Demosthenes	-348	Against Timocrates	Against Timocrates			literary work, oration	4	Demosthenes' 'Against Timocrates' is a legal oration that invokes specific contemporary laws and legal procedures.
tlg0014.tlg023	Demosthenes	-348	Against Aristocrates	Against Aristocrates			literary work, oration	4	Demosthenes' 'Against Aristocrates' is a legal oration that invokes specific contemporary laws and legal procedures.
tlg0014.tlg048	Demosthenes	-348	Against Olympiodorus	Against Olympiodorus			literary work, oration	4	Demosthenes' 'Against Olympiodorus' is a legal oration that invokes specific contemporary laws and legal procedures.
tlg0014.tlg041	Demosthenes	-348	Against Spudias	Against Spudias			oration, literary work	4	Demosthenes' 'Against Spudias' is a legal oration that invokes specific contemporary laws and legal procedures.
tlg0014.tlg022	Demosthenes	-348	Against Androtion	Against Androtion			oration, literary work	4	Demosthenes' 'Against Androtion' is a legal oration that invokes specific contemporary laws and legal procedures.
tlg0014.tlg025	Demosthenes	-348	Against Aristogeiton	Against Aristogeiton I			group of literary works	4	Demosthenes' 'Against Aristogeiton' is a legal oration that invokes specific contemporary laws and legal procedures.
tlg0014.tlg014	Demosthenes	-348	On the Navy	On the Navy-Boards			literary work, oration	4	Demosthenes' 'On the Navy' is a political oration that discusses contemporary policies and legal frameworks.
tlg0014.tlg040	Demosthenes	-348	Against Boeotus	Against Boeotus II			group of literary works	4	Demosthenes' 'Against Boeotus' is a legal oration that invokes specific contemporary laws and legal procedures.
tlg0014.tlg049	Demosthenes	-348	Against Timotheus	Apollodorus Against Timotheus			oration, literary work	4	Demosthenes' 'Against Timotheus' is a legal oration that invokes specific contemporary laws and legal procedures.
tlg0014.tlg032	Demosthenes	-348	Against Zenothemis	Against Zenothemis			literary work, oration	4	Demosthenes' 'Against Zenothemis' is a legal oration that invokes specific contemporary laws and legal procedures.
tlg0014.tlg035	Demosthenes	-348	Against Lacritus	Against Lacritus			literary work, oration	4	Demosthenes' 'Against Lacritus' is a legal oration that invokes specific contemporary laws and legal procedures.
tlg0014.tlg004	Demosthenes	-348	Philippic	First Philippic	apologia, philippic		group of literary works	4	Demosthenes' 'Philippic' orations are political speeches that address contemporary issues and legal implications.
tlg0014.tlg050	Demosthenes	-348	Against Polycles	Apollodorus Against Polycles			oration, literary work	4	Demosthenes' 'Against Polycles' is a legal oration that invokes specific contemporary laws and legal procedures.
tlg0014.tlg057	Demosthenes	-348	Against Eubulides	Against Eubulides			literary work, oration	4	Demosthenes' 'Against Eubulides' is a legal oration that invokes specific contemporary laws and legal procedures.
tlg0014.tlg005	Demosthenes	-348	On the Peace	On the Peace			literary work, oration	4	Demosthenes' 'On the Peace' is a political oration that discusses contemporary policies and legal frameworks.
tlg0014.tlg034	Demosthenes	-348	Against Phormio	Against Phormio			literary work, oration	4	Demosthenes' 'Against Phormio' is a legal oration that invokes specific contemporary laws and legal procedures.
tlg0014.tlg058	Demosthenes	-348	Against Theocrines	Against Theocrines			literary work, oration	4	Demosthenes' 'Against Theocrines' is a legal oration that invokes specific contemporary laws and legal procedures.
tlg0014.tlg056	Demosthenes	-348	Against Dionysodorus	Against Dionysodorus			literary work, oration	4	Demosthenes' 'Against Dionysodorus' is a legal oration that invokes specific contemporary laws and legal procedures.
tlg0014.tlg051	Demosthenes	-348	On the Trierarchic Crown	On The Trierarchic Crown			literary work, oration	4	Demosthenes' 'On the Trierarchic Crown' is a legal oration that invokes specific contemporary laws and legal procedures.
tlg0014.tlg029	Demosthenes	-348	Against Aphobus I	Against Aphobus III			oration, literary work	4	Demosthenes' 'Against Aphobus I' is a legal oration that invokes specific contemporary laws and legal procedures.
tlg0014.tlg020	Demosthenes	-348	Against Leptines	Against Leptines			literary work, oration	4	Demosthenes' 'Against Leptines' is a legal oration that invokes specific contemporary laws and legal procedures.
tlg0014.tlg027	Demosthenes	-348	Against Aphobus I	Against Aphobus I			oration, literary work	4	Demosthenes' 'Against Aphobus I' is a legal oration that invokes specific contemporary laws and legal procedures.
tlg0014.tlg018	Demosthenes	-348	On the Crown	On the Crown			literary work, oration	4	Demosthenes' 'On the Crown' is a legal oration that invokes specific contemporary laws and legal procedures.
tlg0014.tlg044	Demosthenes	-348	Against Leochares	Against Leochares			literary work, oration	4	Demosthenes' 'Against Leochares' is a legal oration that invokes specific contemporary laws and legal procedures.
tlg0014.tlg043	Demosthenes	-348	Against Macartatus	Against Macartatus			literary work, oration	4	Demosthenes' 'Against Macartatus' is a legal oration that invokes specific contemporary laws and legal procedures.
tlg0014.tlg026	Demosthenes	-348	Against Aristogeiton	Against Aristogeiton II			group of literary works	4	Demosthenes' 'Against Aristogeiton' is a legal oration that invokes specific contemporary laws and legal procedures.
tlg0014.tlg021	Demosthenes	-348	Against Meidias	Against Meidias			literary work, oration	4	Demosthenes' 'Against Meidias' is a legal oration that invokes specific contemporary laws and legal procedures.
tlg0014.tlg028	Demosthenes	-348	Against Aphobus I	Against Aphobus II			oration, literary work	4	Demosthenes' 'Against Aphobus I' is a legal oration that invokes specific contemporary laws and legal procedures.
tlg0014.tlg010	Demosthenes	-348	Philippic	Fourth Philippic	apologia, philippic		group of literary works	4	Demosthenes' 'Philippic' speeches are political orations that invoke specific contemporary laws or political procedures.
tlg0014.tlg052	Demosthenes	-348	Against Callippus	Apollodorus Against Callipus			oration, literary work	4	Demosthenes' 'Against Callippus' is a legal oration that invokes specific contemporary laws and legal procedures.
tlg0014.tlg015	Demosthenes	-348	On the Liberty of the Rhodians	For the Liberty of the Rhodians			literary work, oration	4	Demosthenes' 'On the Liberty of the Rhodians' is a political oration that invokes specific contemporary laws or political procedures.
tlg0014.tlg047	Demosthenes	-348	Against Euergus and Mnesibulus	Against Evergus And Mnesibulus			literary work, oration	4	Demosthenes' 'Against Euergus and Mnesibulus' is a legal oration that invokes specific contemporary laws and legal procedures.
tlg0014.tlg033	Demosthenes	-348	Against Apatourius	Against Apaturius			literary work, oration	4	Demosthenes' 'Against Apatourius' is a legal oration that invokes specific contemporary laws and legal procedures.
tlg0014.tlg001	Demosthenes	-348	Olynthiacs	First Olynthiac			group of literary works	4	Demosthenes' 'Olynthiacs' are political orations that invoke specific contemporary laws or political procedures.
tlg0014.tlg046	Demosthenes	-348	Against Stephanos	Apollodorus Against Stephanus II			group of literary works	4	Demosthenes' 'Against Stephanos' speeches are legal orations that invoke specific contemporary laws and legal procedures.
tlg0014.tlg003	Demosthenes	-348	Olynthiacs	Third Olynthiac			group of literary works	4	Demosthenes' 'Olynthiacs' are political orations that invoke specific contemporary laws or political procedures.
tlg0014.tlg002	Demosthenes	-348	Olynthiacs	Second Olynthiac			group of literary works	4	Demosthenes' 'Olynthiacs' are political orations that invoke specific contemporary laws or political procedures.
tlg0014.tlg045	Demosthenes	-348	Against Stephanos	Apollodorus Against Stephanus I			group of literary works	4	Demosthenes' 'Against Stephanos' speeches are legal orations that invoke specific contemporary laws and legal procedures.
tlg0014.tlg012	Demosthenes	-348	Letters	Philip’s Letter			correspondence, written work	2	Demosthenes' 'Letters' are personal essays where contemporary norms might be mentioned in passing, making them indirect contemporary inference.
tlg0014.tlg011	Demosthenes	-348	Letters	Answer to Philip’s Letter			correspondence, written work	2	Demosthenes' 'Letters' are personal essays where contemporary norms might be mentioned in passing, making them indirect contemporary inference.
tlg0014.tlg061	Demosthenes	-348	Erotic Essay	The Erotic Essay			oration, literary work	3	Demosthenes' 'Erotic Essay' is a prose piece that would likely discuss contemporary social norms related to love and relationships.
tlg0014.tlg019	Demosthenes	-348	On the False Embassy	On the Embassy			oration, literary work	4	Demosthenes' 'On the False Embassy' is a political oration that invokes specific contemporary laws or political procedures.
tlg0014.tlg013	Demosthenes	-348	On Organization	On Organization			oration, literary work	4	Demosthenes' 'On Organization' is a political oration that invokes specific contemporary laws or political procedures.
tlg0014.tlg042	Demosthenes	-348	Against Stephanos	Against Phaenippus			group of literary works	4	Demosthenes' 'Against Stephanos' speeches are legal orations that invoke specific contemporary laws and legal procedures.
tlg0014.tlg059	Demosthenes	-348	Against Onetor	Apollodorus Against Neaera			group of literary works	4	Demosthenes' 'Against Onetor' speeches are legal orations that invoke specific contemporary laws and legal procedures.
tlg0014.tlg017	Demosthenes	-348	On the Peace	On the Treaty with Alexander			literary work, oration	4	Demosthenes' 'On the Peace' is a political oration that invokes specific contemporary laws or political procedures.
tlg0014.tlg016	Demosthenes	-348	For the Megalopolitans	For the People of Megalopolis			oration, literary work	4	Demosthenes' 'For the Megalopolitans' is a political oration that invokes specific contemporary laws or political procedures.
tlg0014.tlg060	Demosthenes	-348	Demosthenes' Funeral Oration	The Funeral Speech			literary work, oration	4	Demosthenes' 'Funeral Oration' is a political oration that would reflect contemporary social and political values.
tlg0014.tlg007	Demosthenes	-348	On the Navy	On Halonnesus			literary work, oration	4	Demosthenes' 'On the Navy' is a political oration that invokes specific contemporary laws or political procedures related to naval policy.
tlg0017.tlg006	Isaeus	-384	On the Estate of Philoctemones	On the Estate of Philoctemon			literary work, oration	4	Isaeus' 'On the Estate of Philoctemones' is a legal oration that invokes specific contemporary laws and legal procedures concerning inheritance.
tlg0017.tlg008	Isaeus	-384	On the Estate of Ciron	On The Estate of Ciron			oration, literary work	4	Isaeus was a forensic orator, and his works are legal orations that invoke specific contemporary laws or legal procedures.
tlg0017.tlg005	Isaeus	-384	On the Estate of Dicaeogenes	On the Estate of Dicaeogenes			literary work, oration	4	Isaeus was a forensic orator, and his works are legal orations that invoke specific contemporary laws or legal procedures.
tlg0017.tlg002	Isaeus	-384	On the Estate of Menecles	On the Estate of Menecles			oration, literary work	4	Isaeus was a forensic orator, and his works are legal orations that invoke specific contemporary laws or legal procedures.
tlg0017.tlg011	Isaeus	-384	On the Estate of Hagnias	On the Estate of Hagnias			literary work, oration	4	Isaeus was a forensic orator, and his works are legal orations that invoke specific contemporary laws or legal procedures.
tlg0017.tlg007	Isaeus	-384	On the Estate of Apollodoros	On The Estate of Apollodorus			literary work, oration	4	Isaeus was a forensic orator, and his works are legal orations that invoke specific contemporary laws or legal procedures.
tlg0017.tlg010	Isaeus	-384	On the Estate of Aristarchos	On The Estate of Aristarchus			literary work, oration	4	Isaeus was a forensic orator, and his works are legal orations that invoke specific contemporary laws or legal procedures.
tlg0017.tlg009	Isaeus	-384	On the Estate of Astyphilos	On the Estate of Astyphilus			literary work, oration	4	Isaeus was a forensic orator, and his works are legal orations that invoke specific contemporary laws or legal procedures.
tlg0017.tlg001	Isaeus	-384	On the Estate of Cleonymos	On The Estate of Cleonymus			literary work, oration	4	Isaeus was a forensic orator, and his works are legal orations that invoke specific contemporary laws or legal procedures.
tlg0017.tlg003	Isaeus	-384	On the Estate of Pyrrhos	On The Estate Of Pyrrhus			oration, literary work	4	Isaeus was a forensic orator, and his works are legal orations that invoke specific contemporary laws or legal procedures.
tlg0017.tlg004	Isaeus	-384	On the Estate of Ciron	On the Estate of Nicostratus			oration, literary work	4	Isaeus was a forensic orator, and his works are legal orations that invoke specific contemporary laws or legal procedures.
tlg0017.tlg012	Isaeus	-384	For Euphiletos	On Behalf of Euphiletus			literary work, oration	4	Isaeus was a forensic orator, and his works are legal orations that invoke specific contemporary laws or legal procedures.
tlg0019.tlg006	Aristophanes	-409	The Birds	Birds	Old Comedy	play	dramatic work	3	Aristophanes' comedies satirize living Athenians and contemporary society, providing contemporary documentation of social rules.
tlg0019.tlg003	Aristophanes	-409	The Clouds	Clouds	Old Comedy	play	dramatic work	3	Aristophanes' comedies satirize living Athenians and contemporary society, providing contemporary documentation of social rules.
tlg0020.tlg001	Hesiod	-740	Theogony	Theogony	narrative poetry		literary work	1	Hesiod's Theogony is a mythographic compilation, detailing the origins and genealogies of the Greek gods.
tlg0020.tlg002	Hesiod	-740	Works and Days	Works and Days	poetry, didactic poetry	poem	literary work	1	Hesiod's Works and Days is a didactic poem that, while offering practical advice, is rooted in a mythic worldview and does not provide direct evidence of codified laws.
tlg0020.tlg003	Hesiod	-740	Shield of Heracles	Shield of Heracles	epic poem	poem	literary work	1	Hesiod's Shield of Heracles is an epic poem that invokes myth, placing it in the mythic/speculative category.
tlg0026.tlg001	Aeschines	-354	Against Timarchus	Against Timarchus			oration, literary work	4	Aeschines was a forensic orator, and his works are legal orations that invoke specific contemporary laws or legal procedures.
tlg0026.tlg003	Aeschines	-354	Against Ctesiphon	Against Ctesiphon			literary work, oration	4	Aeschines was a forensic orator, and his works are legal orations that invoke specific contemporary laws or legal procedures.
tlg0026.tlg002	Aeschines	-354	On the Embassy	On the Embassy			literary work, oration	4	Aeschines was a forensic orator, and his works are legal orations that invoke specific contemporary laws or legal procedures.
tlg0027.tlg001	Andocides	-500	On the Mysteries	On the Mysteries			literary work, oration	4	Andocides was a forensic orator, and his works are legal orations that invoke specific contemporary laws or legal procedures.
tlg0027.tlg003	Andocides	-500	On the Peace with Sparta	On the Peace with Sparta			literary work, oration	4	Andocides was a forensic orator, and his works are legal orations that invoke specific contemporary laws or legal procedures.
tlg0027.tlg002	Andocides	-500	On His Return	On His Return			version, edition or translation	4	Andocides was a forensic orator, and his works are legal orations that invoke specific contemporary laws or legal procedures.
tlg0027.tlg004	Andocides	-500		Against Alcibiades				4	Andocides was a forensic orator, and his works are legal orations that invoke specific contemporary laws or legal procedures.
tlg0028.tlg006	Antiphon	-500	On the Choreutes	On the Choreutes			oration, literary work	4	Antiphon was a forensic orator, and his works are legal orations that invoke specific contemporary laws or legal procedures.
tlg0028.tlg003	Antiphon	-500	Second Tetralogy	The Second Tetralogy: Prosecution for Accidental Homicide			literary work, oration	4	Antiphon was a forensic orator, and his works are legal orations that invoke specific contemporary laws or legal procedures.
tlg0028.tlg004	Antiphon	-500	Third Tetralogy	The Third Tetralogy: Prosecution for Murder Of One Who Pleads That He Was Acting in Self-Defence			oration, literary work	4	Antiphon's 'Third Tetralogy' is a legal oration, providing insight into contemporary legal procedures and norms.
tlg0028.tlg005	Antiphon	-500	On the Murder of Herodes	On the Murder of Herodes			literary work, oration	4	Antiphon's 'On the Murder of Herodes' is a legal oration, reflecting contemporary legal practices and social rules.
tlg0028.tlg002	Antiphon	-500	First Tetralogy	The First Tetralogy: Anonymous Prosecution for Murder			literary work, oration	4	Antiphon's 'First Tetralogy' is a legal oration, offering evidence of legal arguments and social expectations of the time.
tlg0028.tlg001	Antiphon	-500	Against the Stepmother for Poisoning	Prosecution Of The Stepmother For Poisoning			literary work, oration	4	Antiphon's 'Against the Stepmother for Poisoning' is a legal oration, detailing legal procedures and social attitudes towards crime.
tlg0029.tlg006	Dinarchus	-324	Against Philocles	Against Philocles			literary work, oration	4	Dinarchus' 'Against Philocles' is a legal oration, providing direct evidence of legal and political norms.
tlg0029.tlg004	Dinarchus	-324	Against Demosthenes	Against Demosthenes			written work, oration	4	Dinarchus' 'Against Demosthenes' is a legal oration, reflecting contemporary legal and political discourse.
tlg0029.tlg005	Dinarchus	-324	Against Aristogeiton	Against Aristogiton			literary work, oration	4	Dinarchus' 'Against Aristogeiton' is a legal oration, offering insight into legal arguments and social rules.
tlg0030.tlg001	Hyperides	-360		In Defence of Lycophron				4	Hyperides was a forensic orator, so his works, though unspecified, would be legal orations.
tlg0030.tlg006	Hyperides	-360		Funeral Speech				4	Hyperides was a forensic orator, so his works, though unspecified, would be legal orations.
tlg0030.tlg003	Hyperides	-360		Against Athenogenes				4	Hyperides was a forensic orator, so his works, though unspecified, would be legal orations.
tlg0030.tlg004	Hyperides	-360		In Defence of Euxenippus				4	Hyperides was a forensic orator, so his works, though unspecified, would be legal orations.
tlg0030.tlg005	Hyperides	-360		Against Demosthenes				4	Hyperides was a forensic orator, so his works, though unspecified, would be legal orations.
tlg0030.tlg002	Hyperides	-360		Against Philippides				4	Hyperides was a forensic orator, so his works, though unspecified, would be legal orations.
tlg0031.tlg009	New Testament	100		Galatians				3	The New Testament provides contemporary documentation of early Christian communities and their social rules.
tlg0031.tlg007	New Testament	100		1 Corinthians				3	The New Testament provides contemporary documentation of early Christian communities and their social rules.
tlg0031.tlg001	New Testament	100		Matthew				3	The New Testament provides contemporary documentation of early Christian communities and their social rules.
tlg0031.tlg006	New Testament	100		Romans				3	The New Testament provides contemporary documentation of early Christian communities and their social rules.
tlg0031.tlg008	New Testament	100		2 Corinthians				3	The New Testament provides contemporary documentation of early Christian communities and their social rules.
tlg0031.tlg015	New Testament	100		1 Timothy				3	The New Testament provides contemporary documentation of early Christian communities and their social rules.
tlg0031.tlg012	New Testament	100		Colossians				3	The New Testament provides contemporary documentation of early Christian communities and their social rules.
tlg0031.tlg024	New Testament	100		2 John				3	The New Testament provides contemporary documentation of early Christian communities and their social rules.
tlg0031.tlg023	New Testament	100		1 John				3	The New Testament provides contemporary documentation of early Christian communities and their social rules.
tlg0031.tlg022	New Testament	100		2 Peter				3	The New Testament provides contemporary documentation of early Christian communities and their social rules.
tlg0031.tlg025	New Testament	100		3 John				3	The New Testament provides contemporary documentation of early Christian communities and their social rules.
tlg0031.tlg013	New Testament	100		I Thessalonians				3	The New Testament provides contemporary documentation of early Christian communities and their social rules.
tlg0031.tlg014	New Testament	100		II Thessalonians				3	The New Testament provides contemporary documentation about the early church and its social norms.
tlg0031.tlg003	New Testament	100		Luke				3	The New Testament provides contemporary documentation about the early church and its social norms.
tlg0031.tlg004	New Testament	100		John				3	The New Testament provides contemporary documentation about the early church and its social norms.
tlg0031.tlg005	New Testament	100		Acts				3	The New Testament provides contemporary documentation about the early church and its social norms.
tlg0031.tlg002	New Testament	100		Mark				3	The New Testament provides contemporary documentation about the early church and its social norms.
tlg0031.tlg011	New Testament	100		Philippians				3	The New Testament provides contemporary documentation about the early church and its social norms.
tlg0031.tlg016	New Testament	100		2 Timothy				3	The New Testament provides contemporary documentation about the early church and its social norms.
tlg0031.tlg020	New Testament	100		James				3	The New Testament provides contemporary documentation about the early church and its social norms.
tlg0031.tlg027	New Testament	100		Apocalypse				3	The New Testament provides contemporary documentation about the early church and its social norms.
tlg0031.tlg018	New Testament	100		Philemon				3	The New Testament provides contemporary documentation about the early church and its social norms.
tlg0031.tlg026	New Testament	100		Jude				3	The New Testament provides contemporary documentation about the early church and its social norms.
tlg0031.tlg019	New Testament	100		Hebrews				3	The New Testament provides contemporary documentation about the early church and its social norms.
tlg0031.tlg021	New Testament	100		1 Peter				3	The New Testament provides contemporary documentation about the early church and its social norms.
tlg0031.tlg017	New Testament	100		Titus				3	The New Testament provides contemporary documentation about the early church and its social norms.
tlg0031.tlg010	New Testament	100		Ephesians				3	The New Testament provides contemporary documentation about the early church and its social norms.
tlg0033.tlg003	Pindar	-481	Nemean Odes	Nemean Odes	lyric poetry	poetry collection	literary work	1	Pindar's Nemean Odes are victory odes that invoke myth, placing them in the mythic/speculative category.
tlg0033.tlg004	Pindar	-481	Isthmian Odes	Isthmian Odes	lyric poetry, ode	poetry collection	literary work	1	Pindar's Isthmian Odes are victory odes that invoke myth, placing them in the mythic/speculative category.
tlg0033.tlg002	Pindar	-481	Pythian Odes	Pythian Odes	ode, lyric poetry	poetry collection	literary work	1	Pindar's Pythian Odes are victory odes that invoke myth, placing them in the mythic/speculative category.
tlg0033.tlg001	Pindar	-481	Olympic Odes	Olympian Odes	lyric poetry, ode	poetry collection	literary work	1	Pindar's Olympic Odes are victory odes that invoke myth, placing them in the mythic/speculative category.
tlg0034.tlg001	Lycurgus	-354	Against Leocrates	Against Leocrates			literary work, oration	4	Lycurgus' 'Against Leocrates' is a legal oration that invokes specific contemporary laws or legal procedures.
tlg0057.tlg010	Galen	164	On the Natural Faculties	On the Natural Faculties.			version, edition or translation	3	Galen's 'On the Natural Faculties' is a medical treatise, providing contemporary documentation.
tlg0059.tlg009	Plato	-393	Parmenides	Parmenides	Platonic dialogue		written work	3	Plato's 'Parmenides' is a philosophical dialogue, providing contemporary documentation.
tlg0059.tlg031	Plato	-393	Timaeus	Timaeus	Socratic dialogue		written work, Platonic dialogue	3	Plato's 'Timaeus' is a philosophical dialogue, providing contemporary documentation.
tlg0059.tlg007	Plato	-393	Sophist	Sophist	Socratic dialogue		Platonic dialogue, written work	3	Plato's 'Sophist' is a philosophical dialogue, providing contemporary documentation.
tlg0059.tlg001	Plato	-393	Euthyphro	Euthyphro	Socratic dialogue	prose	literary work, Platonic dialogue	3	Plato's 'Euthyphro' is a philosophical dialogue, providing contemporary documentation.
tlg0059.tlg006	Plato	-393	Theaetetus	Theaetetus	dialogue		written work	3	Plato's 'Theaetetus' is a philosophical dialogue that explores contemporary ideas about knowledge, fitting into the 'Contemporary Documentation' category.
tlg0059.tlg030	Plato	-393	The Republic	Republic	dialogue	prose	literary work	1	Plato's 'The Republic' is a philosophical dialogue that outlines a utopian society, making it a 'Mythic / Speculative' treatise.
tlg0059.tlg008	Plato	-393	Statesman	Statesman	dialogue		written work, Platonic dialogue	3	Plato's 'Statesman' is a philosophical dialogue discussing political theory and governance, which falls under 'Contemporary Documentation'.
tlg0059.tlg015	Plato	-393	Hipparchus	Hipparchus	dialogue		written work, Platonic dialogue	3	Plato's 'Hipparchus' is a philosophical dialogue that discusses contemporary ethical and social concepts, fitting into 'Contemporary Documentation'.
tlg0059.tlg012	Plato	-393	Phaedrus	Phaedrus	Socratic dialogue		written work	3	Plato's 'Phaedrus' is a philosophical dialogue that discusses rhetoric, love, and the soul, reflecting contemporary thought and thus 'Contemporary Documentation'.
tlg0059.tlg024	Plato	-393	Meno	Meno	dialogue		written work, Platonic dialogue	3	Plato's 'Meno' is a philosophical dialogue exploring virtue and knowledge, which provides 'Contemporary Documentation' of philosophical inquiry.
tlg0059.tlg023	Plato	-393	Gorgias	Gorgias	dialogue		written work	3	Plato's 'Gorgias' is a philosophical dialogue that critiques rhetoric and politics, offering 'Contemporary Documentation' of social and ethical debates.
tlg0059.tlg022	Plato	-393	Protagoras	Protagoras	Socratic dialogue		written work, Platonic dialogue	3	Plato's 'Protagoras' is a philosophical dialogue discussing the nature of virtue and education, providing 'Contemporary Documentation' of intellectual discourse.
tlg0059.tlg025	Plato	-393	Hippias Major	Hippias Major	dialogue		written work, Platonic dialogue	3	Plato's 'Hippias Major' is a philosophical dialogue examining the concept of beauty, which serves as 'Contemporary Documentation' of aesthetic inquiry.
tlg0059.tlg032	Plato	-393	Critias	Critias	dialogue		written work, Platonic dialogue	1	Plato's 'Critias' describes the mythical city of Atlantis, making it a 'Mythic / Speculative' work.
tlg0059.tlg003	Plato	-393	Crito	Crito	Socratic dialogue		literary work	3	Plato's 'Crito' discusses justice and obedience to law in a contemporary setting, fitting into 'Contemporary Documentation'.
tlg0059.tlg004	Plato	-393	Phaedo	Phaedo	dialogue, Socratic dialogue		Platonic dialogue, written work	3	Plato's 'Phaedo' discusses the immortality of the soul and philosophical concepts, providing 'Contemporary Documentation' of philosophical thought.
tlg0059.tlg005	Plato	-393	Cratylus	Cratylus	dialogue		Platonic dialogue, written work	3	Plato's 'Cratylus' is a philosophical dialogue on the correctness of names, reflecting contemporary linguistic and philosophical discussions, thus 'Contemporary Documentation'.
tlg0059.tlg002	Plato	-393	Apology	Apology	apologia, Socratic dialogue		Platonic dialogue, written work, apologia	3	Plato's 'Apology' is a defense of Socrates, documenting a contemporary legal event and philosophical stance, making it 'Contemporary Documentation'.
tlg0059.tlg034	Plato	-393	Laws	Laws	dialogue		written work, Platonic dialogue	1	Plato's 'Laws' outlines an ideal legal system for a hypothetical state, making it a 'Mythic / Speculative' treatise.
tlg0059.tlg033	Plato	-393	Minos	Minos	dialogue		written work	3	Plato's 'Minos' is a philosophical dialogue discussing the nature of law, which falls under 'Contemporary Documentation'.
tlg0059.tlg011	Plato	-393	Symposium	Symposium	Socratic dialogue		written work, Platonic dialogue	3	Plato's 'Symposium' depicts a dinner party with discussions on love, reflecting contemporary social customs and philosophical ideas, thus 'Contemporary Documentation'.
tlg0059.tlg016	Plato	-393	Rival Lovers	Lovers	dialogue		literary work	3	Plato's 'Rival Lovers' is a philosophical dialogue discussing the merits of philosophy and rhetoric, fitting into 'Contemporary Documentation'.
tlg0059.tlg020	Plato	-393	Lysis	Lysis	dialogue		written work	3	Plato's 'Lysis' is a philosophical dialogue exploring the nature of friendship, providing 'Contemporary Documentation' of ethical inquiry.
tlg0059.tlg027	Plato	-393	Ion	Ion	dialogue		written work, Platonic dialogue	3	Plato's 'Ion' is a philosophical dialogue discussing the nature of poetic inspiration, reflecting contemporary views on art and knowledge, thus 'Contemporary Documentation'.
tlg0059.tlg018	Plato	-393	Charmides	Charmides	Socratic dialogue		Platonic dialogue, written work	3	Plato's 'Charmides' is a philosophical dialogue examining the concept of temperance, which serves as 'Contemporary Documentation' of ethical discussion.
tlg0059.tlg026	Plato	-393	Hippias Minor	Hippias Minor	Socratic dialogue		Platonic dialogue, literary work	3	Plato's 'Hippias Minor' is a philosophical dialogue discussing truth and falsehood, reflecting contemporary ethical and intellectual debates, thus 'Contemporary Documentation'.
tlg0059.tlg019	Plato	-393	Laches	Laches	dialogue		written work, Platonic dialogue	3	Plato's 'Laches' is a philosophical dialogue exploring the nature of courage, providing 'Contemporary Documentation' of ethical inquiry.
tlg0059.tlg021	Plato	-393	Euthydemus	Euthydemus	dialogue		written work, Platonic dialogue	3	Plato's 'Euthydemus' is a philosophical dialogue satirizing sophistry, offering 'Contemporary Documentation' of intellectual trends and critiques.
tlg0059.tlg017	Plato	-393	Theages	Theages	dialogue		written work	3	Plato's 'Theages' is a philosophical dialogue discussing the divine sign of Socrates, reflecting contemporary beliefs and philosophical discussions, thus 'Contemporary Documentation'.
tlg0059.tlg028	Plato	-393	Menexenus	Menexenus	dialogue		Platonic dialogue, written work	3	Plato's 'Menexenus' is a philosophical dialogue that, while fictional, discusses contemporary Athenian society and political rhetoric.
tlg0059.tlg010	Plato	-393	Philebus	Philebus	Socratic dialogue		Platonic dialogue, written work	3	Plato's 'Philebus' is a philosophical dialogue exploring ethical concepts relevant to contemporary thought.
tlg0059.tlg029	Plato	-393	Clitophon	Cleitophon	Socratic dialogue		written work	3	Plato's 'Clitophon' is a Socratic dialogue that, while fictional, engages with philosophical ideas of its time.
tlg0059.tlg036	Plato	-393	Thirteenth Letter	Letters			written work	3	Plato's 'Thirteenth Letter' is a personal essay that, if authentic, would offer direct insight into contemporary norms.
tlg0059.tlg013	Plato	-393	First Alcibiades	Alcibiades 1	Socratic dialogue		Platonic dialogue, written work	3	Plato's 'First Alcibiades' is a Socratic dialogue that, while fictional, discusses education and political life in contemporary Athens.
tlg0059.tlg014	Plato	-393	First Alcibiades	Alcibiades 2	Socratic dialogue		Platonic dialogue, written work	3	Plato's 'First Alcibiades' is a Socratic dialogue that, while fictional, discusses education and political life in contemporary Athens.
tlg0059.tlg035	Plato	-393	Minos	Epinomis	dialogue		written work	3	Plato's 'Minos' is a philosophical dialogue that, while fictional, discusses the nature of law and justice in a contemporary context.
tlg0061.tlg004	Pseudo-Lucian	150	Halcyon	The Halcyon	dialogue		literary work	1	Pseudo-Lucian's 'Halcyon' is a mythological dialogue, placing it in the mythic/speculative category.
tlg0061.tlg001	Pseudo-Lucian	150	Lucius or The Ass	Loukios, Or, the Ass	Ancient Greek novel		literary work	1	Pseudo-Lucian's 'Lucius or The Ass' is an ancient Greek novel with fantastical elements, placing it in the mythic/speculative category.
tlg0061.tlg003	Lucian of Samosota	150	De domo	Demosthenes an Encomium			literary work	3	Lucian's 'De domo' is a rhetorical exercise that reflects on contemporary practices and values.
tlg0061.tlg006	Pseudo-Lucian	150	The Loves (Pseudo-Lucian)	The Cynic			version, edition or translation	1	Pseudo-Lucian's 'The Loves' is a work that often delves into mythological or idealized themes, placing it in the mythic/speculative category.
tlg0062.tlg054	Lucian of Samosata	155	The Dipsads	The Dipsads			literary work	1	Lucian's 'The Dipsads' is a fantastical or mythological piece, placing it in the mythic/speculative category.
tlg0062.tlg053	Lucian of Samosata	155	How to write history	How to write history			literary work	3	Lucian's 'How to write history' is a treatise on historical writing, offering contemporary documentation of literary practices.
tlg0062.tlg065	Lucian of Samosata	155	The Ship or The Wishes	The ship or the wishes			literary work	1	Lucian's 'The Ship or The Wishes' is a fantastical narrative, placing it in the mythic/speculative category.
tlg0062.tlg031	Lucian of Samosata	155	Lover of Lies	The Lover of Lies, or the Doubter Tychiades			literary work	3	Lucian's 'Lover of Lies' is a satirical dialogue that critiques contemporary beliefs and superstitions.
tlg0062.tlg038	Lucian of Samosata	155	Alexander the False Prophet	Alexander the False Prophet	biography, polemical lampoon		literary work	3	Lucian's 'Alexander the False Prophet' is a polemical biography that satirizes a contemporary figure and societal gullibility.
tlg0062.tlg007	Lucian	155	Nigrinus	Nigrinus			literary work	3	Lucian's 'Nigrinus' is a satirical dialogue that critiques contemporary Roman society and philosophy.
tlg0062.tlg063	Lucian	155	Hermotimus	Hermotimus, or the Rival Philosophies			literary work	3	Lucian's 'Hermotimus' is a philosophical dialogue that satirizes contemporary philosophical schools and their adherents.
tlg0062.tlg064	Lucian of Samosata	155	Prometheus	"To one who said ""You're a Prometheus in words."""	dialogue		literary work	1	Lucian's 'Prometheus' is a mythological dialogue, placing it in the mythic/speculative category.
tlg0062.tlg052	Lucian of Samosata	155	Disowned	Disowned			literary work	3	Lucian's 'Disowned' is a rhetorical exercise that reflects on contemporary legal and social dilemmas.
tlg0062.tlg001	Lucian of Samosata	155	Phalaris	Phalaris	dialogue		group of literary works	3	Lucian's 'Phalaris' is a dialogue that, while referencing a historical figure, uses him to discuss contemporary themes of tyranny and justice.
tlg0062.tlg039	Lucian of Samosata	155	Essays in Portraiture	Essays in Portraiture			literary work	3	Lucian's 'Essays in Portraiture' are rhetorical pieces that reflect on contemporary artistic and literary practices.
tlg0062.tlg012	Lucian of Samosata	155	A True Story	A True Story	fantasy, satire, science fiction	novel	literary work	1	Lucian's 'A True Story' is a work of fantasy and satire, placing it in the mythic/speculative category.
tlg0062.tlg024	Lucian of Samosata	155	Philosophies for Sale	Philosophies for Sale			literary work	3	Lucian's 'Philosophies for Sale' is a satirical dialogue that critiques contemporary philosophical schools and their teachings.
tlg0062.tlg025	Lucian of Samosata	155	Fisher	The Dead Come to Life, or the Fisherman			literary work	3	Lucian's 'Fisher' is a satirical dialogue that critiques contemporary philosophical figures and their ideas.
tlg0062.tlg013	Lucian	155	Slander	Slander, a Warning			literary work	3	Lucian's 'Slander' is a philosophical essay that discusses contemporary social issues, fitting into the 'contemporary documentation' category.
tlg0062.tlg040	Lucian of Samosata	155	Essays in Portraiture	Essays in Portraiture Defended			literary work	3	Lucian's 'Essays in Portraiture' are prose pieces that reflect on contemporary life and art, qualifying as 'contemporary documentation'.
tlg0062.tlg047	Lucian of Samosata	155	The Eunuch	The Eunuch	satire		literary work	3	Lucian's 'The Eunuch' is a satire of contemporary social types and practices, placing it in the 'contemporary documentation' category.
tlg0062.tlg049	Lucian of Samosata	155	The Mistaken Critic	The Mistaken Critic, or a Discourse on the Word			literary work	3	Lucian's 'The Mistaken Critic' is a satirical piece addressing contemporary literary criticism, thus falling under 'contemporary documentation'.
tlg0062.tlg003	Lucian of Samosata	155	Dionysus	Dionysus: an Introduction			literary work	1	Lucian's 'Dionysus' likely deals with mythological themes, placing it in the 'mythic/speculative' category.
tlg0062.tlg050	Lucian of Samosata	155	Parliament of the Gods	The Parliament of the Gods	dialogue		literary work	1	Lucian's 'Parliament of the Gods' is a mythological dialogue, fitting into the 'mythic/speculative' category.
tlg0062.tlg057	Lucian of Samosata	155	Zeuxis or Antiochus	Zeuxis or Antiochus			literary work	3	Lucian's 'Zeuxis or Antiochus' is a prose piece discussing art and patronage, reflecting contemporary cultural practices.
tlg0062.tlg068	Lucian	155	Dialogues of the Gods	Dialogues of the Gods	satire		literary work	1	Lucian's 'Dialogues of the Gods' are mythological satires, placing them in the 'mythic/speculative' category.
tlg0062.tlg061	Lucian of Samosata	155	A Conversation with Hesiod	A conversation with Hesiod			literary work	1	Lucian's 'A Conversation with Hesiod' engages with a mythological poet, making it 'mythic/speculative'.
tlg0062.tlg066	Lucian of Samosata	155	Dialogues of the Dead	Dialogues of the Dead	dialogue		literary work	1	Lucian's 'Dialogues of the Dead' are speculative and mythological in nature, fitting the 'mythic/speculative' category.
tlg0062.tlg059	Lucian of Samosata	155	Harmonides	Harmonides			version, edition or translation	3	Lucian's 'Harmonides' is a prose piece that likely discusses contemporary rhetoric or music, qualifying as 'contemporary documentation'.
tlg0062.tlg033	Lucian of Samosata	155	On Salaried Posts in Great Houses	On Salaried Posts in Great Houses			literary work	3	Lucian's 'On Salaried Posts in Great Houses' is a social commentary on contemporary employment practices, fitting 'contemporary documentation'.
tlg0062.tlg067	Lucian	155	Dialogues of the Sea-Gods	Dialogues of the Sea-gods:			literary work	1	Lucian's 'Dialogues of the Sea-Gods' are mythological satires, placing them in the 'mythic/speculative' category.
tlg0062.tlg058	Lucian of Samosata	155	A Slip of the Tongue in Greeting	A Slip of the Tongue in Greeting			literary work	3	Lucian's 'A Slip of the Tongue in Greeting' is a short prose piece likely satirizing contemporary social interactions, qualifying as 'contemporary documentation'.
tlg0062.tlg069	Lucian of Samosata	155	Dialogues of the Courtesans	Dialogues of the Courtesans	dialogue		literary work	3	Lucian's 'Dialogues of the Courtesans' satirize contemporary social norms and relationships, fitting 'contemporary documentation'.
tlg0062.tlg042	Lucian of Samosata	155	Passing of Peregrinus	The Passing of Peregrinus			literary work	3	Lucian's 'Passing of Peregrinus' is a biographical and satirical account of a contemporary figure, qualifying as 'contemporary documentation'.
tlg0062.tlg029	Lucian of Samosata	155	The Dream	The Dream or Lucian’s Career			treatise, literary work	3	Lucian's 'The Dream' is a prose piece that likely reflects on contemporary experiences or philosophical ideas, fitting 'contemporary documentation'.
tlg0062.tlg020	Lucian of Samosata	155	Prometheus	Prometheus	dialogue		literary work	1	Lucian's 'Prometheus' is a mythological dialogue, placing it in the 'mythic/speculative' category.
tlg0062.tlg027	Lucian of Samosata	155	On Sacrifices	On Sacrifices			literary work	3	Lucian's 'On Sacrifices' is a critical examination of contemporary religious practices, qualifying as 'contemporary documentation'.
tlg0062.tlg043	Lucian	155	The runaways	The Runaways			literary work	3	Lucian's 'The Runaways' is a satirical piece that likely comments on contemporary social issues or philosophical schools, fitting 'contemporary documentation'.
tlg0062.tlg026	Lucian	155	The Double Indictment or Trials by Jury	The Double Indictment		novel	literary work	3	Lucian's 'The Double Indictment or Trials by Jury' is a satirical work that comments on contemporary legal or rhetorical practices, fitting 'contemporary documentation'.
tlg0062.tlg019	Lucian of Samosata	155	The Dream	The Dream, or the Cock			treatise, literary work	3	Lucian's 'The Dream' is a prose piece that likely reflects on contemporary experiences or philosophical ideas, fitting 'contemporary documentation'.
tlg0062.tlg021	Lucian of Samosata	155	Icaromenippus	Icaromenippus, or the Sky-man	dialogue		literary work	1	Lucian's 'Icaromenippus' is a fantastical and speculative dialogue, placing it in the 'mythic/speculative' category.
tlg0062.tlg023	Lucian of Samosata	155	Charon or the Inspectors	Charon, or the Inspectors		short story	literary work	1	Lucian's 'Charon or the Inspectors' is a mythological and speculative short story, placing it in the 'mythic/speculative' category.
tlg0062.tlg022	Lucian of Samosata	155	Timon or The Misanthrope	Timon, or the Misanthrope	dialogue		literary work	1	Lucian's 'Timon or The Misanthrope' is a mythological dialogue, placing it in the 'mythic/speculative' category.
tlg0062.tlg035	Lucian of Samosata	155	Menippus or The Descent Into Hades	Menippus, or the Descent Into Hades			literary work	1	This work involves a mythical descent into Hades, placing it in the mythic/speculative category.
tlg0062.tlg034	Lucian of Samosata	155	Anacharsis or Athletics	Anacharsis, or Athletics	dialogue		literary work	3	This dialogue discusses contemporary athletic practices and philosophical ideas, making it contemporary documentation.
tlg0062.tlg005	Lucian of Samosata	155	Amber or The Swans	Amber, or the Swan			literary work	1	This work is likely a mythological or allegorical piece, fitting the mythic/speculative category.
tlg0062.tlg002	Lucian of Samosata	155	Hippias or the Bath	Hippias, or the Bath			literary work	3	This work describes contemporary practices related to baths, providing contemporary documentation.
tlg0062.tlg044	Lucian of Samosata	155	Toxaris or Friendship	Toxaris, or Friendship	dialogue		literary work	3	This dialogue explores the concept of friendship, reflecting contemporary social norms and philosophical thought.
tlg0062.tlg032	Lucian of Samosata	155	Judgment of the Goddesses	The Judgement of the Goddesses			literary work	1	This work is a mythological dialogue involving goddesses, placing it in the mythic/speculative category.
tlg0062.tlg028	Lucian of Samosata	155	The Ignorant Book-Collector	The Ignorant Book Collector			literary work	3	This work satirizes a contemporary social type, providing contemporary documentation.
tlg0062.tlg056	Lucian of Samosata	155	Herodotus or Aetion	Herodotus or Aëtion			literary work	3	This work likely discusses contemporary artistic or literary practices, making it contemporary documentation.
tlg0062.tlg062	Lucian of Samosata	155	The Scythian or the Consul	The Scythian or Consul			literary work	3	This work likely involves a discussion of contemporary social or political figures, providing contemporary documentation.
tlg0062.tlg055	Lucian of Samosata	155	A Conversation with Hesiod	A Conversation with Cronus			literary work	1	This work involves a conversation with a historical figure from myth, placing it in the mythic/speculative category.
tlg0062.tlg004	Lucian of Samosata	155	Hercules	Heracles: an Introduction			literary work	1	This work is about the mythical hero Hercules, placing it in the mythic/speculative category.
tlg0062.tlg051	Lucian of Samosata	155	Tyrannicide	The Tyrannicide			treatise, literary work	3	This work is a rhetorical exercise or treatise on a political concept, providing contemporary documentation of thought.
tlg0062.tlg006	Lucian of Samosata	155	Alexander the False Prophet	The Fly	biography, polemical lampoon		literary work	3	This work is a polemical lampoon of a contemporary figure, providing contemporary documentation.
tlg0062.tlg045	Lucian of Samosata	155	On dance	The Dance			literary work	3	This work discusses the contemporary practice of dance, providing contemporary documentation.
tlg0062.tlg008	Lucian of Samosata	155	Demonax	Demonax			literary work	3	This work is a biographical sketch of a contemporary philosopher, providing contemporary documentation.
tlg0062.tlg048	Lucian of Samosata	155	About Astrology (Pseudo-Lucian)	Astrology			literary work	3	This work discusses the contemporary practice of astrology, providing contemporary documentation.
tlg0062.tlg009	Lucian of Samosata	155	Alexander the False Prophet	The Hall	biography, polemical lampoon		literary work	3	This work is a polemical lampoon of a contemporary figure, providing contemporary documentation.
tlg0062.tlg036	Lucian of Samosata	155	Nero	On Funerals			literary work	3	This work likely discusses the historical figure Nero, providing contemporary documentation or historical commentary.
tlg0062.tlg030	Lucian of Samosata	155	The Parasite: Parasitic an Art	The Parasite Tychiades	dialogue		literary work	3	This dialogue discusses the social role of a parasite, reflecting contemporary social norms and satire.
tlg0062.tlg041	Lucian of Samosata	155	On the Syrian Goddess	The Goddesse of Surrye			literary work	3	This work describes a contemporary religious cult, providing contemporary documentation.
tlg0062.tlg011	Lucian of Samosata	155	Nero	Octogenerians			literary work	3	This work likely discusses the historical figure Nero, providing contemporary documentation or historical commentary.
tlg0062.tlg017	Lucian of Samosata	155	Zeus Confuted	Zeus Catechized			literary work	1	This work involves a mythological dialogue with Zeus, placing it in the mythic/speculative category.
tlg0062.tlg010	Lucian of Samosata	155	Slander	My Native Land			literary work	3	This work discusses the social phenomenon of slander, reflecting contemporary social norms.
tlg0062.tlg016	Lucian of Samosata	155	The Dream	The Downward Journey, or the Tyrant			treatise, literary work	3	This work is a rhetorical piece or essay, providing contemporary documentation of thought or experience.
tlg0062.tlg018	Lucian of Samosata	155	Zeuxis or Antiochus	Zeus Rants			literary work	3	This work likely discusses contemporary art or historical figures, providing contemporary documentation.
tlg0062.tlg046	Lucian of Samosata	155	Alexander the False Prophet	Lexiphanes	biography, polemical lampoon		literary work	3	Lucian's 'Alexander the False Prophet' is a polemical lampoon of a contemporary figure, providing direct commentary on social norms.
tlg0062.tlg015	Lucian	155	A Slip of the Tongue in Greeting	A Feast of Lapithae			literary work	3	Lucian's 'A Slip of the Tongue in Greeting' is a contemporary prose piece that reflects on social interactions.
tlg0062.tlg070	Lucian	155	The Parasite: Parasitic an Art	The Purist Purized	dialogue		literary work	3	Lucian's 'The Parasite: Parasitic an Art' is a satirical dialogue on a contemporary social phenomenon.
tlg0062.tlg014	Lucian	155	Dialogues of the Courtesans	Trial in the Court of Vowels	dialogue		literary work	3	Lucian's 'Dialogues of the Courtesans' satirizes contemporary social interactions and norms.
tlg0062.tlg037	Lucian of Samosata	155	Lover of Lies	A Professor of Public Speaking			literary work	3	Lucian's 'Lover of Lies' is a satirical work that comments on contemporary beliefs and social practices.
tlg0085.tlg007	Aeschylus	-489	Eumenides	Eumenides	Greek tragedy	play	dramatic work	1	Aeschylus' 'Eumenides' is a Greek tragedy, which is mythic and speculative in nature.
tlg0085.tlg001	Aeschylus	-489	The Suppliant Maidens	Suppliant Maidens			version, edition or translation	1	Aeschylus' 'The Suppliant Maidens' is a Greek tragedy, which is mythic and speculative in nature.
tlg0085.tlg006	Aeschylus	-489	The Libation Bearers	Libation Bearers	Greek tragedy	play	dramatic work	1	Aeschylus' 'The Libation Bearers' is a Greek tragedy, which is mythic and speculative in nature.
tlg0085.tlg003	Aeschylus	-489	Prometheus Bound	Prometheus Bound	Greek tragedy	play	dramatic work	1	Aeschylus' 'Prometheus Bound' is a Greek tragedy, which is mythic and speculative in nature.
tlg0085.tlg004	Aeschylus	-489	Seven against Thebes	Seven Against Thebes	Greek tragedy	play	dramatic work	1	Aeschylus' 'Seven against Thebes' is a Greek tragedy, which is mythic and speculative in nature.
tlg0085.tlg005	Aeschylus	-489	Agamemnon	Agamemnon	Greek tragedy	play	dramatic work	1	Aeschylus' 'Agamemnon' is a Greek tragedy, which is mythic and speculative in nature.
tlg0085.tlg002	Aeschylus	-489	The Persians	Persians	Greek tragedy	play	dramatic work	1	Aeschylus' 'The Persians' is a Greek tragedy, which is mythic and speculative in nature.
tlg0086.tlg009	Aristotle	-348	Eudemian Ethics	Eudemian Ethics	treatise		written work	3	Aristotle's 'Eudemian Ethics' is a philosophical treatise discussing ethical principles and social norms.
tlg0086.tlg038	Aristotle	-348	Rhetoric	"The ""Art"" of Rhetoric"	treatise		written work	3	Aristotle's 'Rhetoric' is a treatise on the art of persuasion, reflecting contemporary social and political practices.
tlg0086.tlg025	Aristotle	-348	Metaphysics	Metaphysics	treatise		written work	3	Aristotle's 'Metaphysics' is a philosophical treatise, providing insights into contemporary thought and understanding of the world.
tlg0086.tlg035	Aristotle	-348	Politics	Politics	treatise		literary work	3	Aristotle's 'Politics' is a philosophical treatise directly discussing political systems and social rules of his era.
tlg0086.tlg034	Aristotle	-348	Poetics	Poetics	treatise		written work	3	Aristotle's 'Poetics' is a treatise on literary theory, reflecting contemporary artistic and cultural norms.
tlg0086.tlg010	Aristotle	-348	Nicomachean Ethics	Nicomachean Ethics	treatise		literary work, text	3	Aristotle's 'Nicomachean Ethics' is a philosophical treatise discussing ethical principles and social norms.
tlg0086.tlg029	Aristotle	-348	Economics	Economics			literary work	3	Aristotle's 'Economics' is a treatise discussing household management and economic principles of his era.
tlg0199.tlg002	Bacchylides	-480	Dithyrambs	Dithyrambs	dithyramb	poetry collection	literary work	1	Bacchylides' 'Dithyrambs' are hymns to gods, which are mythic in nature.
tlg0199.tlg001	Bacchylides	-480	Epinician Odes	Epinicians	epinikion	poetry collection	literary work	1	Bacchylides' 'Epinician Odes' are victory odes invoking myth, which are mythic in nature.
tlg0525.tlg001	Pausanias	150	Description of Greece	Description of Greece	travel book		literary work	3	Pausanias' 'Description of Greece' is a travelogue of the contemporary world, providing direct documentation of social rules and customs.
tlg0535.tlg001	Demades	-345	Speech on Twelve Years	On the Twelve Years			written work, oration	4	Demades' 'Speech on Twelve Years' is a political oration that would invoke specific contemporary laws or legal procedures.
tlg0540.tlg009	Lysias	-409	For the Soldier	For The Soldier			oration, literary work	4	Lysias' 'For the Soldier' is a forensic oration that would invoke specific contemporary laws or legal procedures.
tlg0540.tlg031	Lysias	-409	Against Philon	Against Philon			oration, literary work	4	Lysias' 'Against Philon' is a forensic oration that would invoke specific contemporary laws or legal procedures.
tlg0540.tlg007	Lysias	-409	Defense in the Matter of the Olive Stump	Before the Areopagus: Defense in the Matter of the Olive Stump			literary work, oration	4	This is a forensic oration by Lysias, directly invoking contemporary laws and legal procedures.
tlg0540.tlg001	Lysias	-409	On the Murder of Eratosthenes	On the Murder of Eratosthenes			literary work, oration	4	This is a forensic oration by Lysias, directly invoking contemporary laws and legal procedures.
tlg0540.tlg006	Lysias	-409	Against Andocides	Against Andocides			literary work, oration	4	This is a forensic oration by Lysias, directly invoking contemporary laws and legal procedures.
tlg0540.tlg030	Lysias	-409	Against Nicomachus	Against Nicomachus			literary work, oration	4	This is a forensic oration by Lysias, directly invoking contemporary laws and legal procedures.
tlg0540.tlg008	Lysias	-409	Accusation of Calumny	Accusation of Calumny			oration, literary work	4	This is a forensic oration by Lysias, directly invoking contemporary laws and legal procedures.
tlg0540.tlg015	Lysias	-409	Against Alcibiades	Against Alcibiades 2			group of literary works	4	This is a forensic oration by Lysias, directly invoking contemporary laws and legal procedures.
tlg0540.tlg012	Lysias	-409	Against Eratosthenes	Against Eratosthenes	rhetoric		literary work, oration	4	This is a forensic oration by Lysias, directly invoking contemporary laws and legal procedures.
tlg0540.tlg024	Lysias	-409	On the Refusal of a Pension	On The Refusal Of A Pension			oration, literary work	4	This is a forensic oration by Lysias, directly invoking contemporary laws and legal procedures.
tlg0540.tlg023	Lysias	-409	Against Pancleon	Against Pancleon			literary work, oration	4	This is a forensic oration by Lysias, directly invoking contemporary laws and legal procedures.
tlg0540.tlg022	Lysias	-409	Against the Corn-Dealers	Against The Corn-Dealers			oration, literary work	4	This is a forensic oration by Lysias, directly invoking contemporary laws and legal procedures.
tlg0540.tlg025	Lysias	-409	Defense Against a Charge of Subverting the Democracy	Defense Against a Charge of Subverting the Democracy			oration, literary work	4	This is a forensic oration by Lysias, directly invoking contemporary laws and legal procedures.
tlg0540.tlg013	Lysias	-409	Against Agoratus	Against Agoratus			literary work, oration	4	This is a forensic oration by Lysias, directly invoking contemporary laws and legal procedures.
tlg0540.tlg014	Lysias	-409	Against Alcibiades	Against Alcibiades 1			group of literary works	4	This is a forensic oration by Lysias, directly invoking contemporary laws and legal procedures.
tlg0540.tlg032	Lysias	-409	Against Diogeiton	Against Diogeiton			oration, literary work	4	This is a forensic oration by Lysias, directly invoking contemporary laws and legal procedures.
tlg0540.tlg003	Lysias	-409	Against Simon	Against Simon: Defense			literary work, oration	4	This is a forensic oration by Lysias, directly invoking contemporary laws and legal procedures.
tlg0540.tlg004	Lysias	-409	On a Wound by Premeditation	On A Wound By Premeditation			literary work, oration	4	This is a forensic oration by Lysias, directly invoking contemporary laws and legal procedures.
tlg0540.tlg005	Lysias	-409	For Callias	For Callias			literary work, oration	4	This is a forensic oration by Lysias, directly invoking contemporary laws and legal procedures.
tlg0540.tlg002	Lysias	-409	Funeral Oration	Funeral Oration			literary work, oration	4	This is a political oration by Lysias, reflecting contemporary social and political norms.
tlg0540.tlg011	Lysias	-409	Against Theomnestus	Against Theomnestus 2			group of literary works	4	This is a forensic oration by Lysias, directly invoking contemporary laws and legal procedures.
tlg0540.tlg016	Lysias	-409	In Defense of Mantitheus	In Defense of Mantitheus			literary work, oration	4	This is a forensic oration by Lysias, directly invoking contemporary laws and legal procedures.
tlg0540.tlg029	Lysias	-409	Against Philocrates	Against Philocrates			literary work, oration	4	This is a forensic oration by Lysias, directly invoking contemporary laws and legal procedures.
tlg0540.tlg020	Lysias	-409	For Polystratus	For Polystratus			literary work, oration	4	This is a forensic oration by Lysias, directly invoking contemporary laws and legal procedures.
tlg0540.tlg027	Lysias	-409	Against Epicrates and his Fellow-envoys	Against Epicrates and his Fellow-envoys			literary work, oration	4	This is a forensic oration by Lysias, directly invoking contemporary laws and legal procedures.
tlg0540.tlg026	Lysias	-409	On the Scrutiny of Evandros	On the Scrutiny of Evandros			oration, literary work	4	This is a forensic oration by Lysias, directly invoking contemporary laws and legal procedures.
tlg0540.tlg019	Lysias	-409	On the Property of Aristophanes	On the Property of Aristophanes			literary work, oration	4	This is a forensic oration by Lysias, directly invoking contemporary laws and legal procedures.
tlg0540.tlg021	Lysias	-409	Defence Against A Charge Of Taking Bribes	Defence Against A Charge Of Taking Bribes			literary work, oration	4	Lysias was a forensic orator, and his works, including 'Defence Against A Charge Of Taking Bribes', are legal orations that invoke specific contemporary laws or legal procedures.
tlg0540.tlg017	Lysias	-409	On The Property Of Eraton	On The Property Of Eraton			literary work, oration	4	Lysias was a forensic orator, and his works, including 'On The Property Of Eraton', are legal orations that invoke specific contemporary laws or legal procedures.
tlg0540.tlg028	Lysias	-409	Against Ergocles	Against Ergocles			oration, literary work	4	Lysias was a forensic orator, and his works, including 'Against Ergocles', are legal orations that invoke specific contemporary laws or legal procedures.
tlg0540.tlg010	Lysias	-409	Against Theomnestus	Against Theomnestus 1			group of literary works	4	Lysias was a forensic orator, and his works, including 'Against Theomnestus', are legal orations that invoke specific contemporary laws or legal procedures.
tlg0540.tlg034	Lysias	-409	Against Subversion of the Ancestral Constitution	Against The Subversion of the Ancestral Constitution			oration, literary work	4	Lysias was a forensic orator, and his works, including 'Against Subversion of the Ancestral Constitution', are legal orations that invoke specific contemporary laws or legal procedures.
tlg0540.tlg018	Lysias	-409	On The Property Of Eraton	On The Property Of The Brother Of Nicias: Peroration			literary work, oration	4	Lysias was a forensic orator, and his works, including 'On The Property Of Eraton', are legal orations that invoke specific contemporary laws or legal procedures.
tlg0540.tlg033	Lysias	-409	Olympiacos	Olympic Oration			oration, literary work	4	Lysias was a forensic orator, and his works, including 'Olympiacos', are legal orations that invoke specific contemporary laws or legal procedures.
tlg0548.tlg002	Apollodorus	-165	Epitome	Epitome			epitome, written work	1	Apollodorus' 'Epitome' is a mythological compilation, drawing from mythic narratives.
tlg0557.tlg001	Epictetus	85	All the works of Epictetus which are now extant	The Discourses of Epictetus			version, edition or translation, editorial collection	3	Epictetus' works are philosophical treatises, providing contemporary documentation of philosophical thought and social norms.
tlg0557.tlg002	Epictetus	85	Enchiridion of Epictetus	The Enchiridion	philosophy		literary work	3	Epictetus' 'Enchiridion' is a philosophical treatise, providing contemporary documentation of philosophical thought and social norms.
tlg0557.tlg003a	Epictetus	85	All the works of Epictetus which are now extant	Fragments			version, edition or translation, editorial collection	3	Epictetus' works are philosophical treatises, providing contemporary documentation of philosophical thought and social norms.
tlg0627.tlg009	Hippocrates	-465	On fractures	On Fractures			written work	3	Hippocrates' 'On fractures' is a medical text, providing contemporary documentation of medical practices and knowledge.
tlg0627.tlg001	Hippocrates	-465	On Ancient Medicine	Ancient Medicine	treatise, scientific literature		written work	3	Hippocrates' 'On Ancient Medicine' is a medical treatise, providing contemporary documentation of medical practices and knowledge.
tlg0627.tlg006	Hippocrates	-465	Epidemics	Epidemics I and III			written work	3	Hippocrates' 'Epidemics' is a medical text, providing contemporary documentation of medical observations and practices.
tlg0627.tlg030	Hippocrates	-465	On fistulae	On Fistulae			written work	3	Hippocrates' 'On fistulae' is a medical text, providing contemporary documentation of medical practices and knowledge.
tlg0627.tlg012	Hippocrates	-465	Aphorisms	Aphorisms			written work	3	Hippocrates' 'Aphorisms' are medical texts, providing contemporary documentation of medical principles and observations.
tlg0627.tlg013	Hippocrates	-465	Hippocratic Oath	Oath			written work, vow	3	The Hippocratic Oath is a medical text, providing contemporary documentation of ethical standards in medicine.
tlg0627.tlg014	Hippocrates	-465	Law	The Law			written work	3	Hippocrates' 'Law' is a medical text, providing contemporary documentation of medical principles and ethics.
tlg0627.tlg003	Hippocrates	-465	Prognostic	The Book of Prognostics			written work	3	Hippocrates' 'Prognostic' is a medical text, providing contemporary documentation of medical diagnostic practices.
tlg0627.tlg004	Hippocrates	-465	Regimen in acute diseases	On Regimen in Acute Diseases			written work	3	Hippocrates' 'Regimen in acute diseases' is a medical text, providing contemporary documentation of medical treatment practices.
tlg0627.tlg027	Hippocrates	-465	On the Sacred Disease	On the Sacred Disease			treatise	3	Hippocrates' 'On the Sacred Disease' is a medical treatise, providing contemporary documentation of medical understanding of epilepsy.
tlg0627.tlg010	Hippocrates	-465	The Art	On the Articulations			written work	3	Hippocrates' 'The Art' is a medical text, providing contemporary documentation of medical principles and practices.
tlg0627.tlg029	Hippocrates	-465	Haemorrhoids	On Hemorrhoids			written work	3	Hippocrates' 'Haemorrhoids' is a medical text, providing contemporary documentation of medical treatment practices.
tlg0627.tlg051	Hippocrates	-465	Precepts	Precepts			written work	3	Hippocrates' 'Precepts' are medical texts, providing contemporary documentation of medical principles and ethics.
tlg0627.tlg007	Hippocrates	-465	The Heart	On Injuries of the Head			written work	3	Hippocrates' 'The Heart' is a medical text, providing contemporary documentation of anatomical and physiological understanding.
tlg0627.tlg002	Hippocrates	-465	Air, Waters, and Places	Airs Waters Places			literary work	3	Hippocrates' 'Air, Waters, and Places' is a medical treatise offering contemporary observations.
tlg0627.tlg008	Hippocrates	-465	On the Sacred Disease	On the Surgery			treatise	3	Hippocrates' 'On the Sacred Disease' is a medical treatise offering contemporary observations.
tlg0627.tlg046	Hippocrates	-465	Instruments of reduction	Nutrimen			written work	3	Hippocrates' 'Instruments of reduction' is a medical treatise offering contemporary observations.
tlg0627.tlg028	Hippocrates	-465	Air, Waters, and Places	On Ulcers			literary work	3	Hippocrates' 'Air, Waters, and Places' is a medical treatise offering contemporary observations.
tlg0627.tlg011	Hippocrates	-465	Epidemics	Mochlicus			written work	3	Hippocrates' 'Epidemics' is a medical treatise offering contemporary observations.
tlg0719.tlg002	Aretaeus of Cappadocia	135	On the causes and signs of acute and chronic diseases	On the Causes and Symptoms of Chronic Diseases			written work	3	Aretaeus of Cappadocia's work is a medical treatise offering contemporary observations.
tlg0719.tlg001	Aretaeus of Cappadocia	135	On the causes and signs of acute and chronic diseases	On the Causes and Symptoms of Acute Diseases			written work	3	Aretaeus of Cappadocia's work is a medical treatise offering contemporary observations.
tlg0719.tlg004	Aretaeus of Cappadocia	135	On the causes and signs of acute and chronic diseases	On the Cure of Chronic Diseases			written work	3	Aretaeus of Cappadocia's work is a medical treatise offering contemporary observations.
tlg0719.tlg003	Aretaeus of Cappadocia	135	On the causes and signs of acute and chronic diseases	On the Therapeutics of Acute Diseases			written work	3	Aretaeus of Cappadocia's work is a medical treatise offering contemporary observations.
tlg1216.tlg001	Barnabas	36	Epistle of Barnabas	The Epistle of Barnabas	apocryphal epistle		letter, New Testament apocrypha	3	The Epistle of Barnabas is an early Christian text providing contemporary documentation of beliefs and practices.
tlg1271.tlg001	Clement of Rome	88		The First Epistle of Clement to the Corinthians				3	Clement of Rome's writings are early Christian texts providing contemporary documentation of beliefs and practices.
tlg1271.tlg002	Clement of Rome	88		The Second Epistle of Clement to the Corinthians				3	Clement of Rome's writings are early Christian texts providing contemporary documentation of beliefs and practices.
tlg1419.tlg001	Hermas	150	The Shepherd of Hermas	The Shepherd of Hermas			literary work, New Testament apocrypha	3	The Shepherd of Hermas is an early Christian text providing contemporary documentation of beliefs and practices.
tlg1443.tlg001	Ignatius of Antioch	70	Epistle of Ignatius to the Trallians	Epistles	epistle		written work	3	Ignatius of Antioch's epistles are early Christian texts providing contemporary documentation of beliefs and practices.
tlg1622.tlg001	Polycarp	105	Epistle of Polycarp to the Philippians	The Epistle to the Philippians of Saint Polycarp		letter	written work	3	Polycarp's epistle is an early Christian text providing contemporary documentation of beliefs and practices.
tlg1799.tlg001	Euclid	-298	Elements	The Thirteen Books of Euclid's Elements	treatise		written work, reference work	3	Euclid's 'Elements' is a mathematical treatise, documenting contemporary scientific knowledge.
