rule_uid	file_id	perseus_author	perseus_title	period	criteria	rule	group	resource	directionality	verbatim	reasoning	contemporary	factuality	confidence	resource_materiality	materiality_reasoning	resource_generality	generality_reasoning	resource_persistence	persistence_reasoning	group_immutability	immutability_reasoning	rule_contemporarity	contemporarity_reasoning	opinion_vs_fact	opinion_vs_fact_reasoning	tautology	tautology_reasoning	work_author_polity_cliopatria	work_polity	work_polity_reasoning	work_time_reference	work_time_start	work_time_end	work_time_reasoning	rule_polity	rule_polity_reasoning	rule_date	rule_time_reasoning	year	genre
tlg0027.tlg004.perseus-eng2::11	tlg0027.tlg004.perseus-eng2	Andocides	Against Alcibiades	Classical (500–360 BCE)	['Wealth / Properties']	Wealthy citizen liturgy obligation	Wealthy citizens	Right to retain own earnings	LESS	['Of my public services I do not intend to speak. I will say only this: the expenditure required of me I meet, not from monies belonging to the state, but from my own pocket. And yet I have in fact gained victories in the contest of physique, in the torch-race, and at the tragic competitions without striking rival Choregi, and without feeling shame at my possessing less power than the laws.']	The author refers to 'public services' (liturgies) and 'expenditure required of me' which he must pay from his 'own pocket' (private wealth). This describes the Athenian system where wealthy citizens were legally mandated to fund state competitions and festivals, thereby losing a portion of their private wealth to the state.	1	1	9.0	5	Paying from 'own pocket' involves the direct loss of private money.	4	Liturgy obligations are a broad recurring category of wealth redistribution.	4	As long as one remains in the top wealth bracket, the susceptibility to liturgy remains.	3	Wealthy citizen is a durable status but fundamentally changeable through economic loss.	0	Author refers to his own contemporary public service obligations in Athens.	5	The requirement to self-fund liturgies is reported as a plain legal fact.	0	Wealth does not definitionally include the obligation to fund state tragic competitions.								Classical Athens	The mention of Choregi and specific Athenian festivals confirms the polity as Classical Athens.	-416	The speech reflects the political climate and liturgical obligations of -416, the likely dramatic date.	-500	
tlg0007.tlg014.perseus-eng2::0	tlg0007.tlg014.perseus-eng2	Plutarch	Comparison of Pericles and Fabius Maximus	Hellenistic & Early Roman (165 BCE – 105 CE)	['Citizenship', 'Nobility', 'Lineage']	Ostracism and banishment of elites	Prominent citizens	Protection from arbitrary banishment	LESS	['Nevertheless, the courteous and gentle conduct of Fabius towards Minucius contrasts forcibly with the factious opposition of Pericles to Cimon and Thucydides, who were both good and true men and of the highest birth, and yet were subjected by him to ostracism and banishment.']	The text identifies that in Pericles' Athens, even high-born, prominent citizens (Cimon and Thucydides) were subject to ostracism and banishment, indicating a systematic lack of protection for one's right to remain in the city if they were political rivals to the leading statesman.	0	1	9.0	5	Banishment involves loss of home, land, and access to one's wealth and community.	5	Protection from exile is a foundational aspect of legal personhood.	4	Ostracism was typically a 10-year (long-term) but revocable status.	3	Prominence/high-birth is hard to change but involves social standing and reputation.	1	Discusses 5th-century BCE Athenian politics.	5	Verbatim cites specific historical figures (Cimon, Thucydides) who were factually ostracized.	0	Being 'prominent' is not defined by being banished.	Roman Empire;(Roman Empire)	Classical Athens; Middle Roman Republic	Compares the Athenian statesman Pericles with the Roman general Fabius Maximus.	past	-495.0	-203.0	Spans from the birth of Pericles (~-495) to the death of Fabius Maximus in -203 BCE.	Classical Athens	The verbatim specifically contrasts Fabius with Pericles' conduct in 5th-century Athens, citing the Athenian practice of ostracism.	-443	The ostracism of Thucydides son of Melesias, mentioned in the text, occurred in -443 BCE.	75	
tlg0062.tlg045.perseus-eng2::10	tlg0062.tlg045.perseus-eng2	Lucian of Samosata	The Dance	High Roman Empire (135–205 CE)	['Occupation', 'Education']	Dancer comprehensive mythological knowledge mandate	Pantomime dancers	Access to professional certification	LESS	['Beginning with Chaos and the primal origin of the world, he must know everything down to the story of Cleopatra the Egyptian. ... Let this be the range we prescribe for the dancer’s learning, and let him know thoroughly all that lies within it: the castration of Uranus, the begetting of Aphrodite, the battle of the Titans...']	Lucian outlines the 'prescribed' intellectual requirements for a professional dancer, establishing a rule that the practitioner must possess an exhaustive memory of classical mythology from the origin of the world to the end of the Ptolemaic era.	1	1	9.0	3	Mythological knowledge is an intellectual requirement for professional qualification and practice.	3	Covers an exhaustive range of themes applicable across many performances.	4	This baseline of knowledge is a permanent requirement for professional standing.	3	Professional role; learning is the process of entering the group.	0	Lucian is describing the 'prescribed' standards for his contemporary art.	4	Prescribes a curriculum as a normative professional requirement ('he must know').	0	Being a dancer does not inherently define knowing the history of Cleopatra.								Roman Empire	Lucian 'prescribes' the educational standard for the pantomime profession in his own society.	165	Dated to Lucian's floruit (c. 165 CE), reflecting the high intellectual expectations of the Second Sophistic.	155	
tlg0004.tlg001.perseus-eng2::103	tlg0004.tlg001.perseus-eng2	Diogenes Laertius	Lives of Eminent Philosophers		['Gender']	Female semen sterility	Women	Generative capacity of semen	LESS	['That of the female is according to them sterile, being, as Sphaerus says, without tension, scanty, and watery.']	The text describes a biological rule within Stoic thought where women are denied the 'resource' of fertile/generative semen compared to the male equivalent, based on the criterion of gender.	1	1	9.0	5	Relates to biological reproduction and physical bodily functions.	3	Specific to a biological/medical theory of generation.	5	This is treated as a lifelong biological fact of the group.	5	Women is a biologically/sex-fixed group.	0	Reports contemporary Stoic biological theories.	5	Reports the theory as a stated 'fact' of the school's belief system.	0	Female biological definition does not necessarily include 'sterile semen' in all theories.		Greek philosophical tradition (pan-Hellenic)	The work documents the lives and doctrines of major Greek philosophical schools across various poleis.	past	-600.0	300.0	Spans from the Pre-Socratics (c. -600) to the early 3rd century CE, well before the author's likely floruit.	Stoic Philosophy	The verbatim cites Sphaerus, a Stoic philosopher, defining a biological/physical rule within that tradition.	-220	Sphaerus of Borysthenes was a pupil of Zeno and Cleanthes, active in the late 3rd century BCE.	210	
tlg0004.tlg001.perseus-eng2::92	tlg0004.tlg001.perseus-eng2	Diogenes Laertius	Lives of Eminent Philosophers		['Age']	Exemption from service for seniors	Minors	Exemption from military cadet service	LESS	['Eratosthenes tells us that by Hipparchia, of whom we shall presently speak, he had a son born to him named Pasicles, and after he had ceased to be a cadet on service, Crates took him to a brothel.']	The mention of a son 'ceasing to be a cadet' implies a mandatory period of service (ephebeia) tied to a specific age group (young men), contrasting with the lack of such obligation for children or older adults.	0	1	7.0	4	Military service is a major demand on bodily freedom/labor.	5	Mandatory service is a foundational duty/exemption axis.	3	Exemption holds after a specific age-related life stage ends.	5	Age groups (cadet age) are biologically fixed at a given time.	1	Refers to the Hellenistic institution of the ephebeia.	5	Mentions the cessation of service as a standard procedural fact.	0	Military service is not the definition of 'minor' or 'son'.		Greek philosophical tradition (pan-Hellenic)	The work documents the lives and doctrines of major Greek philosophical schools across various poleis.	past	-600.0	300.0	Spans from the Pre-Socratics (c. -600) to the early 3rd century CE, well before the author's likely floruit.	Thebes	The mention of 'cadet service' (ephebeia) for Crates' son refers to the citizen obligations in a Greek polis, likely Thebes or Athens where he lived.	-300	Dated to the time Crates' son would have reached adulthood in the late 4th/early 3rd century BCE.	210	
tlg0062.tlg026.perseus-eng4::8	tlg0062.tlg026.perseus-eng4	Lucian	The Double Indictment	High Roman Empire (135–205 CE)	['Citizenship']	Citizen access to lawcourts	Citizens	Eligibility for jury service	MORE	['Gentlemen, you will remain and hear this second case, and will receive a double fee.']	The text describes the standard practice of compensating citizens for jury service with a fee, confirming their exclusive right to participate in the judicial process of the polis.	1	1	9.0	3	Eligibility to serve on a jury is access to a civic role.	3	Specific but recurring access to the judicial system.	3	Eligibility is a status that lasts for a specific life stage.	4	Citizenship is a hard-to-change legal birth-status.	0	Reflects the actual composition of Athenian law courts.	5	Describes professional compensation as a simple fact of the trial.	0	Juror eligibility is a right, not the definition of a citizen.								Classical Athens	Refers to Athenian citizen jury service and the associated state-provided fees.	-350	Standard practice in 4th-century BCE Athens regarding the payment of double fees for multiple sessions.	155	
tlg0004.tlg001.perseus-eng2::34	tlg0004.tlg001.perseus-eng2	Diogenes Laertius	Lives of Eminent Philosophers		['Religion', 'Citizenship']	Citizen obligation to state gods	Citizens	Right to introduce new divinities	LESS	['Socrates is guilty of refusing to recognize the gods recognized by the state, and of introducing other new divinities. He is also guilty of corrupting the youth. The penalty demanded is death.']	The official indictment recorded in the text shows a legal rule in Athens prohibiting citizens from substituting state-recognized gods with new ones upon pain of death.	0	1	10.0	5	The resource is life itself (protection from execution).	5	The right to introduce/refuse gods is foundational to legal personhood.	5	The penalty (death) is a permanent structural loss.	4	Citizenship is a structural legal birth-status.	1	Refers to the specific historical trial of Socrates (399 BCE).	5	Verbatim is the official legal indictment recorded by history.	0	Citizenship does not definitionally include an obligation to state gods.		Greek philosophical tradition (pan-Hellenic)	The work documents the lives and doctrines of major Greek philosophical schools across various poleis.	past	-600.0	300.0	Spans from the Pre-Socratics (c. -600) to the early 3rd century CE, well before the author's likely floruit.	Classical Athens	The verbatim contains the formal legal indictment brought against Socrates in the Athenian court.	-399	The trial and execution of Socrates took place in Athens in -399.	210	
tlg0026.tlg001.perseus-eng2::26	tlg0026.tlg001.perseus-eng2	Aeschines	Against Timarchus	Late Classical (354–165 BCE)	['Citizenship']	Audit of outgoing magistrates	Citizens	Accountability of public officials	MORE	['The Athenian constitution provided for a rigorous system of accounting by all public officers at the close of their year of office. Not only their handling of public funds, but every official act, was passed upon by a board of state auditors (Λογισταί).']	The passage describes the legal requirement for all public officials to undergo a mandatory audit (logistai) upon leaving office to ensure financial and behavioral accountability.	1	1	10.0	3	Legal audits of officials produce tangible outcomes like fines or exemptions.	4	Foundational constitutional check across all public offices.	2	The audit occurs once at the close of an office term.	2	Public officer is a temporary, term-limited role.	0	Refers to the existing Athenian constitution.	5	Describes the board of auditors as a factual institution.	0	Holding office does not inherently define undergoing an audit (though it was law).								Classical Athens	The 'euthynai' (accountability audits) were a cornerstone of Athenian democratic governance.	-345	Aeschines describes these audits as a current and standard part of the Athenian constitution in 345 BCE.	-354	
tlg0007.tlg082.perseus-eng3::5	tlg0007.tlg082.perseus-eng3	Plutarch	Sayings of Spartans	Hellenistic & Early Roman (165 BCE – 105 CE)	['Gender']	Female exercise requirement	Women	Access to physical training	MORE	['When someone else desired to know why he instituted strenuous exercise for the bodies of the maidens in races and wrestling and throwing the discus and javelin, he said, So that the implanted stock of their offspring... may attain a noble growth.']	Lycurgus is stated to have created a rule granting Spartan women (maidens) access to the gymnasium and athletic training, a resource often restricted to men in other Greek societies.	1	1	9.0	3	Access to athletic training involves use of facilities and physical development.	3	Specific to the institution of the gymnasium and athletic festivals.	3	Bounded to the life stage of 'maidens' (pre-marriage or youth).	5	Gender is biologically fixed.	1	Refers to the Lycurgan institutions of the deep past.	5	Verbatim cites the institution of strenuous exercise as a fact of the lawgiver.	0	Being a woman has no conceptual link to wrestling or discus throwing.	Roman Empire;(Roman Empire)	Classical Sparta; Archaic Sparta	A collection of apophthegms specifically documenting the speech and customs of Spartan men.	past	-800.0	-200.0	Covers the traditional range of Spartan history from the Lycurgan reforms to the end of Spartan independence.	Archaic Sparta	The verbatim attributes the institution of female physical training to Lycurgus, the legendary Spartan lawgiver.	-800	Lycurgus's reforms are traditionally dated to the early 8th or 9th century BCE; -800 is the start of the work's span.	75	biography
tlg0014.tlg001.perseus-eng2::1	tlg0014.tlg001.perseus-eng2	Demosthenes	First Olynthiac	Late Classical (354–165 BCE)	['Citizenship']	Citizen assembly voting	Citizens	Right to vote in the Ekklesia	MORE	['For not only if someone comes forward with a well-considered plan, could you hear and accept it, but also I count it part of your good fortune that more than one speaker may be inspired with suitable suggestions on the spur of the moment, so that out of the multitude of proposals the choice of the best should not be difficult.', 'My own idea would be to vote an expedition at once, to make instant preparation for its dispatch, thus avoiding our previous blunder, and to send ambassadors to state our intentions and watch events.']	The text is an address to the Athenian assembly where citizens exercise their right to hear advice, deliberate on policy, and vote on military expeditions and the dispatch of ambassadors.	1	1	10.0	4	The power to vote on war and ambassadors is a concrete political right with material effects.	5	Foundational societal axis: political personhood and sovereignty.	5	The right to vote in the assembly is a lifelong citizen right.	4	Citizenship is a birth-status.	0	Demosthenes is speaking to the current Athenian assembly.	5	The verbatim occurs during the exercise of this very right in fact.	0	The group definition (citizen) does not tautologically define the 'vote'.								Classical Athens	The rule describes the sovereign function of the Athenian Ekklesia (Assembly).	-349	The First Olynthiac was delivered in late 349 BCE to urge Athens to aid Olynthus against Philip II.	-348	
tlg0004.tlg001.perseus-eng2::135	tlg0004.tlg001.perseus-eng2	Diogenes Laertius	Lives of Eminent Philosophers		['Ethnicity']	Massagetae communal marriage	Massagetae	Communal access to wives	MORE	['The Massagetae, acording to Eudoxus in the first book of his Voyage round the World, have their wives in common; the Greeks have not.']	This identifies a specific social convention belonging to the Massagetae regarding the distribution of marital rights/access compared to the Greek model of private marriage.	1	1	9.0	4	Communal marriage rights affect household structure and labor.	4	Broad rule governing reproductive and social association.	5	Structural societal norm governing lifelong relations.	5	Massagetae is an immutable ethnic/tribal designation.	1	Cites Eudoxus (historical traveler) regarding a foreign tribe.	4	Reported as an ethnographic fact by a cited source.	0	Ethnic identity doesn't define marriage customs.		Greek philosophical tradition (pan-Hellenic)	The work documents the lives and doctrines of major Greek philosophical schools across various poleis.	past	-600.0	300.0	Spans from the Pre-Socratics (c. -600) to the early 3rd century CE, well before the author's likely floruit.	Scythia	The verbatim refers to the social customs of the Massagetae, a nomadic Scythian people.	-360	Diogenes cites Eudoxus' 'Voyage round the World', written c. -360.	210	
tlg0004.tlg001.perseus-eng2::46	tlg0004.tlg001.perseus-eng2	Diogenes Laertius	Lives of Eminent Philosophers		['Citizenship']	Citizen right to colonize territory	Citizens	Right to settle in cleruchies	MORE	['He was born, according to some, in Aegina, in the house of Phidiades, the son of Thales, as Favorinus states in his Miscellaneous History, for his father had been sent along with others to Aegina to settle in the island, but returned to Athens when the Athenians were expelled by the Lacedaemonians']	Plato's father was sent to Aegina as part of a group of settlers. This refers to the practice of cleruchies, where Athenian citizens were granted land and the right to settle in conquered or allied territories.	0	1	9.0	5	Right to settle in land allotments (cleruchies) is a tangible property right.	4	Cleruchies were a major structural tool of Athenian expansion.	5	Land settlement is intended to be a permanent/lifelong property right.	4	Athenian citizenship is a structural legal birth-status.	1	Relates to the time of Plato's father (5th century BCE).	5	Reports historical settlement patterns as attested by past historians.	0	Being a citizen does not mean 'settler in Aegina' by definition.		Greek philosophical tradition (pan-Hellenic)	The work documents the lives and doctrines of major Greek philosophical schools across various poleis.	past	-600.0	300.0	Spans from the Pre-Socratics (c. -600) to the early 3rd century CE, well before the author's likely floruit.	Aegina (Athenian Cleruchy)	The rule describes the Athenian system of cleruchies (citizen settlements) on the island of Aegina.	-431	The Athenians expelled the Aeginetans and established a cleruchy at the start of the Peloponnesian War in -431.	210	
tlg0059.tlg006.perseus-eng2::6	tlg0059.tlg006.perseus-eng2	Plato	Theaetetus	Classical (500–360 BCE)	['Health']	Gymnastic preservation of the body	The healthy	Access to physical training	MORE	['Well, then, is not the bodily habit destroyed by rest and idleness, and preserved, generally speaking, by gymnastic exercises and motions?']	Plato references the established social norm and medical belief in Classical Greece that physical exercise (gymnastics) is the mechanism for preserving the 'bodily habit' or physical health, contrasting it with idleness which destroys it.	1	1	10.0	5	Physical health and bodily habit are tangible, bodily entitlements.	4	Covers the general maintenance of the human body.	3	Requires recurring effort; the 'habit' is lost through idleness.	2	Health status is episodic and changeable.	0	Reflects standard medical and social views in Plato's time.	4	Socrates cites this as a widely accepted medical/social principle.	0	Possessing a healthy body is not the definition of 'the healthy'.								Classical Athens	The gymnasium was a central institution of Athenian civic and health life during the Classical period.	-399	The dialogue's dramatic date is 399 BCE, reflecting the established role of gymnastics in Athenian life.	-393	dialogue
tlg0004.tlg001.perseus-eng2::122	tlg0004.tlg001.perseus-eng2	Diogenes Laertius	Lives of Eminent Philosophers		['Nobility', 'Lineage']	Renunciation of hereditary kingship	Nobles	Right to hold hereditary office	MORE	['As a proof of his magnanimity Antisthenes in his Successions of Philosophers cites the fact that he renounced his claim to the kingship in favour of his brother.']	The text identifies a specific hereditary status (kingship) held by Heraclitus's family in Ephesus, which was a resource (political power/office) that could be claimed or legally transferred/renounced within the lineage.	0	1	10.0	5	Kingship involves direct control over state resources, wealth, and power.	5	Hereditary supreme office is a foundational societal axis.	5	Kingship/hereditary rank is traditionally a lifelong/structural status.	5	Noble lineage is strictly birth-fixed and immutable.	1	Refers to the historical lineage of Heraclitus in ancient Ephesus.	4	Cites a specific historical act of renunciation of a known legal right.	0	Being a noble does not strictly define one as currently holding a throne.		Greek philosophical tradition (pan-Hellenic)	The work documents the lives and doctrines of major Greek philosophical schools across various poleis.	past	-600.0	300.0	Spans from the Pre-Socratics (c. -600) to the early 3rd century CE, well before the author's likely floruit.	Archaic Ephesus	The rule concerns the hereditary office of the Basileus in Ephesus, which Heraclitus' family held.	-500	Heraclitus flourished c. -500 and famously renounced his hereditary title at this time.	210	
tlg0059.tlg024.perseus-eng2::7	tlg0059.tlg024.perseus-eng2	Plato	Meno	Classical (500–360 BCE)	['Freedom']	Exclusion of slaves from formal education	Slaves	Access to formal academic instruction	LESS	['Now, can anyone have taught him all this? You ought surely to know, especially as he was born and bred in your house. Men. Well, I know that no one has ever taught him.']	Meno's certainty that 'no one has ever taught' the slave geometry or other branches of knowledge reflects the social norm where household slaves were typically not provided with formal intellectual or academic education (like geometry), which was reserved for free citizens.	1	1	8.0	3	Formal academic instruction is a social practice with tangible career/status outcomes.	4	Education is a broad category of social development.	5	The lack of education in youth has lifelong structural effects on the individual.	4	Slavery is a hard-to-change legal and structural birth-status.	0	Reflects the contemporary Athenian exclusion of slaves from the gymnasium and academy.	4	The fact that 'no one has ever taught him' is presented as a known social reality.	0	Slavery is defined by lack of freedom, not necessarily lack of education (some slaves were literate).								Classical Athens	The assumption that a household slave would not have received a formal education in geometry reflects Athenian social stratification.	-385	Reflects the contemporary Athenian distinction between slave labor and the intellectual pursuits of free citizens.	-393	dialogue
tlg0062.tlg030.perseus-eng2::4	tlg0062.tlg030.perseus-eng2	Lucian of Samosata	The Parasite Tychiades	High Roman Empire (135–205 CE)	['Occupation']	Student vulnerability to corporal punishment	Education students	Protection from corporal punishment	LESS	['Every art has to be prefaced by study, hardships, fear and floggings, from which everyone would pray to be delivered. But this art alone, it seems, can be learned without hardships. Who ever went home from a dinner in tears, as we see some going home from their schools?']	The text contrasts the 'art' of parasitism with formal education, noting that students in traditional arts/schools are subject to 'floggings' and physical distress as part of their learning process.	1	1	9.0	5	Protection from bodily harm (flogging) is a material entitlement.	3	Recurring protection from corporal punishment in a specific setting.	3	Bounded to the life stage/period spent in education.	2	Role-bound identity (student) during a specific phase of life.	0	Describes real corporal punishment practices in schools of the time.	4	Reports school floggings as an observed, standard reality.	0	Being a student does not mean being flogged by definition.								Roman Empire	Describes the standard (and often criticized) method of discipline in schools during the Roman period.	165	Dated to Lucian's own time in the 2nd century CE, where corporal punishment in education was common.	155	dialogue
tlg0019.tlg011.perseus-eng1::1	tlg0019.tlg011.perseus-eng1	Aristophanes	Plutus	Classical (500–360 BCE)	['Freedom']	Slave exposure to corporal punishment	Slaves	Protection from corporal punishment	LESS	"['CHREMYLUS. No, but if you worry me I will take off your chaplet, and then you will only get a sounder thrashing.', ""CARIO. That's an old song! I am going to leave you no peace till you have told me who this man is; and if I ask it, 'tis entirely because of my interest in you.""]"	The dialogue establishes that masters have the legal and social right to physically beat (thrash) their slaves, and a slave's protection (like the laurel chaplet) can be removed at the master's discretion.	1	1	9.0	5	Protection from a 'thrashing' (physical assault) is a tangible bodily resource.	5	Bodily integrity is a foundational societal right.	5	Structural vulnerability throughout one's life as a slave.	4	Slave status is a structural legal state.	0	Describes contemporary social reality of master-slave relations.	4	Dialogue illustrates factual power dynamics and the commonality of threat.	0	Slavery does not definitionally include being beaten, though it permits it.								Classical Athens	The master's right to use corporal punishment on a slave was an established norm in Athenian society.	-388	The play reflects the contemporary social and legal realities of 388 BCE Athens.	-409	Old Comedy
tlg0017.tlg008.perseus-eng2::0	tlg0017.tlg008.perseus-eng2	Isaeus	On The Estate of Ciron	Classical (500–360 BCE)	['Gender', 'Lineage']	Male precedence in inheritance	Male descendants	Precedence in estate claims	MORE	"[""the nephew, the son of a brother, ought to have preference over a daughter's issue under the law which ordains that the descendants of males have precedence over those of females.""]"	The text explicitly cites a specific law ('the law which ordains...') governing Athenian inheritance, establishing that descent through a male line grants a stronger legal claim to an estate than descent through a female line.	1	1	10.0	5	Precedence in property claims involves tangible wealth and estate ownership.	5	Inheritance rights are a foundational societal axis for wealth distribution.	5	Legal priority in inheritance is a permanent structural right within the kinship system.	5	The group 'male descendants' is defined by birth-fixed biological sex and lineage.	0	The rule describes a statute in force in the author's contemporary Athens.	5	The speaker explicitly references 'the law which ordains' this priority.	0	Being a male descendant does not inherently mean having legal precedence over females in all societies.								Classical Athens	The verbatim refers to a specific Athenian law regarding inheritance through male vs. female lines.	-360	The speech 'On the Estate of Ciron' is dated for the purpose of this analysis to -360, mid-way through Isaeus's activity.	-384	
tlg0062.tlg059.perseus-eng3::1	tlg0062.tlg059.perseus-eng3	Lucian of Samosata	Harmonides	High Roman Empire (135–205 CE)	['Occupation']	Remuneration for public rhetoric	Sophists	Right to collect fees	MORE	['However I should be surprised if you were to condemn me for my present life—you knew me long ago when I was commanding the highest fees for the public practice of rhetoric, at the time when you went to see the Western Ocean and the lands of the Celts and met me: my fees were as high as those of any professor.']	Lucian describes the established practice of professional rhetoricians (sophists) receiving significant fees for their teaching and public displays, treating it as a standard economic right for that specific occupational group.	1	1	9.0	5	Fees/payment are direct material wealth.	3	Specific to a particular profession (rhetoric/teaching).	4	The ability to command fees is tied to a lifelong professional career.	3	Being a sophist is a durable identity acquired through training.	0	Relates to the author's own professional career in the 2nd century.	5	States the existence of these fees as biographical fact.	0	Sophists are not defined as 'people who get high fees'.								Roman Empire	The professional practice of the Second Sophistic (sophists traveling to Gaul/the West for high fees) is a 2nd-century CE phenomenon.	165	Lucian refers to his own professional career and the fees he commanded during the mid-2nd century CE.	155	
tlg1271.tlg001.perseus-eng1::16	tlg1271.tlg001.perseus-eng1	Clement of Rome	The First Epistle of Clement to the Corinthians	Hellenistic & Early Roman (165 BCE – 105 CE)	['Occupation']	Laity restriction to specific ordinances	Laity	Right to perform priestly ministrations	LESS	['For to the High Priest his proper ministrations are allotted, and to the priests the proper place has been appointed, and on Levites their proper services have been imposed. The layman is bound by the ordinances for the laity.']	The text explicitly limits the layman to a specific set of rules (ordinances for the laity), implying exclusion from the specific duties allotted to the high priests and Levites.	1	1	10.0	3	Access to specific 'ordinances' is a social/ritual role with minor material outcomes.	3	Tied specifically to the procedural technicalities of religious liturgy.	5	Laity is a lifelong structural identity relative to the priesthood.	4	Laity is a formal legal/social category within a religious hierarchy.	1	Refers to the historical/traditional structure of Temple worship.	5	Presents institutional boundaries as objective social facts.	1	Defining a layman as someone bound by the ordinances of the laity is tautological.								Second Temple Judea	Clement refers to the religious limitations placed upon Jewish laity in contrast to the priesthood as a historical lesson for his audience.	-450	The description pertains to the religious governance of Judea during the Second Temple period.	88	
tlg0014.tlg060.perseus-eng2::4	tlg0014.tlg060.perseus-eng2	Demosthenes	The Funeral Speech	Late Classical (354–165 BCE)	['Citizenship', 'Lineage']	State maintenance for war orphans	Minors	Public upbringing and honor	MORE	['In which the children of these men shall be reared in honor and the parents of these men shall enjoy distinction and tender care in their old age, cherishing the fame of these men as an assuagement of their sorrow.']	In the context of the funeral speech, this refers to the Athenian law where the state provided for the maintenance and 'honorable' upbringing of the children of those who fell in battle.	1	1	8.0	5	State rearing and honors involve physical maintenance/subsistence for orphans.	3	Specific recurring provision for war orphans and parents.	3	Bounded to the life stage of childhood/upbringing.	5	Orphan status arising from father's death is immutable.	0	Refers to established Athenian laws on state maintenance.	4	Reports a known institutional practice of the Athenian state.	0	Being an orphan doesn't define one as 'receiving state funding'.								Classical Athens	The Athenian state legally committed to the maintenance of war orphans (the 'orphanoi') as part of its military-civic contract.	-338	The custom was an active feature of Athenian law when the speech was delivered in 338 BCE.	-348	
tlg0014.tlg041.perseus-eng2::2	tlg0014.tlg041.perseus-eng2	Demosthenes	Against Spudias	Late Classical (354–165 BCE)	['Wealth / Properties']	Mortgagee right of property possession	Creditors	Protection from legal action by debtors	MORE	['And in this matter what stronger or more solid ground could I have in coming before you than the law which expressly ordains that, in all cases where men have given a mortgage, there shall be no right of action for them or for their heirs?']	The speaker cites a specific law protecting holders of a mortgage. Once a property is mortgaged to secure a debt, the debtor or their heirs lose the right of action against the creditor regarding that property.	1	1	10.0	5	Relates to the ownership and possession of tangible mortgaged property.	4	Broad legal protection for creditors across all mortgage types.	4	Holds as long as the mortgage exists or until the debt is settled.	3	Creditor status is based on wealth and specific financial activity.	0	Direct quote of an Athenian law then in force.	5	The author cites the 'law which expressly ordains' as fact.	1	A 'right to property' for a 'creditor' regarding a 'mortgage' is borderline definitional of being a mortgagee.								Classical Athens	The orator cites an Athenian law regarding mortgage rights (horoi) and the loss of right of action after a mortgage is established.	-361	The date reflects the period of Demosthenes' private legal practice, with this speech dated to circa 361 BCE.	-348	
tlg0007.tlg109.perseus-eng2::0	tlg0007.tlg109.perseus-eng2	Plutarch	A Discourse Concerning Socrates's Daemon	Hellenistic & Early Roman (165 BCE – 105 CE)	['Citizenship']	Metic exclusion from Boeotian interests	Metics	Freedom of political association	LESS	['Suppose us to be of this sort, and give us an account of the whole design, how from the very beginning it was carried on, what company you kept, and what particular discourse you had that day;—a thing so much desired, that I protest I would willingly go to Thebes to be informed, did not the Athenians already suspect me to lean too much to the Boeotian interest.']	The speaker Archidamus, an Athenian, expresses that his political movements and interests are restricted by the suspicion of his fellow citizens regarding his 'Boeotian interest'. This reflects a norm where citizens of one polis are restricted from acting in the political interest of another, essentially limiting their freedom of political choice and association based on their primary citizenship.	1	0	7.0	4	Restricting political movement and interest affects direct freedom of choice.	3	Specifically concerns interest in a rival polis (Boeotia) vs home city.	4	Citizenship-based loyalty expectations are lifelong/long-term.	4	Athenian citizenship is a structural birth-status.	1	Plutarch is writing a historical dialogue set in the 4th century BCE.	4	Describes a social suspicion and normative constraint as a factual reality for the speaker.	0	Being Athenian does not by definition preclude interest in Boeotia.	Roman Empire;(Roman Empire)	Classical Thebes	A dialogue set during the liberation of Thebes in 379 BCE, discussing Socrates's 'daemon'.	past	-399.0	-379.0	The dialogue is set in -379 but centers on the legacy of Socrates (died -399).	Classical Athens	The speaker is an Athenian describing the political suspicion he faces from his fellow citizens for his Boeotian interests.	-379	The dialogue is set in -379 BCE during the liberation of Thebes from Spartan control.	75	
tlg0007.tlg126.perseus-eng3::1	tlg0007.tlg126.perseus-eng3	Plutarch	Concerning the Face which Appears in the Orb Of the Moon	Hellenistic & Early Roman (165 BCE – 105 CE)	['Occupation']	Right to settle after service	Servants of Cronus	Right to settle in a foreign land	MORE	['Nor do any others inhabit it but themselves and those who have been dispatched before them, for, while those who have served the god together for the stint of thirty years are allowed to sail off home, most of them usually choose to settle in the spot, some out of habit and others because without toil or trouble they have all things in abundance while they constantly employ their time in sacrifices and celebrations or with various discourse and philosophy']	Plutarch notes a custom in this specific community where individuals who have completed a thirty-year term of religious service have the right to choose between returning home or settling permanently on the island with access to its resources.	1	1	9.0	5	Right to settle in a foreign land and 'abundance' of things is material/economic.	3	Specifically the right to permanent residence in a given locality.	5	Right to settle 'permanently' is lifelong.	4	Status acquired via a 30-year fixed term of service; structural.	1	Belongs to the mythic description of Cronus's island.	4	Presented as a factual description of the island's social laws.	0	Religious service does not inherently grant the right to settle elsewhere.	Roman Empire;(Roman Empire)	Roman Empire; Greek philosophical tradition (pan-Hellenic)	A dialogue on lunar physics and myth set among Plutarch's contemporaries.	contemporary	70.0	120.0	A contemporary dialogue reflecting the scientific and religious thought of the late 1st century CE.	Roman Empire	This describes a religious fellowship (Servants of Cronus) in the Western Ocean as understood by contemporary Roman-era philosophers.	95	Midpoint of the work's span (70 to 120 CE), representing the era of contemporary scientific/mythological inquiry.	75	biography
tlg0014.tlg017.perseus-eng2::5	tlg0014.tlg017.perseus-eng2	Demosthenes	On the Treaty with Alexander	Late Classical (354–165 BCE)	['Citizenship']	Protection from armed exile incursions	Citizens	Security from hostile exiles	MORE	['For it is laid down that it shall not be lawful for exiles to set out, bearing arms, from the states which are parties to the peace, with hostile intent against any of the states included in the peace; but if they do, then that city from which they set out shall be excluded from the terms of the treaty.']	The treaty contains a formal rule preventing states from allowing armed exiles to launch attacks on other member states, protecting the internal security and territorial integrity of the signatory groups.	1	1	9.0	5	Security from armed attacks is a fundamental bodily/territorial entitlement.	4	Internal security is a broad and foundational resource.	5	A structural protection meant to endure for the life of the treaty.	4	Citizenship of a state is a stable, legal birth-status.	0	Cites an active clause of the League of Corinth treaty.	5	Directly reports a formal rule of the compact.	0	Security from exiles is not part of the definition of citizenship.								League of Corinth	The rule is a provision of the common peace treaty preventing hostile proxy attacks among Greek states.	-335	The speech 'On the Treaty with Alexander' was delivered around 335 BCE to discuss the terms established by the League in 338/7 BCE.	-348	
tlg0062.tlg045.perseus-eng2::13	tlg0062.tlg045.perseus-eng2	Lucian of Samosata	The Dance	High Roman Empire (135–205 CE)	['Lineage', 'Nobility']	Noble participation in Bacchic dance	High-born men	Right to perform in public spectacles	MORE	['And certainly the Bacchic dance that is especially cultivated in Ionia and in Pontus, although it is a satyr-show, nevertheless has so enthralled the people of those countries that when the appointed time comes round they each and all forget everything else and sit the whole day looking at titans, corybantes, satyrs, and rustics. \n\nIndeed, these parts in the dance are performed by the men of the best birth and first rank in every one of their cities, not only without shame but with greater pride in the thing than in family trees and public services and ancestral distinctions.']	The author describes a specific contemporary social norm in Ionia and Pontus where high-status men (best birth/first rank) are permitted and encouraged to perform as dancers in public Bacchic festivals, a role that might otherwise be seen as low-status, framing it as a source of pride and a recognized right of their class.	1	1	10.0	3	The right to perform in festivals provides significant social status and cultural participation.	3	Applies to broad regional festivals and public services.	4	This is a recurring right associated with one's high-born status.	5	Defined as people of 'best birth' and 'first rank' (nobility).	0	Describes contemporary customs in the cities of Ionia and Pontus.	5	States the social practice and the identity of the participants as factual observation.	0	High birth does not entail Bacchic dancing; usually it was the opposite.								Ionia and Pontus	Lucian identifies these specific regions (Ionia and Pontus) as having a unique norm for high-born participants in Bacchic dance.	165	Dated to Lucian's floruit (c. 165 CE), as he describes contemporary regional social customs in the East.	155	
tlg0007.tlg028.perseus-eng2::4	tlg0007.tlg028.perseus-eng2	Plutarch	Titus Flamininus	Hellenistic & Early Roman (165 BCE – 105 CE)	['Freedom']	Magisrate ejection from Senate	Nobility	Right to retain senatorial rank	LESS	['In view of this, when Cato became censor and was purging the senate of its unworthy members, he expelled from it Lucius Flamininus, although he was a man of consular dignity, and although his brother Titus was thought to be involved in his disgrace.']	The text describes the power of the Censor to remove individuals from the Senate for perceived moral or behavioral failures, affecting their access to political power and high social status.	0	1	10.0	4	Senatorial rank is a concrete legal right with massive material influence.	4	A broad category of power and institutional membership.	4	Rank is permanent-till-revoked by a censor.	4	Nobility/consular dignity is a structural birth and career status.	1	Describes the historical censorship of Cato the Elder.	5	Describes the censor's power to purge the senate as a legal fact.	0	Retention of rank is not part of the definition of having reached that rank.	Roman Empire;(Roman Empire)	Middle Roman Republic; Macedonian kingdom	Documents the life of the Roman general who defeated Philip V of Macedon.	past	-229.0	-174.0	Covers the lifetime of Titus Quinctius Flamininus from birth to death.	Middle Roman Republic	The rule describes the powers of the Roman Censor to expel members from the Senate.	-184	Cato the Elder served as Censor in -184 BCE, the year he purged Lucius Flamininus from the Senate.	75	
tlg0004.tlg001.perseus-eng2::127	tlg0004.tlg001.perseus-eng2	Diogenes Laertius	Lives of Eminent Philosophers		['Education', 'Age']	Learning from royal foreign experts	Minors	Access to theological and astronomical education	MORE	['He was a pupil of certain Magians and Chaldaeans. For when King Xerxes was entertained by the father of Democritus he left men in charge, as, in fact, is stated by Herodotus; and from these men, while still a boy, he learned theology and astronomy.']	The text describes a specific educational arrangement where a young male of high standing (Democritus, son of a host to the King) was granted access to specialized knowledge (theology and astronomy) taught by foreign specialists (Magians and Chaldaeans) left by the Persian King. This indicates that boys of wealthy/connected families had access to private, elite tutoring from foreign experts.	0	1	8.0	3	Specialized education leads to social roles with material/elite outcomes.	4	Access to education is a major category of social right.	3	Limited to the life stage of minority/education.	5	Minors represent an immutable age status at that life moment.	1	Describes the education of Democritus (historical).	5	Describes a factual educational arrangement reported by historians.	0	Childhood does not define the presence of foreign tutors.		Greek philosophical tradition (pan-Hellenic)	The work documents the lives and doctrines of major Greek philosophical schools across various poleis.	past	-600.0	300.0	Spans from the Pre-Socratics (c. -600) to the early 3rd century CE, well before the author's likely floruit.	Achaemenid Empire	The rule describes education provided by Persian Magians left by King Xerxes in Abdera.	-480	Xerxes invaded Greece in -480, which is when he entertained Democritus' father according to tradition.	210	
tlg0008.tlg001.perseus-eng2::5	tlg0008.tlg001.perseus-eng2	Athenaeus	The Deipnosophists	High Roman Empire (135–205 CE)	['Freedom']	Slave prohibition of wine	Slaves	Right to drink wine	LESS	['And among the Romans no slave ever drank wine, nor any free woman, nor any youth born of free parents till he was thirty years of age.']	The text describes an ancient Roman sumptuary and social law that restricted access to wine based on both freedom and age criteria.	0	1	9.0	5	Wine is a tangible physical good.	3	Sumptuary law regarding a specific broad category of consumption.	5	For slaves, this was a lifelong prohibition.	4	Slave status is a structural legal status.	1	Refers to ancient Roman social history/customs.	5	Reported as a general historical fact of the Roman state.	0	Abstinence from wine is not the definition of a slave.								Archaic Rome	The verbatim refers to an ancient Roman law prohibiting wine consumption for slaves, women, and the young.	-450	Refers to the quasi-legendary and early Republican legal period of Rome, such as the era of the Twelve Tables (c. -450).	205	
tlg0030.tlg003.perseus-eng2::2	tlg0030.tlg003.perseus-eng2	Hyperides	Against Athenogenes	Classical (500–360 BCE)	['Wealth / Properties']	Testamentary freedom restrictions	Wealthy	Right to bequeath property	LESS	['Moreover the law dealing with wills is very similar to this. It allows a man to bequeath his property as he wishes unless he is affected by old age, illness or insanity, and provided he is not influenced by a woman or imprisoned or otherwise coerced.']	Solonian law on wills (diathekai) is cited, showing that while individuals have the right to bequeath, this resource is restricted if the testator is deemed influenced by specific external factors like illness or the influence of a woman.	1	1	9.0	5	The right to bequeath land and wealth is a core material entitlement.	5	Foundational societal axis: the transfer of wealth across generations.	5	A will has a lifelong and posthumous material effect.	3	Wealthy status is durable but susceptible to economic change.	0	Hyperides discusses the active Athenian law governing wills.	5	Reports well-known legal exceptions for testamentary freedom in Athens.	0	Wealth does not conceptually entail the right to bequeath while under 'female influence'.								Classical Athens	The restrictions on testamentary freedom (the influence of a woman, insanity, etc.) are standard features of Athenian law.	-330	The speech was delivered during Hyperides' career in the mid-4th century BCE.	-360	
tlg0004.tlg001.perseus-eng2::131	tlg0004.tlg001.perseus-eng2	Diogenes Laertius	Lives of Eminent Philosophers		['Wealth / Properties']	Sophist fee for education	Educated elite	Access to specialized instruction	LESS	['He was the first to exact a fee of a hundred minae and the first to distinguish the tenses of verbs... The story is told that once, when he asked Euathlus his disciple for his fee, the latter replied, But I have not won a case yet.']	The text establishes that Protagoras instituted a system where high-level education in rhetoric and dialectic required the payment of a significant fee (100 minae), effectively limiting access to those with substantial wealth.	0	1	9.0	3	Access to instruction is a role/practice with material consequences (fees).	4	Elite education is a broad category of social advantage.	4	The training provides long-term skills for a professional career.	3	Elite/student status is mutable through training and wealth.	1	Relates to the historical practice of the Sophists.	5	Reports a factual business model/fee structure as history.	0	Being educated/elite doesn't define having to pay a set fee.		Greek philosophical tradition (pan-Hellenic)	The work documents the lives and doctrines of major Greek philosophical schools across various poleis.	past	-600.0	300.0	Spans from the Pre-Socratics (c. -600) to the early 3rd century CE, well before the author's likely floruit.	Classical Athens	Protagoras' professional activity and fee-setting were centered in the Athenian intellectual market.	-440	Protagoras began his career as a sophist in the mid-5th century BCE; -440 represents his peak influence.	210	
tlg0059.tlg027.perseus-eng2::0	tlg0059.tlg027.perseus-eng2	Plato	Ion	Classical (500–360 BCE)	['Occupation']	Rhapsode competition eligibility	Rhapsodes	Right to compete in public festivals	MORE	['Soc. Do you mean to say that the Epidaurians honor the god with a contest of rhapsodes also?\n               Ion. Certainly, and of music Music with the Greeks included poetry. in general.\n               Soc. Why then, you were competing in some contest, were you? And how went your competition?\n               Ion. We carried off the first prize, Socrates.\n            \n \n               Soc. Well done: so now, mind that we win too at the Panathenaea. The Athenian festival of the Great Panathenaea was held every fourth year, and the Small Panathenaea probably every year, about July.']	The text establishes that rhapsodes as a professional group have the right and social function of competing for prizes (material and immaterial resources) at major Greek religious festivals like those in Epidaurus and Athens.	1	1	10.0	5	Competition for prizes (first prize often included money or valuables).	3	Specific to the institution of public festivals and rhapsodic contests.	4	The right to compete is a long-term feature of the professional identity.	3	Rhapsode is an occupation acquired through training and professionalization.	0	Plato describes contemporary Greek festivals like the Panathenaea.	5	The verbatim describes actual contests and prizes as observed facts.	0	Being a rhapsode doesn't tautologically require competing in the Panathenaea.								Classical Athens	The verbatim mentions the Panathenaea, the primary state festival of Athens, where rhapsodes competed publicly.	-390	Dated to Plato's early floruit; the Ion describes the professional landscape of performers in Athens and Epidaurus.	-393	dialogue
tlg0004.tlg001.perseus-eng2::16	tlg0004.tlg001.perseus-eng2	Diogenes Laertius	Lives of Eminent Philosophers		['Ethical Behavior']	Public speaker exclusion for profligates	Citizens	Right to speak in the Assembly	LESS	['Lysias, however, in his speech against Nicias ascribes this law to Draco, and to Solon another depriving open profligates of the right to speak in the Assembly.']	Specific moral conduct (defined as profligacy) led to the removal of the immaterial resource of political participation in the Assembly.	0	1	9.0	3	Speaking in the Assembly is a political/social practice with material consequences.	3	Specific to the recurring procedure of speaking in the sovereign body.	4	The deprivation of rights is a long-term or permanent legal state once enacted.	4	Refers to Citizens, a stable structural legal status.	1	Reports laws attributed to Draco and Solon.	5	Factual reporting of a statute as cited by Lysias.	0	Citizenship and morality (not being profligate) are not analytically linked.		Greek philosophical tradition (pan-Hellenic)	The work documents the lives and doctrines of major Greek philosophical schools across various poleis.	past	-600.0	300.0	Spans from the Pre-Socratics (c. -600) to the early 3rd century CE, well before the author's likely floruit.	Archaic Athens (Solonic)	The verbatim cites Lysias ascribing the restriction on public speaking for profligates to Solon in Athens.	-594	Solon's legislation in Athens is traditionally dated to 594 BCE.	210	
tlg0062.tlg008.perseus-eng2::4	tlg0062.tlg008.perseus-eng2	Lucian of Samosata	Demonax	High Roman Empire (135–205 CE)	['Citizenship']	Roman citizenship conferral by Emperor	Uneducated individuals	Roman citizenship	MORE	['A man named Polybius, quite uneducated and ungrammatical, said: “The emperor has honoured ‘me with the Roman citizenslfip.” “Oh, why didn’t he make you a Greek instead of a Roman?” said he.']	The passage confirms that the Emperor has the authority to grant Roman citizenship to individuals, even those lacking in education or Greek culture.	1	1	10.0	4	Roman citizenship is a concrete legal status with direct material/legal effects.	5	Foundational status governing legal personhood and rights across the Empire.	5	Citizenship is a lifelong, permanent legal standing.	3	Uneducated status is changeable through effort, though often a stable identity.	0	Describes the contemporary power of the Roman Emperor in Lucian's time.	4	Reports a specific instance of imperial grant as a factual anecdote.	0	Lack of education does not logically preclude citizenship; the relationship is social.								Roman Empire	The rule describes the granting of Roman citizenship by an Emperor, a prerogative of the Roman state.	165	Lucian is writing about his contemporary world in the 2nd century CE during his floruit.	155	
tlg0014.tlg048.perseus-eng2::3	tlg0014.tlg048.perseus-eng2	Demosthenes	Against Olympiodorus	Late Classical (354–165 BCE)	['Gender']	Invalidation of acts under female influence	Men	Right to have legal acts recognized	LESS	['And Solon established a law that all acts shall be null and void which are done by anyone under the influence of a woman, especially of a woman of her stamp. In this matter the lawgiver made wise provision.']	The speaker cites a specific law attributed to Solon stating that a man's legal actions (like breaking a contract or oath) can be invalidated if it is proven he was under the influence of a woman. This limits the autonomy/validity of a man's legal standing based on gendered interpersonal influence.	1	1	9.0	4	The validity of legal acts directly impacts property and contract rights.	5	Legal personhood/autonomy is a foundational societal axis.	5	This law acts as a permanent ceiling on a man's legal autonomy regarding women.	5	Gender (men) is biologically/socially fixed.	0	Cites a law of Solon currently applied in Athenian courts.	5	Cites a specific statute ('Solon established a law') as the basis for the argument.	0	Being a man does not by definition mean one's acts are void due to a woman.								Archaic Athens (Solonic)	The verbatim explicitly attributes this law to Solon, the 6th-century BCE Athenian lawgiver.	-594	Solon's legislation in Athens is traditionally dated to his archonship in 594 BCE.	-348	
tlg0062.tlg008.perseus-eng2::1	tlg0062.tlg008.perseus-eng2	Lucian of Samosata	Demonax	High Roman Empire (135–205 CE)	['Religion']	Citizen obligation to public sacrifice	Citizens	Exemption from public sacrifice	LESS	"[""Anytus and his Meletus who combined against him and brought the same charges that their predecessors brought against Socrates, asserting that he had never been known to sacrifice and was the only man in the community uninitiated in the Eleusinian mysteries. ... Regarding his never having offered sacrifice to Athena, he said: 'Do not be surprised, men of Athens, that I have not hitherto sacrificed to her: I did not suppose that she had any need of my offerings.'""]"	The Athenian public brought charges against Demonax specifically for failing to sacrifice to Athena. This indicates a general rule where residents/citizens were required to participate in the city's religious life through sacrifice, and omission was treated as a crime or serious social breach.	1	1	9.0	4	Avoiding legal charges for a 'punishable offense' involves bodily freedom/finance.	4	Obligation to public sacrifice is a broad category of civic duty/exemption.	4	Civic religious duty is a lifelong expectation for citizens.	4	Citizenship is a high-immutability birth-status or state-granted role.	0	Reflects the contemporary Athenian legal environment narrated by Lucian.	5	Reports the specific charge brought by 'Anytus and Meletus' as an event fact.	0	Citizenship status is not defined by the act of sacrifice.								Roman Athens	The charge of failing to sacrifice to Athena was brought by the Athenian public against Demonax in the 2nd century CE.	150	Demonax's floruit and the events described by Lucian occurred in the mid-2nd century CE.	155	
tlg0062.tlg045.perseus-eng2::5	tlg0062.tlg045.perseus-eng2	Lucian of Samosata	The Dance	High Roman Empire (135–205 CE)	['Religion']	Mystery cult secrecy obligation	Education	Protection from legal proceedings	LESS	"[""[§71] ...although it behoves me to observe silence about the rites on account of the uninitiate, nevertheless there is one thing that everybody has heard; namely, that those who let out the mysteries in conversation are commonly said to 'dance them out.'""]"	The text refers to the general social and religious rule that initiates of mystery cults are prohibited from speaking about the rites, characterizing disclosure as a violation ('dancing them out').	1	1	8.0	4	Secrecy is a legal/religious obligation with significant material consequences (legal/sacred punishment).	3	Applies to the widely relevant social institution of mystery cults.	5	The obligation of silence regarding the rites is lifelong once initiated.	3	Initiation is a choice that creates a durable, non-trivial social identity.	0	Refers to known contemporary religious norms during the author's lifetime.	4	Reports a widely known social norm ('what everybody has heard').	0	An initiate is not defined by their silence, though the silence is required of them.								Roman Empire	Refers to the general Hellenistic and Roman-era practice regarding secrecy in mystery cults like those at Eleusis.	165	Dated to Lucian's floruit (c. 165 CE), as these mystery cults were active and their secrecy norms were well-known to his audience.	155	
tlg0062.tlg015.perseus-eng4::7	tlg0062.tlg015.perseus-eng4	Lucian	A Feast of Lapithae	High Roman Empire (135–205 CE)	['Freedom', 'Gender']	Slave girl exposure to sexual violence	Flutegirls	Protection from sexual assault	LESS	['When some one came at last with a lamp, Alcidamas was discovered stripping and applying compulsion to the flutegirl, and Dionysodorus proved to have been as incongruously engaged']	The text describes an assault on a flutegirl (typically a slave or low-status hireling) by a guest during a public disorder. The lack of intervention or legal consequence described in this social setting illustrates the lack of protection such a group had regarding bodily autonomy.	1	1	9.0	5	Bodily integrity and protection from assault are high-value material resources.	5	Bodily integrity is a foundational societal rights axis.	5	Vulnerability to assault is a structural feature of their social status.	3	Flutegirl is an occupation, though often overlapping with slave status.	0	Reflects contemporary lack of protections for low-status female workers.	5	Narrates the assault and lack of consequence as an observed event.	0	Being a flutegirl does not definitionally mean being assaulted.								Roman Empire	The treatment of low-status entertainers (flutegirls) as objects of compulsion reflects the lack of legal protection for this class in the 2nd century CE.	165	Dated to Lucian's floruit in the 2nd century CE.	155	
tlg0062.tlg046.perseus-eng2::6	tlg0062.tlg046.perseus-eng2	Lucian of Samosata	Lexiphanes	High Roman Empire (135–205 CE)	['Gender']	Female seclusion during illness	Women	Right to social interaction	LESS	['for some time now his wife is irregular and out of sorts by reason of wanting issue, so that he no longer even knows her; she is unapproachable and uncultivated.']	The text describes a social norm where a woman experiencing reproductive health issues ('wanting issue') is kept 'unapproachable', effectively losing access to social contact even with her husband.	1	1	7.0	3	Exclusion from social interaction and contact has direct material effects on life.	3	Tied to specific health/marital conditions but recurring.	3	Bounded to the duration of the illness/infertility episode.	5	The rule is applied based on sex (woman), which is immutable.	0	Reflects the gendered social norms of the author's era.	4	Reports a specific wife's exclusion as a factual occurrence.	0	Being a woman does not tautologically mean being unapproachable when ill.								Roman Empire	The description reflects the domestic and social norms of the Hellenized upper classes in the Roman Empire.	165	Lucian describes the contemporary social treatment of women within elite households during his floruit.	155	biography, polemical lampoon
tlg0004.tlg001.perseus-eng2::126	tlg0004.tlg001.perseus-eng2	Diogenes Laertius	Lives of Eminent Philosophers		['Freedom']	Freedom from enslavement for philosophers	Philosophers	Right to be manumitted by peers	MORE	['He is believed to have been sold into slavery by [... and to have been set free by] the Pythagoreans Parmeniscus and Orestades: so Favorinus in the first book of his Memorabilia.']	While Xenophanes was sold into slavery, the text indicates a social convention or specific act where members of a philosophical school (Pythagoreans) acted to restore the freedom of a fellow intellectual, suggesting a degree of mutual protection among certain groups.	0	1	7.0	5	Freedom from slavery is the ultimate material resource of bodily autonomy.	5	Legal personhood/freedom is a foundational societal axis.	5	Manumission results in a permanent change in legal status (freedman).	3	Philosopher is a chosen social identity/occupation.	1	Refers to a historical anecdote from the life of Xenophanes.	4	Reported as a factual event ('is believed to have been sold').	0	Being a philosopher does not define one as legally free.		Greek philosophical tradition (pan-Hellenic)	The work documents the lives and doctrines of major Greek philosophical schools across various poleis.	past	-600.0	300.0	Spans from the Pre-Socratics (c. -600) to the early 3rd century CE, well before the author's likely floruit.	Classical Greece	The event involves Pythagorean communities across the Greek world acting to free Xenophanes.	-500	Xenophanes of Colophon lived c. -570 to -475; -500 represents his floruit and period of wandering.	210	
tlg0026.tlg003.perseus-eng2::15	tlg0026.tlg003.perseus-eng2	Aeschines	Against Ctesiphon	Late Classical (354–165 BCE)	['Citizenship']	Magistrate selection and voting rights	Citizens	Eligibility for the archonship	MORE	['It was in the archonship of Theophrastus; 340/39 b.c. Diognetus of Anaphlystus was our hieromnemon; as pylagori you elected Meidias of Anagyrus, whom you all remember—I wish for many reasons he were still living—and Thrasycles of Oeum; I was the third.']	The text identifies specific Athenian citizens by their demes (Anaphlystus, Anagyrus, Oeum) who were elected by the citizen body to high offices (Archon, Hieromnemon, Pylagori). This demonstrates that the resource of holding high political and religious office was reserved for citizens.	1	1	10.0	4	Holding high office grants control over state resources and law.	4	Eligibility for the archonship is a major political right.	5	Eligibility for office is a lifelong structural feature of citizen status.	4	Athenian citizenship is a structural legal birth-status.	0	Describes the contemporary election of officials in recent years.	5	Lists specific individuals and their election as plain historical fact.	0	Office eligibility is an attribute of citizenship, not its definition.								Classical Athens	The text names the Athenian Archon and citizens represented by their specific Athenian demes (Anaphlystus, Anagyrus).	-339	The verbatim explicitly dates the archonship of Theophrastus to 340/339 BCE.	-354	
tlg0004.tlg001.perseus-eng2::71	tlg0004.tlg001.perseus-eng2	Diogenes Laertius	Lives of Eminent Philosophers		['Occupation']	Philosopher right of residence	Philosophers	Right of residence	LESS	['The next year, however, the philosophers returned, as Philo had prosecuted Sophocles for making an illegal proposal. Whereupon the Athenians repealed the law, fined Sophocles five talents, and voted the recall of the philosophers, in order that Theophrastus also might return and live there as before.']	The repeal of Sophocles' law and the subsequent 'recall' of the philosophers confirms that the preceding rule effectively forced the entire group into exile, as they could no longer practice their occupation.	0	1	9.0	5	Freedom of movement and residency in a city (Athens) are material rights.	5	The right of residency is a foundational civil right.	4	Holds as long as the repeal stands and the individuals remain.	3	Occupation identity.	1	Historical account of the repeal of Sophocles' law.	5	Reports the repeal and voting as factual events.	0	Residency is not definitionally tied to philosophy.		Greek philosophical tradition (pan-Hellenic)	The work documents the lives and doctrines of major Greek philosophical schools across various poleis.	past	-600.0	300.0	Spans from the Pre-Socratics (c. -600) to the early 3rd century CE, well before the author's likely floruit.	Classical Athens	The repeal of the law and the recall of the philosophers (including Theophrastus) was an action of the Athenian assembly.	-306	Sophocles' law was repealed and the philosophers were recalled to Athens in the year following its enactment, -306.	210	
tlg0007.tlg093.perseus-eng3::2	tlg0007.tlg093.perseus-eng3	Plutarch	Can Virtue Be Taught?	Hellenistic & Early Roman (165 BCE – 105 CE)	['Freedom']	Enforced slave blinding in Scythia	Slaves	Protection from physical mutilation	LESS	['For the Scythians, as Herodotus says, blind their slaves that these may hand over the cream to themselves; but such a man as this gives Reason, like an eye, as it were, to the subservient and ancillary arts, while denying it to virtue.']	While referencing Herodotus (historical), Plutarch cites this as a known rule/practice of a specific society (the Scythians) where slaves are systematically blinded to serve a domestic function (preventing them from stealing cream). This highlights the lack of physical protection for the slave group.	0	1	10.0	5	Blinding is a permanent physical mutilation and loss of bodily integrity.	4	Protection from mutilation is a major category of physical security.	5	The loss of sight is a permanent, lifelong material state.	4	Slave status is a structural legal condition extremely hard to change.	1	Cites Herodotus regarding a foreign, ancient 'Scythian' custom.	4	Reported as an ethnographic fact (even if likely mythical), used for analogy.	0	Slavery does not inherently mean being blinded; it is a specific cultural rule.	Roman Empire;(Roman Empire)	Classical Greek poleis	A philosophical inquiry into the nature of virtue, heavily citing Classical Greek thinkers.	past	-450.0	-300.0	Focuses on the pedagogical debates of the Sophists and Socratic schools in the 5th-4th centuries BCE.	Scythia	The verbatim explicitly identifies this as a practice of the Scythians, as recorded by Herodotus.	-440	Plutarch cites Herodotus (fl. -440), who recorded Scythian customs during the 5th century BCE.	75	
tlg0007.tlg082b.perseus-eng2::3	tlg0007.tlg082b.perseus-eng2	Plutarch	Sayings of Spartan Women	Hellenistic & Early Roman (165 BCE – 105 CE)	['Citizenship']	Execution of cowards by mothers	Women	Political power	MORE	['Damatria heard that her son had been a coward and unworthy of her, and when he arrived, she made away with him. This is the epigram Referring to her: Sinner against our laws, Damatrius, slain by his mother, Was of the Spartan youth; she was of Sparta too.']	The text describes a mother killing her son for cowardice and frames this action as consistent with being 'of Sparta' and enforcing 'our laws'. This indicates a social norm where women were empowered/expected to enforce the city's military code within the family even unto death.	0	1	9.0	5	Power of life and death is the most concrete material force possible.	3	Specific to military code enforcement and domestic homicide.	2	Action relates to a single episode of cowardice.	5	Gender and ethnicity ('of Sparta') are fixed.	1	Historical anecdote from Sparta's military past.	4	Reports the event as an instantiation of 'our laws'.	0	Motherhood does not include the power to execute offspring.	Roman Empire;(Roman Empire)	Classical Sparta; Archaic Sparta	A collection of sayings attributed to Spartan women, documenting their unique social status and laconic wit.	past	-700.0	-200.0	Documents the traditional sayings of Spartan women from the legendary past through the Hellenistic era.	Classical Sparta	The rule describes the enforcement of Spartan military honor codes (cowardice laws) by family members.	-450	Midpoint of the work's span, representing the peak period of documented rigorous Spartan traditionalism.	75	
tlg0026.tlg001.perseus-eng2::15	tlg0026.tlg001.perseus-eng2	Aeschines	Against Timarchus	Late Classical (354–165 BCE)	['Freedom']	State slave right to sue	Slaves	Right to bring legal suit	MORE	['the fellow, angry at their insolent treatment, brings a suit against each of them. Proceedings in court in behalf of an ordinary slave would be conducted by his master in his own name; but Pittalacus was a state slave (Aeschin. 1.54). Probably he would have to bring suit under the name of some citizen as his protector (προστάτης).']	While regular slaves could not sue, state slaves (demosioi) like Pittalacus had the specific resource of legal recourse against those who harmed them, albeit requiring a citizen protector.	1	1	8.0	4	The right to bring a suit is a concrete legal right with potential material payoffs.	3	A specific legal procedure (bringing suit) for a specific sub-group (state slaves).	4	The status of being a state slave was typically long-term or lifelong.	4	Slave vs. state slave is a structural legal birth-status, very hard to change.	0	Refers to a known contemporary Athenian legal distinction.	5	Verbatim cites the different legal standing of ordinary vs. state slaves as fact.	0	Freedom to sue is not part of the definition of 'slave' (usually the opposite).								Classical Athens	The text discusses the specific legal status of 'demosioi' (state slaves) within the Athenian judicial system.	-345	The speech Against Timarchus was delivered in 345 BCE, describing the contemporary legal standing of state slaves.	-354	
tlg0062.tlg011.perseus-eng2::2	tlg0062.tlg011.perseus-eng2	Lucian of Samosata	Octogenerians	High Roman Empire (135–205 CE)	['Occupation']	Slave obedience to master demands	Servants	Right to refuse service	LESS	['calling his servant and telling him, along with a great and hearty laugh, to give the donkey also a sup of wine, he choked with his laughter and died.']	The text describes a poet (Philemon) commanding a servant to perform a whimsical and non-essential task (giving wine to a donkey), which the servant is expected to obey. This reflects the social rule where individuals of the 'servant' occupation group lack the right to refuse service or exercise autonomy over their labor when commanded by their master.	0	1	7.0	5	Control over one's own labor and body (subsistence) is material.	4	The right to refuse service/autonomy is a broad structural outcome.	5	Slave/servant status is usually lifelong and structural.	4	Servant/slave status is a hard-to-change legal birth-status/condition.	1	Refers to the death of Philemon, a figure from the past.	5	Describes the master-servant dynamic as an unremarkable, observed fact.	1	A servant by definition is one who must obey orders; the rule is tautological.								Classical Athens	Philemon was a 4th-3rd century BCE Athenian playwright; the rule pertains to slave-master relations in that setting.	-262	Dated to the approximate year of Philemon's death, which Lucian is recounting as a historical anecdote.	155	
tlg0004.tlg001.perseus-eng2::17	tlg0004.tlg001.perseus-eng2	Diogenes Laertius	Lives of Eminent Philosophers		['Lineage', 'Gender']	Guardian marriage restriction	Guardians	Right to marry certain women	LESS	['Excellent, too, is his provision that the guardian of an orphan should not marry the mother of his ward, and that the next heir who would succeed on the death of the orphans should be disqualified from acting as their guardian.']	Solonian law restricted the marital choices of guardians and the eligibility for guardianship based on inheritance interests to protect the orphan's resources.	0	1	9.0	4	Restricting marriage has direct effects on kinship, inheritance, and social status.	3	Right to marry certain people is a specific legal/social boundary.	4	Guardianship is a long-term role during a ward's minority.	2	Being a 'Guardian' is a role-bound legal appointment, not an immutable trait.	1	Cites historical Solonian legislation.	5	Describes the terms of a specific and 'excellent' historical provision.	0	The role of guardian does not inherently include marital restrictions.		Greek philosophical tradition (pan-Hellenic)	The work documents the lives and doctrines of major Greek philosophical schools across various poleis.	past	-600.0	300.0	Spans from the Pre-Socratics (c. -600) to the early 3rd century CE, well before the author's likely floruit.	Archaic Athens (Solonic)	The rule regarding guardian matches and orphan protection is part of the Solonic legal code for Athens.	-594	Solon's legislation in Athens is traditionally dated to 594 BCE.	210	
tlg0026.tlg001.perseus-eng2::39	tlg0026.tlg001.perseus-eng2	Aeschines	Against Timarchus	Late Classical (354–165 BCE)	['Gender', 'Citizenship']	Prostitute exclusion from public spaces	Men	Right to enter the market-place and wear garlands	LESS	['For who will not say, And then do you thrust yourself into the market-place, do you put on a garland, do you attempt to do anything else that the rest of us do? His contract, you see, is of no use to him.']	Aeschines describes the social and legal exclusions faced by those who have prostituted themselves; they are barred from the agora (market-place) and from symbolic honors like wearing garlands, which were restricted to citizens in good standing.	1	1	9.0	3	Access to public physical spaces (agora) and symbolic dress (garlands).	3	Scope is limited to specific spaces and ceremonial protocols.	5	This social exclusion for 'prostitutes' was generally permanent.	5	Male sex is fixed; the rule targets male citizens.	0	Active civic practice described by the author.	4	Fact reported with a rhetorical question framing.	0	Male identity does not define access to garlands.								Classical Athens	The exclusion of those who had lost their reputation through prostitution from the agora was a specific Athenian civic penalty.	-345	Aeschines describes this restriction as an active part of the Athenian penal system in 345 BCE.	-354	
tlg0540.tlg020.perseus-eng2::1	tlg0540.tlg020.perseus-eng2	Lysias	For Polystratus	Classical (500–360 BCE)	['Wealth / Properties']	Liturgy obligation for the wealthy	The wealthy	Right to retain own wealth	LESS	['Then, when he might well have put his fortune away out of sight and refused to help you, he preferred that you should have cognizance of it, in order that, even if he chose to play the knave, he could have no chance, but must contribute to the special levies and perform his public services.']	The passage highlights the requirement for wealthy citizens (those whose fortunes are known to the state) to fund special levies (eisphora) and perform public services (liturgies), effectively reducing their private resources for public benefit.	1	1	10.0	5	Special levies (eisphora) and liturgies are tangible financial extractions.	4	Liturgy obligations are a major recurring structural axis for the wealthy.	4	The obligation persists as long as the member remains within a wealth bracket.	3	Wealth is a durable identity but changeable through loss of property.	0	Describes the contemporary Athenian liturgical system.	5	Cites the necessity to perform public services as a factual legal requirement.	0	Wealth does not define the obligation to perform specific state services.								Classical Athens	The liturgy system (public services) and eisphora (special levies) were central to Athenian state finance for the wealthy.	-410	Dated to the approximate time of the trial of Polystratus (-410), following the restoration of democracy after the Four Hundred.	-409	
tlg0535.tlg001.perseus-eng2::2	tlg0535.tlg001.perseus-eng2	Demades	On the Twelve Years	Late Classical (354–165 BCE)	['Citizenship']	Legal procedure differentiation	Athenians	Access to specific judicial venues	MORE	['Each offence is dealt with in its own particular way some call for the council of the Areopagus, some for lesser courts, others for the Heliaea. All these are distinguished in name, circumstance, time, penalty, procedure, and in the number of the jury.']	The text describes the established legal system where different types of offenses are assigned to specific courts (Areopagus, Heliaea), ensuring that the accused (citizens) are processed according to defined jurisdictional rules.	1	1	10.0	4	Access to specific courts (Heliaea, Areopagus) is a concrete legal right with direct material consequences for the accused.	4	Jurisdictional rules for all offenses cover a broad category of legal protections.	2	Venue access is tied to the duration of a specific legal episode or trial.	4	Athenian citizenship is a structural birth-status, very difficult to change.	0	Demades describes the current functioning of the Athenian judicial system.	5	Verbatim provides a factual description of existing, named legal institutions.	0	The specific jurisdictional mapping is not part of the definition of an Athenian.								Classical Athens	The text describes the specific judicial venues and juries characteristic of the 4th-century BCE Athenian legal system.	-322	Demades was an Athenian orator and politician active in the late 4th century BCE; -322 marks the height of his influence.	-345	
tlg0019.tlg011.perseus-eng1::3	tlg0019.tlg011.perseus-eng1	Aristophanes	Plutus	Classical (500–360 BCE)	['Wealth / Properties']	Liturgy obligation for the wealthy	The wealthy	Freedom from compulsory public financing	LESS	['CARIO. And tell me, is it not you who equip the triremes?']	The mention of equipping triremes refers to the Athenian 'trierarchy', a liturgy where wealthy citizens were legally required to fund and maintain a warship.	1	1	9.0	5	Financing triremes (liturgies) is a direct, substantial wealth-based expenditure.	4	Liturgy obligations were a broad category of public financing in Athens.	4	Obligations last as long as one remains in the requisite wealth bracket.	3	Wealth brackets are durable but changeable identities.	0	Refers to the actual Athenian trierarchy system of the 4th century BCE.	5	The 'equipping of triremes' is an attested historical fact mentioned as common knowledge.	0	Being wealthy does not by definition mean one is legally required to fund warships.								Classical Athens	The 'trierarchy' mentioned was a specific liturgy of the Athenian state where wealthy citizens were required to fund warships.	-388	The play was performed in 388 BCE; the trierarchy remained a central, albeit burdensome, institution of that time.	-409	Old Comedy
tlg0014.tlg019.perseus-eng2::2	tlg0014.tlg019.perseus-eng2	Demosthenes	On the Embassy	Late Classical (354–165 BCE)	['Occupation']	Death penalty for unauthorized diplomacy	Ambassadors	Protection from capital punishment	LESS	['off marched this wise, clever, smooth-tongued gentleman, without waiting for Council or Assembly to reappoint him, on his embassy to the court of the chief malefactor. He forgot that he had sworn that he was too ill to travel; forgot that another ambassador had been chosen in his stead, and that the law visits such conduct with death']	Demosthenes cites a specific Athenian law that mandates the death penalty for an individual who acts as an ambassador or continues an embassy without a valid, current appointment or after formally declining the post on oath.	1	1	9.0	5	The resource is life itself (protection from capital punishment/death).	4	The death penalty is a foundational legal consequence of the highest order.	5	Death is a permanent/lifelong consequence once enacted.	2	Ambassador is an episodic role-bound status.	0	Cites an existing Athenian statute in force at the time of the trial.	5	Plain citation of a specific law and the conduct it visits with death.	0	The definition of an ambassador does not inherently include the death penalty.								Classical Athens	The verbatim cites the Athenian law regarding the unauthorized continuation of a diplomatic mission.	-343	Demosthenes cites this existing capital statute during his prosecution of Aeschines in 343 BCE.	-348	
tlg0059.tlg011.perseus-eng2::3	tlg0059.tlg011.perseus-eng2	Plato	Symposium	Classical (500–360 BCE)	['Citizenship', 'Gender']	Lover protection of freeborn women	Women	Protection from pursuit by popular lovers	MORE	['Good men, however, voluntarily make this law for themselves, and it is a rule which those popular lovers ought to be forced to obey, just as we force them, so far as we can, to refrain from loving our freeborn women.']	Pausanias refers to a social compulsion or 'rule' in Athens that forces men to refrain from pursuing freeborn women, contrasting this established protection with the lack of similar legal protections for boys.	1	1	9.0	5	Protection from sexual pursuit/harassment is an intensely personal bodily entitlement.	4	Covers a foundational entitlement (protection of free women's honor/bodies).	5	The status of being a 'freeborn woman' is a lifelong legal condition.	5	Group is defined by the intersection of biological sex and birth-status.	0	Explicitly mentions the current forced obedience of 'popular lovers' in Athens.	4	Reports an actual social force/constraint used in the community.	0	Being freeborn doesn't tautologically entail protection from lovers.								Classical Athens	Pausanias explicitly mentions the compulsion to refrain from pursuing freeborn women as a social norm in Athens.	-385	As part of the andron culture described in the Symposium, this is dated to the work's period of composition around 385 BCE.	-393	Socratic dialogue
tlg0007.tlg013.perseus-eng2::6	tlg0007.tlg013.perseus-eng2	Plutarch	Fabius Maximus	Hellenistic & Early Roman (165 BCE – 105 CE)	['Citizenship']	Magistrate command rotation	Consuls	Right to supreme command	LESS	['But Terentius, insisting on his right to command a day in turn, and then encamping over against Hannibal by the river Aufidus amid the town called Cannae, at break of day put out the signal for battle,—a scarlet tunic displayed above the general’s tent.']	The text describes a specific Roman legal/military convention where two colleagues in the consulship alternate supreme command on a daily basis. This limits the individual magistrate's access to the resource of 'supreme command' to every other day.	0	1	10.0	4	Supreme military command involves control over all resources of the state in war.	4	Supreme command is a major category of political/military authority.	2	The command rotates daily, making it a very transient access.	2	Consuls are annual magistrates; command is even more episodic.	1	Refers to historical Roman constitutional practice during the Punic War.	5	Reports the rotation as a legal right/insistence of the historical consul.	0	The consulship is defined by shared authority, but not specifically daily rotation.	Roman Empire;(Roman Empire)	Middle Roman Republic	Narrates the life of Fabius Maximus, known for his 'Fabian strategy' against Hannibal.	past	-280.0	-203.0	Covers the life of Fabius Maximus from his birth (~-280) to his death in -203 BCE.	Middle Roman Republic	Describes the rotation of command between Consuls Terentius Varro and Lucius Aemilius Paullus.	-216	The rotation of command led directly to the Battle of Cannae in -216.	75	
tlg0014.tlg053.perseus-eng2::0	tlg0014.tlg053.perseus-eng2	Demosthenes	Apollodorus Against Nicostratus	Late Classical (354–165 BCE)	['Wealth / Properties']	Citizen risk for malicious indictment	Wealthy	Right to indict on own behalf	LESS	['For, I take it, if I had wished to bring a malicious suit, I should not have listed slaves worth two minae and a half, the sum at which the claimant himself has fixed their value, and myself have run the risk of losing a thousand drachmae, and forfeiting the right ever again to indict anyone on my own behalf.']	The author refers to a standard legal penalty in the Athenian court system where a prosecutor who fails to obtain a minimum of one-fifth of the votes (implying a malicious or baseless suit) faces a fine and the loss of future right to bring similar indictments.	1	1	10.0	4	The right to indict is a fundamental legal power with material impact.	3	Specific to a particular legal threshold/penalty (1/5th vote).	5	Loss of the right is phrased as 'ever again', implying permanence.	4	The group is defined by citizenship/legal standing.	0	Describes a foundational penalty in the current Athenian court system.	5	Describes the risk ('losing a thousand drachmae, and forfeiting') as a known fact.	0	Being wealthy or a citizen does not mean you have lost the right to indict.								Classical Athens	The risk of a 1,000 drachmae fine for failing to get a fifth of the votes is a hallmark of Athenian 'public' legal actions.	-340	The speech Against Nicostratus is generally dated to the late 340s or early 330s BCE; -340 is a representative date.	-348	
tlg0007.tlg034.perseus-eng2::2	tlg0007.tlg034.perseus-eng2	Plutarch	Comparison of Lysander and Sulla	Hellenistic & Early Roman (165 BCE – 105 CE)	['Wealth / Properties']	Confiscation of wealthy estates	The wealthy	Right to retain property	LESS	['In these courses he so mortgaged and emptied the city of her wealth that he sold to allied and friendly cities their freedom and independence for money, although he was daily confiscating and selling at public auction the wealthiest and greatest estates.']	During Sulla's rule, the wealthy were targeted for property confiscation to fund the state or reward followers, indicating a loss of property rights based on their wealth status.	0	1	9.0	5	Right to property/estates is a tangible material wealth resource.	5	Wealth/property is a foundational societal axis.	5	Loss of an estate through confiscation is a permanent/structural loss.	3	The wealthy are defined by a wealth bracket, which can change.	1	Describes the proscriptions/confiscations during Sulla's rule.	5	Describes the public auction and confiscation of estates as factual events.	0	Retaining property is not part of the definition of being wealthy.	Roman Empire;(Roman Empire)	Classical Sparta; Late Roman Republic	Compares the Spartan general Lysander with the Roman dictator Lucius Cornelius Sulla.	past	-454.0	-78.0	Spans from the birth of Lysander (~-454) to the death of Sulla in -78.	Late Roman Republic	The rule concerns Sulla's proscriptions and the confiscation of estate property from the Roman elite.	-82	Sulla's proscriptions and property auctions began in earnest in -82 BCE after his victory at the Colline Gate.	75	
tlg0007.tlg034.perseus-eng2::1	tlg0007.tlg034.perseus-eng2	Plutarch	Comparison of Lysander and Sulla	Hellenistic & Early Roman (165 BCE – 105 CE)	['Citizenship']	Citizen sumptuary and marriage regulations	Citizens	Freedom from lifestyle restrictions	LESS	['But Sulla allowed neither the poverty of his youth to set bounds to his desire; nor the years of his old age, but continued to introduce marriage and sumptuary laws for the citizens, while he himself was living in lewdness and adultery, as Sallust says.']	The text identifies Sulla's enactment of specific laws (sumptuary and marriage) that restricted the personal freedom and material expenditure of the Roman citizen body.	0	1	10.0	4	Marriage and sumptuary laws have direct material effects on spending/wealth.	4	Covers a broad class of life outcomes (expenditure and family law).	4	Legislation imposes long-term constraints while the laws remain in force.	4	Citizenship is a hard-to-change legal birth-status.	1	Refers to the dictatorship and legislation of Sulla.	4	Reports Sulla's enactment of laws as a historical fact.	0	Being a citizen does not inherently define one's marriage laws.	Roman Empire;(Roman Empire)	Classical Sparta; Late Roman Republic	Compares the Spartan general Lysander with the Roman dictator Lucius Cornelius Sulla.	past	-454.0	-78.0	Spans from the birth of Lysander (~-454) to the death of Sulla in -78.	Late Roman Republic	The rule describes sumptuary and marriage laws enacted by Sulla in Rome.	-81	Sulla enacted his extensive legislative program during his dictatorship in -81 BCE.	75	
tlg0027.tlg004.perseus-eng2::1	tlg0027.tlg004.perseus-eng2	Andocides	Against Alcibiades	Classical (500–360 BCE)	['Citizenship']	Ostracism procedure at Athens	Citizens	Protection from ten-year exile	LESS	['is to decide whether one who has done the state no wrong is to spend ten years in exile. The competitors for that prize are Alcibiades, Nicias, and myself. Upon one of us the blow must fall. [...] when the person ostracized is to be cut off from his country for so long, no accusation has been made, no defence allowed, and the voting is secret.']	The passage describes the legal mechanism of ostracism, which allows the citizen body to exile a person for ten years without a formal accusation or defense, effectively reducing their protection from displacement.	1	1	10.0	4	Exile involves loss of property, residency, and civic rights.	4	Ostracism is a significant broad-reach political procedure.	4	The exile is specifically mandated for a 10-year term.	4	Citizens are the only group subject to/users of ostracism.	0	Describes the current Athenian procedure of ostracism.	5	Describes the factual legal mechanism of ostracism in Athens.	0	Ostracism is a legal process, not the definition of being a citizen.								Classical Athens	Ostracism was a uniquely Athenian institution used to exile prominent citizens without a trial.	-416	The verbatim refers to the last historical instance of ostracism in Athens, occurring in 416 BCE.	-500	
tlg0007.tlg028.perseus-eng2::0	tlg0007.tlg028.perseus-eng2	Plutarch	Titus Flamininus	Hellenistic & Early Roman (165 BCE – 105 CE)	['Age']	Military training for young men	Minors	Access to military education	MORE	['From his earliest years he was trained in the arts of war, since at that time Rome was carrying on many great contests and her young men from the very outset were taught by service as soldiers how to command soldiers.']	Plutarch describes a general societal practice during the Roman Republic (specifically during the Second Punic War) where young men were systematically integrated into military service as part of their education and social development.	0	1	10.0	3	Military education leads to professional roles with tangible outcomes.	4	Foundational societal axis for Roman youth development.	3	Resource is bounded to the life stage of youth/young adulthood.	5	Age (minors) is biologically fixed at a given moment.	1	Describes the Roman Republic (2nd Punic War) era.	4	Describes a general societal practice as factual historical context.	0	Military training is a societal right, not part of the definition of 'minor'.	Roman Empire;(Roman Empire)	Middle Roman Republic; Macedonian kingdom	Documents the life of the Roman general who defeated Philip V of Macedon.	past	-229.0	-174.0	Covers the lifetime of Titus Quinctius Flamininus from birth to death.	Middle Roman Republic	Plutarch describes the Roman training and military culture during the Second Punic War.	-218	The Second Punic War began in -218, a period of 'great contests' mentioned in the verbatim during Flamininus' youth.	75	
tlg0540.tlg010.perseus-eng2::1	tlg0540.tlg010.perseus-eng2	Lysias	Against Theomnestus 1	Classical (500–360 BCE)	['Citizenship']	Slander penalty for specific terms	Citizens	Protection from slander	MORE	['if anyone asserts that a man has thrown it [his shield] away, he shall be liable to penalty', 'How monstrous it is, then, that when you have to avenge yourself on your enemies for slander you take the laws in the sense that I do now... you have taken proceedings yourself against Lysitheus for slander, because he said that you had cast your shield: yet there is nothing in the terms of the law about casting, whereas, if anyone says, that a man has thrown away his shield, it imposes a penalty of five hundred drachmae.']	The author cites a specific law (dike kakegorias) that protects citizens from certain forbidden terms (aporreta), specifically the accusation of throwing away one's shield in battle. The penalty of five hundred drachmae is explicitly mentioned as the legal resource (monetary redress) for the victim.	1	1	10.0	5	A penalty of 500 drachmae is a tangible monetary transfer.	3	Relates to a specific recurring legal action for slander (dike kakegorias).	2	Applies to the duration of a single trial and its one-time payout.	4	Citizenship is a hard-to-change legal birth-status.	0	The author discusses a law currently in force in his own city.	5	The verbatim quotes the specific legal penalty (500 drachmae) as an established fact.	0	Protection from slander is not part of the definition of citizenship.								Classical Athens	The 'dike kakegorias' (action for slander) and the 500 drachmae fine are specific features of the Athenian legal system.	-384	Dated to the approximate floruit of Lysias (-384), reflecting contemporary Athenian statutes on actionable insults.	-409	
