file_id	perseus_id	perseus_author	wikidata_work_id	wikidata_work_label	selected_english_translation	historian	main_language	author_code	author_wikidata_id	author_impact_date	languages	file_path	editors	pub_date	n_characters	n_words	n_pages	perseus_title	wikidata_author_in_db	instance_of	genre	form_of_creative_work	confidence
tlg0006.tlg019.perseus-eng3	tlg0006.tlg019	Euripides	Q63721447	Rhesus	1	0	English	tlg0006	Q48305	-445	eng; lat	tlg0006/tlg019/tlg0006.tlg019.perseus-eng3.xml	Edward P. Coleridge	1906	132892	24264	97	Rhesus	Euripides	version, edition or translation, translation work			100
tlg0006.tlg018.perseus-eng2	tlg0006.tlg018	Euripides	Q1233770	Iphigenia in Aulis	1	0	English	tlg0006	Q48305	-445	eng; grc; lat	tlg0006/tlg018/tlg0006.tlg018.perseus-eng2.xml	Edward P. Coleridge	1891	98059	17514	70	Iphigenia in Aulis	Euripides	dramatic work	Greek tragedy	play	100
tlg0006.tlg014.perseus-eng2	tlg0006.tlg014	Euripides	Q1248812	Helen	1	0	English	tlg0006	Q48305	-445	eng; grc; lat	tlg0006/tlg014/tlg0006.tlg014.perseus-eng2.xml	Edward P. Coleridge	1906	84591	15886	64	Helen	Euripides	dramatic work	Greek tragedy	play	100
tlg0008.tlg001.perseus-eng2	tlg0008.tlg001	Athenaeus	Q1244416	Deipnosophistae	1	0	English	tlg0008	Q294923	205	eng; grc	tlg0008/tlg001/tlg0008.tlg001.perseus-eng2.xml	Charles Duke Yonge	1854	3424234	433058	1732	The Deipnosophists	Athenaeus	written work		anthology	93
tlg0010.tlg019.perseus-eng2	tlg0010.tlg019	Isocrates	Q4774689	Antidosis	1	0	English	tlg0010	Q221182	-400	eng; grc	tlg0010/tlg019/tlg0010.tlg019.perseus-eng2.xml	George Norlin	1928	162891	29306	117	Antidosis	Isocrates	oration, literary work			100
tlg0010.tlg021.perseus-eng2	tlg0010.tlg021	Isocrates	Q87746403	Panathenaicus	1	0	English	tlg0010	Q221182	-400	eng; grc	tlg0010/tlg021/tlg0010.tlg021.perseus-eng2.xml	George Norlin	1928	179924	27655	111	Panathenaicus	Isocrates	literary work, oration			100
tlg0010.tlg011.perseus-eng2	tlg0010.tlg011	Isocrates	Q3893205	Panegyricus	1	0	English	tlg0010	Q221182	-400	eng; grc	tlg0010/tlg011/tlg0010.tlg011.perseus-eng2.xml	George Norlin	1928	138820	21059	84	Panegyricus	Isocrates	literary work, oration	panegyric		100
tlg0011.tlg007.perseus-eng2	tlg0011.tlg007	Sophocles	Q294001	Oedipus at Colonus	1	0	English	tlg0011	Q7235	-460	eng; grc	tlg0011/tlg007/tlg0011.tlg007.perseus-eng2.xml	Richard Jebb	1889	118991	16067	64	Oedipus at Colonus	Sophocles	dramatic work	Greek tragedy	play	100
tlg0011.tlg004.perseus-eng2	tlg0011.tlg004	Sophocles	Q148643	Oedipus Rex	1	0	English	tlg0011	Q7235	-460	eng; grc	tlg0011/tlg004/tlg0011.tlg004.perseus-eng2.xml	Richard Jebb	1887	104415	14265	57	Oedipus Tyrannus	Sophocles	dramatic work	Greek tragedy	play	89
tlg0011.tlg006.perseus-eng2	tlg0011.tlg006	Sophocles	Q1415903	Philoctetes	1	0	English	tlg0011	Q7235	-460	eng; grc	tlg0011/tlg006/tlg0011.tlg006.perseus-eng2.xml	Sir Richard Jebb; Richard Jebb	1898	101113	13938	56	Philoctetes	Sophocles	dramatic work	Greek tragedy	play	100
tlg0012.tlg001.perseus-eng3	tlg0012.tlg001	Homer	Q8275	Iliad	1	0	English	tlg0012	Q6691	-750	eng; grc	tlg0012/tlg001/tlg0012.tlg001.perseus-eng3.xml	Augustus Taber Murray; A. T. Murray	1924-1925	985464	173549	694	Iliad	Homer	literary work, oral poetry	epic poem	long poem	100
tlg0012.tlg002.perseus-eng3	tlg0012.tlg002	Homer	Q35160	Odyssey	1	0	English	tlg0012	Q6691	-750	eng; grc	tlg0012/tlg002/tlg0012.tlg002.perseus-eng3.xml	Augustus Taber Murray; A. T. Murray	1919	725844	130564	522	Odyssey	Homer	literary work	epic poem		100
tlg0012.tlg003.perseus-eng1	tlg0012.tlg003	Homer	Q25207824	Epigrams	1	0	English	tlg0012	Q6691	-750	eng; grc	tlg0012/tlg003/tlg0012.tlg003.perseus-eng1.xml	Hugh G. Evelyn-White	1914	9258	1276	5	Epigrams	Homer	literary work		poetry collection	100
tlg0014.tlg019.perseus-eng2	tlg0014.tlg019	Demosthenes	Q7091351	On the False Embassy	1	0	English	tlg0014	Q117253	-348	eng; grc; lat	tlg0014/tlg019/tlg0014.tlg019.perseus-eng2.xml	Charles Anthony Vince; James Herbert Vince	1926	191594	33333	133	On the Embassy	Demosthenes	oration, literary work			88
tlg0014.tlg018.perseus-eng2	tlg0014.tlg018	Demosthenes	Q969706	On the Crown	1	0	English	tlg0014	Q117253	-348	eng; grc	tlg0014/tlg018/tlg0014.tlg018.perseus-eng2.xml	Charles Anthony Vince; James Herbert Vince	1926	179401	31138	125	On the Crown	Demosthenes	literary work, oration			100
tlg0014.tlg021.perseus-eng2	tlg0014.tlg021	Demosthenes	Q4691045	Against Meidias	1	0	English	tlg0014	Q117253	-348	eng; grc	tlg0014/tlg021/tlg0014.tlg021.perseus-eng2.xml	James Herbert Vince	1935	129707	23443	94	Against Meidias	Demosthenes	literary work, oration			100
tlg0017.tlg003.perseus-eng2	tlg0017.tlg003	Isaeus	Q87779663	On the Estate of Pyrrhos	1	0	English	tlg0017	Q365097	-384	eng; grc; lat	tlg0017/tlg003/tlg0017.tlg003.perseus-eng2.xml	Edward Seymour Forster	1962	39610	6944	28	On The Estate Of Pyrrhus	Isaeus	oration, literary work			97
tlg0017.tlg006.perseus-eng2	tlg0017.tlg006	Isaeus	Q87779691	On the Estate of Philoctemones	1	0	English	tlg0017	Q365097	-384	eng; grc; lat	tlg0017/tlg006/tlg0017.tlg006.perseus-eng2.xml	Edward Seymour Forster	1962	34104	5896	24	On the Estate of Philoctemon	Isaeus	literary work, oration			100
tlg0017.tlg011.perseus-eng2	tlg0017.tlg011	Isaeus	Q87779740	On the Estate of Hagnias	1	0	English	tlg0017	Q365097	-384	eng; grc; lat	tlg0017/tlg011/tlg0017.tlg011.perseus-eng2.xml	Edward Seymour Forster	1962	31491	5635	23	On the Estate of Hagnias	Isaeus	literary work, oration			100
tlg0019.tlg006.perseus-eng2	tlg0019.tlg006	Aristophanes	Q1164079	The Birds	1	0	English	tlg0019	Q43353	-409	eng; grc; lat	tlg0019/tlg006/tlg0019.tlg006.perseus-eng2.xml	Anonymous; Eugene O'Neill, Jr.; Whitney J. Oates	1938	99721	16933	68	Birds	Aristophanes	dramatic work	Old Comedy	play	100
tlg0019.tlg003.perseus-eng2	tlg0019.tlg003	Aristophanes	Q868447	The Clouds	1	0	English	tlg0019	Q43353	-409	eng; grc; lat	tlg0019/tlg003/tlg0019.tlg003.perseus-eng2.xml	William James Hickie	1853	91442	15432	62	Clouds	Aristophanes	dramatic work	Old Comedy	play	100
tlg0020.tlg001.perseus-eng2	tlg0020.tlg001	Hesiod	Q156498	Theogony	1	0	English	tlg0020	Q44233	-740	eng; grc	tlg0020/tlg001/tlg0020.tlg001.perseus-eng2.xml	Hugh G. Evelyn-White	1914	92564	10459	42	Theogony	Hesiod	literary work	narrative poetry		100
tlg0020.tlg002.perseus-eng2	tlg0020.tlg002	Hesiod	Q667285	Works and Days	1	0	English	tlg0020	Q44233	-740	eng; grc	tlg0020/tlg002/tlg0020.tlg002.perseus-eng2.xml	Hugh G. Evelyn-White	1914	52115	9091	36	Works and Days	Hesiod	literary work	poetry, didactic poetry	poem	100
tlg0020.tlg003.perseus-eng2	tlg0020.tlg003	Hesiod	Q599487	Shield of Heracles	1	0	English	tlg0020	Q44233	-740	eng; grc	tlg0020/tlg003/tlg0020.tlg003.perseus-eng2.xml	Hugh G. Evelyn-White	1914	28348	4773	19	Shield of Heracles	Pseudo-Hesiod	literary work	epic poem	poem	89
tlg0026.tlg003.perseus-eng2	tlg0026.tlg003	Aeschines	Q87212460	Against Ctesiphon	1	0	English	tlg0026	Q317089	-354	grc; eng	tlg0026/tlg003/tlg0026.tlg003.perseus-eng2.xml	Charles Darwin Adams	1919	170921	30366	121	Against Ctesiphon	Aeschines	literary work, oration			100
tlg0026.tlg001.perseus-eng2	tlg0026.tlg001	Aeschines	Q2995964	Against Timarchus	1	0	English	tlg0026	Q317089	-354	grc; eng	tlg0026/tlg001/tlg0026.tlg001.perseus-eng2.xml	Charles Darwin Adams	1919	128288	23085	92	Against Timarchus	Aeschines	oration, literary work			100
tlg0026.tlg002.perseus-eng2	tlg0026.tlg002	Aeschines	Q18485043	On the Embassy	1	0	English	tlg0026	Q317089	-354	grc; eng	tlg0026/tlg002/tlg0026.tlg002.perseus-eng2.xml	Charles Darwin Adams	1919	120479	21426	86	On the Embassy	Aeschines	literary work, oration			100
tlg0027.tlg001.perseus-eng2	tlg0027.tlg001	Andocides	Q87737021	On the Mysteries	1	0	English	tlg0027	Q492228	-500	grc; eng; lat	tlg0027/tlg001/tlg0027.tlg001.perseus-eng2.xml	Kenneth John Maidment	1941	106628	18619	74	On the Mysteries	Andocides	literary work, oration			100
tlg0027.tlg003.perseus-eng2	tlg0027.tlg003	Andocides	Q87737023	On the Peace with Sparta	1	0	English	tlg0027	Q492228	-500	eng; grc; lat	tlg0027/tlg003/tlg0027.tlg003.perseus-eng2.xml	Kenneth John Maidment	1941	30121	5221	21	On the Peace with Sparta	Andocides	literary work, oration			100
tlg0027.tlg004.perseus-eng2	tlg0027.tlg004	Andocides			1	0	English	tlg0027	Q492228	-500	eng; grc; lat	tlg0027/tlg004/tlg0027.tlg004.perseus-eng2.xml	Kenneth John Maidment	1941	29491	5226	21	Against Alcibiades					0
tlg0028.tlg005.perseus-eng2	tlg0028.tlg005	Antiphon	Q87738365	On the Murder of Herodes	1	0	English	tlg0028	Q15078686	-500	grc; lat; eng	tlg0028/tlg005/tlg0028.tlg005.perseus-eng2.xml	Kenneth John Maidment	1941	64449	11540	46	On the Murder of Herodes	Antiphon of Rhamnus	literary work, oration			88
tlg0028.tlg006.perseus-eng2	tlg0028.tlg006	Antiphon	Q87738364	On the Choreutes	1	0	English	tlg0028	Q15078686	-500	grc; lat; eng	tlg0028/tlg006/tlg0028.tlg006.perseus-eng2.xml	Kenneth John Maidment	1941	35112	6061	24	On the Choreutes	Antiphon of Rhamnus	oration, literary work			88
tlg0028.tlg002.perseus-eng2	tlg0028.tlg002	Antiphon	Q110732739	First Tetralogy	1	0	English	tlg0028	Q15078686	-500	grc; lat; eng	tlg0028/tlg002/tlg0028.tlg002.perseus-eng2.xml	Kenneth John Maidment	1941	31871	5440	22	The First Tetralogy: Anonymous Prosecution for Murder	Antiphon of Rhamnus	literary work, oration			88
tlg0029.tlg004.perseus-eng2	tlg0029.tlg004	Dinarchus	Q87737768	Against Demosthenes	1	0	English	tlg0029	Q473421	-324	eng; grc	tlg0029/tlg004/tlg0029.tlg004.perseus-eng2.xml	J. O. Burtt	1954	73330	12682	51	Against Demosthenes	Dinarchus	written work, oration			100
tlg0029.tlg005.perseus-eng2	tlg0029.tlg005	Dinarchus	Q87737769	Against Aristogeiton	1	0	English	tlg0029	Q473421	-324	eng; grc	tlg0029/tlg005/tlg0029.tlg005.perseus-eng2.xml	J. O. Burtt	1954	14978	2679	11	Against Aristogiton	Dinarchus	literary work, oration			98
tlg0029.tlg006.perseus-eng2	tlg0029.tlg006	Dinarchus	Q87737770	Against Philocles	1	0	English	tlg0029	Q473421	-324	eng; grc	tlg0029/tlg006/tlg0029.tlg006.perseus-eng2.xml	J. O. Burtt	1954	11159	1981	8	Against Philocles	Dinarchus	literary work, oration			100
tlg0030.tlg004.perseus-eng2	tlg0030.tlg004	Hyperides			1	0	English	tlg0030	Q314447	-360	eng; grc	tlg0030/tlg004/tlg0030.tlg004.perseus-eng2.xml	J. O. Burtt	1954	25045	4145	17	In Defence of Euxenippus					0
tlg0030.tlg003.perseus-eng2	tlg0030.tlg003	Hyperides			1	0	English	tlg0030	Q314447	-360	eng; grc	tlg0030/tlg003/tlg0030.tlg003.perseus-eng2.xml	J. O. Burtt	1954	23836	4062	16	Against Athenogenes					0
tlg0030.tlg005.perseus-eng2	tlg0030.tlg005	Hyperides			1	0	English	tlg0030	Q314447	-360	eng; grc	tlg0030/tlg005/tlg0030.tlg005.perseus-eng2.xml	J. O. Burtt	1954	22094	3802	15	Against Demosthenes					0
tlg0031.tlg003.perseus-eng2	tlg0031.tlg003	New Testament			1	0	English	tlg0031	Anonymous	100	eng	tlg0031/tlg003/tlg0031.tlg003.perseus-eng2.xml	Rainbow Missions, Inc.; Michael Paul Johnson	2000-2024	190112	24623	98	Luke					0
tlg0031.tlg005.perseus-eng2	tlg0031.tlg005	New Testament			1	0	English	tlg0031	Anonymous	100	eng	tlg0031/tlg005/tlg0031.tlg005.perseus-eng2.xml	Rainbow Missions, Inc.; Michael Paul Johnson	2000-2024	179065	23247	93	Acts					0
tlg0031.tlg001.perseus-eng2	tlg0031.tlg001	New Testament			1	0	English	tlg0031	Anonymous	100	eng	tlg0031/tlg001/tlg0031.tlg001.perseus-eng2.xml	Rainbow Missions, Inc.; Michael Paul Johnson	2000-2024	177935	22870	91	Matthew					0
tlg0033.tlg002.perseus-eng3	tlg0033.tlg002	Pindar	Q3411444	Pythian Odes	1	0	English	tlg0033	Q134929	-481	eng; grc; lat	tlg0033/tlg002/tlg0033.tlg002.perseus-eng3.xml	Diane Arnson Svarlien	1990	83170	12698	51	Pythian Odes	Pindar	literary work	ode, lyric poetry	poetry collection	100
tlg0033.tlg001.perseus-eng2	tlg0033.tlg001	Pindar	Q18146776	Olympic Odes	1	0	English	tlg0033	Q134929	-481	eng; grec; lat	tlg0033/tlg001/tlg0033.tlg001.perseus-eng2.xml	Diane Arnson Svarlien	1990	64401	10114	40	Olympian Odes	Pindar	literary work	lyric poetry, ode	poetry collection	92
tlg0033.tlg003.perseus-eng2	tlg0033.tlg003	Pindar	Q27214182	Nemean Odes	1	0	English	tlg0033	Q134929	-481	eng; grc; lat	tlg0033/tlg003/tlg0033.tlg003.perseus-eng2.xml	Diane Arnson Svarlien	1990	53432	8417	34	Nemean Odes	Pindar	literary work	lyric poetry	poetry collection	100
tlg0034.tlg001.perseus-eng2	tlg0034.tlg001	Lycurgus	Q87213118	Against Leocrates	1	0	English	tlg0034	Q373685	-354	eng; grc; lat	tlg0034/tlg001/tlg0034.tlg001.perseus-eng2.xml	J. O. Burtt	1954	108112	16894	68	Against Leocrates	Lycurgus of Athens	literary work, oration			100
tlg0057.tlg010.perseus-eng2	tlg0057.tlg010	Galen	Q19086972	On the Natural Faculties	1	0	English	tlg0057	Q8778	164	eng; grc; xgreek; dut; fre	tlg0057/tlg010/tlg0057.tlg010.perseus-eng2.xml	Arthur John Brock	1916	282349	48788	195	On the Natural Faculties.	Galen	version, edition or translation			100
tlg0059.tlg030.perseus-eng2	tlg0059.tlg030	Plato	Q123397	The Republic	1	0	English	tlg0059	Q859	-393	eng; grc; fre; ita; deu	tlg0059/tlg030/tlg0059.tlg030.perseus-eng2.xml	Paul Shorey	1935-37	1162547	210041	840	Republic	Plato	literary work	dialogue	prose	100
tlg0059.tlg034.perseus-eng2	tlg0059.tlg034	Plato	Q752285	Laws	1	0	English	tlg0059	Q859	-393	eng; grc	tlg0059/tlg034/tlg0059.tlg034.perseus-eng2.xml	Robert Gregg Bury	1926	865483	153609	614	Laws	Plato	written work, Platonic dialogue	dialogue		100
tlg0059.tlg023.perseus-eng2	tlg0059.tlg023	Plato	Q264241	Gorgias	1	0	English	tlg0059	Q859	-393	eng; grc	tlg0059/tlg023/tlg0059.tlg023.perseus-eng2.xml	Walter Rangeley Maitland Lamb	1925	210551	39042	156	Gorgias	Plato	written work	dialogue		100
tlg0061.tlg001.perseus-eng1	tlg0061.tlg001	Pseudo-Lucian	Q3838968	Lucius or The Ass	1	0	English	tlg0061	Q19558843	150	eng	tlg0061/tlg001/tlg0061.tlg001.perseus-eng1.xml	Emily James Smith	1892	54817	10431	42	Loukios, Or, the Ass	Pseudo-Lucian	literary work	Ancient Greek novel		87
tlg0061.tlg003.perseus-eng1	tlg0061.tlg003	Lucian of Samosota	Q25535500	De domo	1	0	English	tlg0061	Q19558843	150	eng	tlg0061/tlg003/tlg0061.tlg003.perseus-eng1.xml	Henry Watson Fowler; Francis George Fowler	1905	37931	6843	27	Demosthenes an Encomium	Pseudo-Lucian	literary work			81
tlg0061.tlg006.perseus-eng1	tlg0061.tlg006	Pseudo-Lucian	Q51854772	The Loves (Pseudo-Lucian)	1	0	English	tlg0061	Q19558843	150	eng	tlg0061/tlg006/tlg0061.tlg006.perseus-eng1.xml	Henry Watson Fowler; Francis George Fowler	1905	15543	2855	11	The Cynic	Pseudo-Lucian	version, edition or translation			73
tlg0062.tlg066.perseus-eng3	tlg0062.tlg066	Lucian of Samosata	Q1975147	Dialogues of the Dead	1	0	English	tlg0062	Q177847	155	eng	tlg0062/tlg066/tlg0062.tlg066.perseus-eng3.xml	Matthew Donald Macleod	1961	170459	30276	121	Dialogues of the Dead	Lucian of Samosata	literary work	dialogue		100
tlg0062.tlg068.perseus-eng4	tlg0062.tlg068	Lucian	Q3706676	Dialogues of the Gods	1	0	English	tlg0062	Q177847	155	eng	tlg0062/tlg068/tlg0062.tlg068.perseus-eng4.xml	Henry Watson Fowler; Francis George Fowler	1905	138043	25341	101	Dialogues of the Gods	Lucian of Samosata	literary work	satire		100
tlg0062.tlg062.perseus-eng3	tlg0062.tlg062	Lucian of Samosata	Q51853100	The Scythian or the Consul	1	0	English	tlg0062	Q177847	155	eng	tlg0062/tlg062/tlg0062.tlg062.perseus-eng3.xml	Kenneth Kilburn	1959	112952	20746	83	The Scythian or Consul	Lucian of Samosata	literary work			94
tlg0085.tlg005.perseus-eng4	tlg0085.tlg005	Aeschylus	Q3320792	Agamemnon	1	0	English	tlg0085	Q40939	-489	eng; grc; lat; deu; fre; ita	tlg0085/tlg005/tlg0085.tlg005.perseus-eng4.xml	Robert Browning	1889	229585	30372	121	Agamemnon	Aeschylus	dramatic work	Greek tragedy	play	100
tlg0085.tlg006.perseus-eng2	tlg0085.tlg006	Aeschylus	Q11688406	The Libation Bearers	1	0	English	tlg0085	Q40939	-489	eng; grc; lat; peo	tlg0085/tlg006/tlg0085.tlg006.perseus-eng2.xml	Herbert Weir Smyth	1926	73268	10941	44	Libation Bearers	Aeschylus	dramatic work	Greek tragedy	play	100
tlg0085.tlg007.perseus-eng2	tlg0085.tlg007	Aeschylus	Q1233164	Eumenides	1	0	English	tlg0085	Q40939	-489	eng; grc	tlg0085/tlg007/tlg0085.tlg007.perseus-eng2.xml	Herbert Weir Smyth	1926	69183	10162	41	Eumenides	Aeschylus	dramatic work	Greek tragedy	play	100
tlg0086.tlg025.perseus-eng2	tlg0086.tlg025	Aristotle	Q661655	Metaphysics	1	0	English	tlg0086	Q868	-348	eng; grc	tlg0086/tlg025/tlg0086.tlg025.perseus-eng2.xml	Hugh Tredennick	1933-1935	692870	121306	485	Metaphysics	Aristotle	written work	treatise		100
tlg0086.tlg035.perseus-eng2	tlg0086.tlg035	Aristotle	Q69539	Politics	1	0	English	tlg0086	Q868	-348	grc; eng	tlg0086/tlg035/tlg0086.tlg035.perseus-eng2.xml	Harris Rackham	1944	607371	106476	426	Politics	Aristotle	literary work	treatise		100
tlg0086.tlg010.perseus-eng2	tlg0086.tlg010	Aristotle	Q474537	Nicomachean Ethics	1	0	English	tlg0086	Q868	-348	grc; lat; eng; deu	tlg0086/tlg010/tlg0086.tlg010.perseus-eng2.xml	Harris Rackham	1926	599000	104386	418	Nicomachean Ethics	Aristotle	literary work, text	treatise		100
tlg0199.tlg001.perseus-eng2	tlg0199.tlg001	Bacchylides	Q87763178	Epinician Odes	1	0	English	tlg0199	Q310681	-480	eng; grc	tlg0199/tlg001/tlg0199.tlg001.perseus-eng2.xml	Diane Arnson Svarlien	1996	40193	5749	23	Epinicians	Bacchylides	literary work	epinikion	poetry collection	96
tlg0199.tlg002.perseus-eng2	tlg0199.tlg002	Bacchylides	Q87763179	Dithyrambs	1	0	English	tlg0199	Q310681	-480	eng; grc	tlg0199/tlg002/tlg0199.tlg002.perseus-eng2.xml	Diane Arnson Svarlien	1996	11488	1917	8	Dithyrambs	Bacchylides	literary work	dithyramb	poetry collection	100
tlg0525.tlg001.perseus-eng2	tlg0525.tlg001	Pausanias	Q3825645	Description of Greece	1	0	English	tlg0525	Q192931	150	eng; grc	tlg0525/tlg001/tlg0525.tlg001.perseus-eng2.xml	W.H.S. Jones; Henry Arderne Ormerod; H.A. Ormerod	1918-1935	1541357	272537	1090	Description of Greece	Pausanias	literary work	travel book		100
tlg0535.tlg001.perseus-eng2	tlg0535.tlg001	Demades	Q87737061	Speech on Twelve Years	1	0	English	tlg0535	Q211430	-345	grc; eng	tlg0535/tlg001/tlg0535.tlg001.perseus-eng2.xml	John Ormiston Burtt	1954	16527	2938	12	On the Twelve Years	Demades	written work, oration			92
tlg0540.tlg012.perseus-eng2	tlg0540.tlg012	Lysias	Q3689204	Against Eratosthenes	1	0	English	tlg0540	Q310164	-409	eng; grc	tlg0540/tlg012/tlg0540.tlg012.perseus-eng2.xml	W.R.M. Lamb	1930	43210	7722	31	Against Eratosthenes	Lysias	literary work, oration	rhetoric		100
tlg0540.tlg013.perseus-eng2	tlg0540.tlg013	Lysias	Q87740736	Against Agoratus	1	0	English	tlg0540	Q310164	-409	eng; grc	tlg0540/tlg013/tlg0540.tlg013.perseus-eng2.xml	W.R.M. Lamb	1930	40928	7327	29	Against Agoratus	Lysias	literary work, oration			100
tlg0540.tlg002.perseus-eng2	tlg0540.tlg002	Lysias	Q5509109	Funeral Oration	1	0	English	tlg0540	Q310164	-409	eng; grc	tlg0540/tlg002/tlg0540.tlg002.perseus-eng2.xml	W.R.M. Lamb	1930	34465	5973	24	Funeral Oration	Lysias	literary work, oration			100
tlg0548.tlg002.perseus-eng2	tlg0548.tlg002	Apollodorus	Q110845454	Epitome	1	0	English	tlg0548	Q619170	-165	eng; grc; lat; gre; tr; sumerian; chin; kafir; berber; punic; srd; brahui; cretan; akk	tlg0548/tlg002/tlg0548.tlg002.perseus-eng2.xml	Sir James George Frazer	1921	450038	51166	205	Epitome	Pseudo-Apollodorus	epitome, written work			93
tlg0557.tlg001.perseus-eng4	tlg0557.tlg001	Epictetus	Q83746321	All the works of Epictetus which are now extant	1	0	English	tlg0557	Q183144	85	eng; grc; lat	tlg0557/tlg001/tlg0557.tlg001.perseus-eng4.xml	Thomas Wentworth Higginson	1890	575647	106733	427	The Discourses of Epictetus	Epictetus	version, edition or translation, editorial collection			83
tlg0557.tlg003a.perseus-eng4	tlg0557.tlg003a	Epictetus	Q83746321	All the works of Epictetus which are now extant	1	0	English	tlg0557	Q183144	85	eng; grc; lat	tlg0557/tlg003a/tlg0557.tlg003a.perseus-eng4.xml	Thomas Wentworth Higginson	1890	88862	15817	63	Fragments	Epictetus	version, edition or translation, editorial collection			65
tlg0557.tlg002.perseus-eng4	tlg0557.tlg002	Epictetus	Q2137133	Enchiridion of Epictetus	1	0	English	tlg0557	Q183144	85	eng; grc; lat	tlg0557/tlg002/tlg0557.tlg002.perseus-eng4.xml	Thomas Wentworth Higginson	1890	36883	6743	27	The Enchiridion	Arrian, Epictetus	literary work	philosophy		80
tlg0627.tlg010.perseus-eng2	tlg0627.tlg010	Hippocrates	Q124421861	The Art	1	0	English	tlg0627	Q1620003	-465	eng	tlg0627/tlg010/tlg0627.tlg010.perseus-eng2.xml	Francis Adams	1886	157411	28333	113	On the Articulations	Hippocrates	written work			100
tlg0627.tlg006.perseus-eng4	tlg0627.tlg006	Hippocrates	Q110929341	Epidemics	1	0	English	tlg0627	Q1620003	-465	eng; grc	tlg0627/tlg006/tlg0627.tlg006.perseus-eng4.xml	William Henry Samuel Jones	1923	104485	16887	68	Epidemics I and III	Hippocrates	written work			100
tlg0627.tlg004.perseus-eng2	tlg0627.tlg004	Hippocrates	Q110929344	Regimen in acute diseases	1	0	English	tlg0627	Q1620003	-465	eng	tlg0627/tlg004/tlg0627.tlg004.perseus-eng2.xml	Francis Adams	1886	93634	16555	66	On Regimen in Acute Diseases	Hippocrates	written work			100
tlg0646.tlg004.perseus-eng1	tlg0646.tlg004	Unknown			1	0	English	tlg0646	Anonymous	170	eng; grc; lat	tlg0646/tlg004/tlg0646.tlg004.perseus-eng1.xml	Kirsopp Lake	1913	22532	3999	16	The Epistle to Diogentus					0
tlg0719.tlg002.perseus-eng2	tlg0719.tlg002	Aretaeus of Cappadocia	Q110769293	On the causes and signs of acute and chronic diseases	1	0	English	tlg0719	Q505931	135	eng; grc	tlg0719/tlg002/tlg0719.tlg002.perseus-eng2.xml	Francis Adams	1856	146859	25443	102	On the Causes and Symptoms of Chronic Diseases	Aretaeus of Cappadocia	written work			87
tlg0719.tlg003.perseus-eng2	tlg0719.tlg003	Aretaeus of Cappadocia	Q110769293	On the causes and signs of acute and chronic diseases	1	0	English	tlg0719	Q505931	135	eng; grc; fre	tlg0719/tlg003/tlg0719.tlg003.perseus-eng2.xml	Francis Adams	1856	139202	24761	99	On the Therapeutics of Acute Diseases	Aretaeus of Cappadocia	written work			75
tlg0719.tlg001.perseus-eng2	tlg0719.tlg001	Aretaeus of Cappadocia	Q110769293	On the causes and signs of acute and chronic diseases	1	0	English	tlg0719	Q505931	135	eng; grc; lat	tlg0719/tlg001/tlg0719.tlg001.perseus-eng2.xml	Francis Adams	1856	79721	13668	55	On the Causes and Symptoms of Acute Diseases	Aretaeus of Cappadocia	written work			86
tlg1216.tlg001.perseus-eng1	tlg1216.tlg001	Barnabas	Q262557	Epistle of Barnabas	1	0	English	tlg1216	Q185856	36	eng; grc; lat	tlg1216/tlg001/tlg1216.tlg001.perseus-eng1.xml	Kirsopp Lake	1912	50598	9525	38	The Epistle of Barnabas	Barnabas	letter, New Testament apocrypha	apocryphal epistle		100
tlg1271.tlg001.perseus-eng1	tlg1271.tlg001	Clement of Rome			1	0	English	tlg1271	Q42887	88	eng; grc; lat	tlg1271/tlg001/tlg1271.tlg001.perseus-eng1.xml	Kirsopp Lake	1912	77441	13815	55	The First Epistle of Clement to the Corinthians					0
tlg1271.tlg002.perseus-eng1	tlg1271.tlg002	Clement of Rome			1	0	English	tlg1271	Q42887	88	eng; grc; lat	tlg1271/tlg002/tlg1271.tlg002.perseus-eng1.xml	Kirsopp Lake	1912	23966	4443	18	The Second Epistle of Clement to the Corinthians					0
tlg1311.tlg001.perseus-eng1	tlg1311.tlg001	Unknown			1	0	English	tlg1311	Q210752	50	eng; grc; lat	tlg1311/tlg001/tlg1311.tlg001.perseus-eng1.xml	Kirsopp Lake	1912	18042	3233	13	The Didache, or Teaching of the Twelve Apostles.					0
tlg1419.tlg001.perseus-eng1	tlg1419.tlg001	Hermas	Q898808	The Shepherd of Hermas	1	0	English	tlg1419	Q1799472	150	eng; grc; lat	tlg1419/tlg001/tlg1419.tlg001.perseus-eng1.xml	Kirsopp Lake	1913	204544	38367	153	The Shepherd of Hermas	Hermas	literary work, New Testament apocrypha			100
tlg1443.tlg001.perseus-eng1	tlg1443.tlg001	Ignatius of Antioch	Q14849816	Epistle of Ignatius to the Trallians	1	0	English	tlg1443	Q44170	70	eng; grc; lat	tlg1443/tlg001/tlg1443.tlg001.perseus-eng1.xml	Kirsopp Lake	1912	66682	12356	49	Epistles	Ignatius of Antioch	written work	epistle		95
tlg1484.tlg001.perseus-eng1	tlg1484.tlg001	Unknown			1	0	English	tlg1484	Anonymous	155	eng; grc; lat	tlg1484/tlg001/tlg1484.tlg001.perseus-eng1.xml	Kirsopp Lake	1913	23062	4182	17	The Martydom of Polycarp					0
tlg1622.tlg001.perseus-eng1	tlg1622.tlg001	Polycarp	Q914111	Epistle of Polycarp to the Philippians	1	0	English	tlg1622	Q192371	105	eng; grc; lat	tlg1622/tlg001/tlg1622.tlg001.perseus-eng1.xml	Kirsopp Lake	1912	12715	2280	9	The Epistle to the Philippians of Saint Polycarp	Polycarp	written work		letter	92
tlg1799.tlg001.perseus-eng2	tlg1799.tlg001	Euclid	Q172891	Elements	1	0	English	tlg1799	Q8747	-298	eng; grc; lat	tlg1799/tlg001/tlg1799.tlg001.perseus-eng2.xml	Thomas Little Heath	1908	976636	181016	724	The Thirteen Books of Euclid's Elements	Euclid	written work, reference work	treatise		100
