perseus_id	perseus_author	author_impact_date	wikidata_work_label	perseus_title	genre	form_of_creative_work	instance_of	is_mythological	mythological_reason
tlg0006.tlg009	Euripides	-445	Heracles Mad	Heracles			version, edition or translation, translation work	0	Lucian's Alexander the False Prophet is a polemical biography satirizing a contemporary charlatan.
tlg0006.tlg007	Euripides	-445	Hecuba	Hecuba	Greek tragedy	play	dramatic work	1	Euripides' 'Hecuba' is a Greek tragedy, a genre that typically draws its subject matter from mythology.
tlg0006.tlg001	Euripides	-445	Cyclops	The Cyclops	satyr play	play	dramatic work	1	Euripides' 'Cyclops' is a satyr play, a genre that typically draws its subject matter from mythology.
tlg0006.tlg006	Euripides	-445	Andromache	Andromache	Greek tragedy	play	dramatic work	1	Euripides' 'Andromache' is a Greek tragedy, a genre that typically draws its subject matter from mythology.
tlg0006.tlg008	Euripides	-445	The Suppliants	The Suppliants	Greek tragedy	play	dramatic work	1	Euripides' 'The Suppliants' is a Greek tragedy, a genre that typically draws its subject matter from mythology.
tlg0006.tlg012	Euripides	-445	Electra	Electra	Greek tragedy	play	dramatic work	1	Euripides' 'Electra' is a Greek tragedy, a genre that typically draws its subject matter from mythology.
tlg0006.tlg014	Euripides	-445	Helen	Helen	Greek tragedy	play	dramatic work	1	Euripides' 'Helen' is a Greek tragedy, a genre that typically draws its subject matter from mythology.
tlg0006.tlg003	Euripides	-445	Medea	Medea	Greek tragedy	play	dramatic work	1	Euripides' 'Medea' is a Greek tragedy, a genre that typically draws its subject matter from mythology.
tlg0006.tlg005	Euripides	-445	Hippolytus	Hippolytus	Greek tragedy	play	dramatic work	1	Euripides' 'Hippolytus' is a Greek tragedy, a genre that typically draws its subject matter from mythology.
tlg0006.tlg002	Euripides	-445	Alcestis	Alcestis	tragicomedy, Greek tragedy	play	dramatic work, literary work	1	Euripides' 'Alcestis' is a Greek tragedy, a genre that typically draws its subject matter from mythology.
tlg0006.tlg011	Euripides	-445	The Trojan Women	The Trojan Women	Greek tragedy	play	dramatic work	1	Euripides' 'The Trojan Women' is a Greek tragedy, a genre that typically draws its subject matter from mythology.
tlg0006.tlg016	Euripides	-445	Orestes	Orestes	Greek tragedy	play	dramatic work	1	Euripides' 'Orestes' is a Greek tragedy, a genre that typically draws its subject matter from mythology.
tlg0006.tlg018	Euripides	-445	Iphigenia in Aulis	Iphigenia in Aulis	Greek tragedy	play	dramatic work	1	Euripides' 'Iphigenia in Aulis' is a Greek tragedy, a genre that typically draws its subject matter from mythology.
tlg0006.tlg019	Euripides	-445	Rhesus	Rhesus			version, edition or translation, translation work	1	Euripides' 'Rhesus' is a Greek tragedy, a genre that typically draws its subject matter from mythology.
tlg0006.tlg017	Euripides	-445	The Bacchae	Bacchae	Greek tragedy	play	dramatic work	1	Euripides' 'The Bacchae' is a Greek tragedy, a genre that typically draws its subject matter from mythology.
tlg0006.tlg010	Euripides	-445	Ion	Ion	Greek tragedy, melodrama	play	dramatic work	1	Euripides' 'Ion' is a Greek tragedy, a genre that typically draws its subject matter from mythology.
tlg0006.tlg015	Euripides	-445	The Phœnician Maidens	The Phoenician Maidens			version, edition or translation	1	Euripides' 'The Phœnician Maidens' is a Greek tragedy, a genre that typically draws its subject matter from mythology.
tlg0006.tlg004	Euripides	-445	Herakles	Heracleidae	Greek tragedy	play	dramatic work	1	Euripides' 'Herakles' is a Greek tragedy, a genre that typically draws its subject matter from mythology.
tlg0006.tlg013	Euripides	-445	Iphigenia in Tauris	Iphigenia Among the Tauri	Greek tragedy, tragicomedy	play	dramatic work	1	Euripides' 'Iphigenia in Tauris' is a Greek tragedy, a genre that typically draws its subject matter from mythology.
tlg0008.tlg001	Athenaeus	205	Deipnosophistae	The Deipnosophists		anthology	written work	0	Athenaeus' 'Deipnosophistae' is an anthology of conversations at a banquet, reflecting contemporary customs and knowledge.
tlg0010.tlg009	Isocrates	-400	Helen	Helen			literary work	1	Isocrates' 'Helen' is an encomium on the mythological figure Helen of Troy, placing it in a legendary past.
tlg0010.tlg007	Isocrates	-400	To Demonicus	To Demonicus			literary work	0	Isocrates' 'To Demonicus' is a hortatory letter offering advice, which is contemporary in nature.
tlg0010.tlg001	Isocrates	-400	Against Euthynus	Against Euthynus			literary work, oration	0	Isocrates' 'Against Euthynus' is an oration, typically dealing with contemporary legal or political matters.
tlg0010.tlg006	Isocrates	-400	Aegineticus	Aegineticus			literary work, oration	0	Isocrates' 'Aegineticus' is an oration, typically dealing with contemporary legal or political matters.
tlg0010.tlg030	Isocrates	-400	Philip	Letter 3. To Philip, II			literary work	0	Isocrates' 'Philip' is an oration addressed to Philip II of Macedon, dealing with contemporary political issues.
tlg0010.tlg008	Isocrates	-400	Against the Sophists	Against the Sophists			literary work, oration	0	This is a philosophical treatise addressing contemporary sophists and educational practices.
tlg0010.tlg015	Isocrates	-400	Evagoras	Evagoras			literary work	0	This is an encomium for Evagoras I, a contemporary Cypriot king, not a mythological figure.
tlg0010.tlg012	Isocrates	-400	Plataicus	Plataicus			literary work, oration	0	This oration likely deals with contemporary political or historical events related to Plataea.
tlg0010.tlg024	Isocrates	-400	Archidamus	Letter 9. To Archidamus			literary work	0	This is an oration concerning Archidamus III, a contemporary Spartan king, not a mythological figure.
tlg0010.tlg022	Isocrates	-400	To Dionysius	Letter 1. To Dionysius			letter, literary work	0	This is a letter addressed to Dionysius I of Syracuse, a contemporary ruler.
tlg0010.tlg013	Isocrates	-400	To Nicocles	To Nicocles			literary work, oration	0	This is an oration offering advice to Nicocles, a contemporary Cypriot ruler.
tlg0010.tlg014	Isocrates	-400	Nicocles	Nicocles or the Cyprians	treatise	prose	translated work, literary work	0	This treatise is addressed to Nicocles, a contemporary Cypriot ruler, offering advice on governance.
tlg0010.tlg003	Isocrates	-400	Against Lochites	Against Lochites			literary work, oration	0	This is a forensic oration dealing with a contemporary legal case.
tlg0010.tlg005	Isocrates	-400	Trapeziticus	Trapeziticus			literary work, oration	0	This is a forensic oration dealing with a contemporary legal case involving banking.
tlg0010.tlg002	Isocrates	-400	Against Callimachus	Against Callimachus			literary work, oration	0	This is a forensic oration dealing with a contemporary legal case.
tlg0010.tlg011	Isocrates	-400	Panegyricus	Panegyricus	panegyric		literary work, oration	0	This is a panegyric advocating for contemporary Greek unity against Persia.
tlg0010.tlg016	Isocrates	-400	Archidamus	Archidamus			literary work	0	This is an oration concerning Archidamus III, a contemporary Spartan king, not a mythological figure.
tlg0010.tlg029	Isocrates	-400	To Antipater	Letter 4. To Antipater			letter, literary work	0	This is a letter addressed to Antipater, a contemporary Macedonian general.
tlg0010.tlg020	Isocrates	-400	Philip	To Philip			literary work	0	This is an oration addressed to Philip II of Macedon, a contemporary ruler.
tlg0010.tlg027	Isocrates	-400	Philip	Letter 2. To Philip, I			literary work	0	This is an oration addressed to Philip II of Macedon, a contemporary ruler.
tlg0010.tlg018	Isocrates	-400	Areopagiticus	Areopagiticus			literary work, oration	0	This oration discusses contemporary Athenian political institutions and reforms.
tlg0010.tlg026	Isocrates	-400	To Timotheus	Letter 7. To Timotheus			letter, literary work	0	This is a letter addressed to Timotheus, a contemporary Athenian general.
tlg0010.tlg019	Isocrates	-400	Antidosis	Antidosis			oration, literary work	0	This is a defense speech concerning Isocrates' own contemporary legal and educational practices.
tlg0010.tlg021	Isocrates	-400	Panathenaicus	Panathenaicus			literary work, oration	0	This oration praises Athens and its contemporary achievements, though it may reference historical events.
tlg0010.tlg017	Isocrates	-400	On the peace	On the Peace			literary work, oration	0	This oration discusses contemporary political issues and advocates for peace among Greek states.
tlg0010.tlg028	Isocrates	-400	To Alexander	Letter 5. To Alexander			letter, literary work	0	This is a letter addressed to Alexander the Great, a contemporary figure.
tlg0010.tlg010	Isocrates	-400	Busiris	Busiris			literary work	1	This work is an encomium on Busiris, a legendary Egyptian king from Greek mythology.
tlg0010.tlg004	Isocrates	-400	On the Team of Horses	Concerning the Team of Horses			literary work, oration	0	This is a forensic oration dealing with a contemporary legal dispute over a team of horses.
tlg0010.tlg025	Isocrates	-400	To the kings of the Mytilenians	Letter 8. To the Rulers of the Mytilenaeans			letter, literary work	0	This is a letter addressed to contemporary rulers of Mytilene.
tlg0010.tlg023	Isocrates	-400	To the sons of Jason	Letter 6. To the Children of Jason			letter, literary work	0	This is a letter addressed to the sons of Jason of Pherae, contemporary figures.
tlg0011.tlg007	Sophocles	-460	Oedipus at Colonus	Oedipus at Colonus	Greek tragedy	play	dramatic work	1	Greek tragedies like 'Oedipus at Colonus' are set in the legendary past and deal with mythological figures.
tlg0011.tlg001	Sophocles	-460	Trachiniae	Trachiniae	Greek tragedy	play	dramatic work	1	Greek tragedies like 'Trachiniae' are set in the legendary past and deal with mythological figures.
tlg0011.tlg006	Sophocles	-460	Philoctetes	Philoctetes	Greek tragedy	play	dramatic work	1	Greek tragedies like 'Philoctetes' are set in the legendary past and deal with mythological figures.
tlg0011.tlg003	Sophocles	-460	Ajax	Ajax	Greek tragedy	play	dramatic work	1	Greek tragedies like 'Ajax' are set in the legendary past and deal with mythological figures.
tlg0011.tlg005	Sophocles	-460	Electra	Electra	Greek tragedy, thriller	play	dramatic work	1	Greek tragedies like 'Electra' are set in the legendary past and deal with mythological figures.
tlg0011.tlg002	Sophocles	-460	Antigone	Antigone	Greek tragedy	play	dramatic work	1	Greek tragedies like 'Antigone' are set in the legendary past and deal with mythological figures.
tlg0011.tlg004	Sophocles	-460	Oedipus Rex	Oedipus Tyrannus	Greek tragedy	play	dramatic work	1	Greek tragedies like 'Oedipus Rex' are set in the legendary past and deal with mythological figures.
tlg0011.tlg008	Sophocles	-460	Trachinki	Tracking Satyrs			version, edition or translation	1	'Trachinki' is likely a variant of 'Trachiniae', a Greek tragedy set in the legendary past.
tlg0012.tlg001	Homer	-750	Iliad	Iliad	epic poem	long poem	literary work, oral poetry	1	Homer's 'Iliad' is an epic poem set in the Heroic Age, dealing with mythological events and figures.
tlg0012.tlg003	Homer	-750	Epigrams	Epigrams		poetry collection	literary work	1	Homeric epigrams, if authentic, would likely deal with mythological themes or figures, consistent with Homer's other works.
tlg0012.tlg002	Homer	-750	Odyssey	Odyssey	epic poem		literary work	1	Homer's 'Odyssey' is an epic poem set in the Heroic Age, dealing with mythological events and figures.
tlg0014.tlg054	Demosthenes	-348	Against Conon	Against Conon			literary work, oration	0	Demosthenes' orations, such as 'Against Conon', address contemporary legal and political issues.
tlg0014.tlg053	Demosthenes	-348	Against Nicostratus	Apollodorus Against Nicostratus			literary work, oration	0	Demosthenes' orations, such as 'Against Nicostratus', address contemporary legal and political issues.
tlg0014.tlg062	Demosthenes	-348	Exordia	Exordia			written work, group of literary works	0	Demosthenes' 'Exordia' are introductions to orations, which would address contemporary issues.
tlg0014.tlg009	Demosthenes	-348	Third Philippic	Third Philippic			literary work, oration	0	Demosthenes' 'Third Philippic' is a political oration addressing contemporary threats from Philip II of Macedon.
tlg0014.tlg036	Demosthenes	-348	For Phormion	For Phormio			literary work, oration	0	Demosthenes' orations, such as 'For Phormion', address contemporary legal and political issues.
tlg0014.tlg031	Demosthenes	-348	Against Onetor I	Against Onetor II			literary work, oration	0	Demosthenes' orations, such as 'Against Onetor I', address contemporary legal and political issues.
tlg0014.tlg038	Demosthenes	-348	Against Nausimachus and Xenopeithes	Against Nausimachus and Xenopeithes			literary work, oration	0	Demosthenes' orations, such as 'Against Nausimachus and Xenopeithes', address contemporary legal and political issues.
tlg0014.tlg063	Demosthenes	-348	Letters	Letters			correspondence, written work	0	Demosthenes' 'Letters' would address contemporary events and personal communications.
tlg0014.tlg055	Demosthenes	-348	Against Callicles	Against Callicles			literary work, oration	0	Demosthenes' orations, such as 'Against Callicles', address contemporary legal and political issues.
tlg0014.tlg039	Demosthenes	-348	Against Boeotus	Against Boeotus I			group of literary works	0	Demosthenes' orations, such as 'Against Boeotus', address contemporary legal and political issues.
tlg0014.tlg006	Demosthenes	-348	Philippic	Second Philippic	apologia, philippic		group of literary works	0	Demosthenes' 'Philippic' orations address contemporary political issues and threats from Philip II of Macedon.
tlg0014.tlg030	Demosthenes	-348	Against Onetor I	Against Onetor I			literary work, oration	0	Demosthenes' orations, such as 'Against Onetor I', address contemporary legal and political issues.
tlg0014.tlg008	Demosthenes	-348	On the Chersonese	On the Chersonese			literary work, oration	0	Demosthenes' orations, such as 'On the Chersonese', address contemporary political and military issues.
tlg0014.tlg037	Demosthenes	-348	Against Pantaenetus	Against Pantaenetus			literary work, oration	0	Demosthenes' orations, such as 'Against Pantaenetus', address contemporary legal and political issues.
tlg0014.tlg024	Demosthenes	-348	Against Timocrates	Against Timocrates			literary work, oration	0	Demosthenes' orations, including 'Against Timocrates', address contemporary legal and political issues of his time.
tlg0014.tlg023	Demosthenes	-348	Against Aristocrates	Against Aristocrates			literary work, oration	0	Demosthenes' orations, including 'Against Aristocrates', address contemporary legal and political issues of his time.
tlg0014.tlg048	Demosthenes	-348	Against Olympiodorus	Against Olympiodorus			literary work, oration	0	Demosthenes' orations, including 'Against Olympiodorus', address contemporary legal and political issues of his time.
tlg0014.tlg041	Demosthenes	-348	Against Spudias	Against Spudias			oration, literary work	0	Demosthenes' orations, including 'Against Spudias', address contemporary legal and political issues of his time.
tlg0014.tlg022	Demosthenes	-348	Against Androtion	Against Androtion			oration, literary work	0	Demosthenes' orations, including 'Against Androtion', address contemporary legal and political issues of his time.
tlg0014.tlg025	Demosthenes	-348	Against Aristogeiton	Against Aristogeiton I			group of literary works	0	Demosthenes' orations, including 'Against Aristogeiton', address contemporary legal and political issues of his time.
tlg0014.tlg014	Demosthenes	-348	On the Navy	On the Navy-Boards			literary work, oration	0	Demosthenes' orations, including 'On the Navy', address contemporary legal and political issues of his time.
tlg0014.tlg040	Demosthenes	-348	Against Boeotus	Against Boeotus II			group of literary works	0	Demosthenes' orations, including 'Against Boeotus', address contemporary legal and political issues of his time.
tlg0014.tlg049	Demosthenes	-348	Against Timotheus	Apollodorus Against Timotheus			oration, literary work	0	Demosthenes' orations, including 'Against Timotheus', address contemporary legal and political issues of his time.
tlg0014.tlg032	Demosthenes	-348	Against Zenothemis	Against Zenothemis			literary work, oration	0	Demosthenes' orations, including 'Against Zenothemis', address contemporary legal and political issues of his time.
tlg0014.tlg035	Demosthenes	-348	Against Lacritus	Against Lacritus			literary work, oration	0	Demosthenes' orations, including 'Against Lacritus', address contemporary legal and political issues of his time.
tlg0014.tlg004	Demosthenes	-348	Philippic	First Philippic	apologia, philippic		group of literary works	0	Demosthenes' 'Philippic' orations address contemporary political issues and conflicts with Philip II of Macedon.
tlg0014.tlg050	Demosthenes	-348	Against Polycles	Apollodorus Against Polycles			oration, literary work	0	Demosthenes' orations, including 'Against Polycles', address contemporary legal and political issues of his time.
tlg0014.tlg057	Demosthenes	-348	Against Eubulides	Against Eubulides			literary work, oration	0	Demosthenes' orations, including 'Against Eubulides', address contemporary legal and political issues of his time.
tlg0014.tlg005	Demosthenes	-348	On the Peace	On the Peace			literary work, oration	0	Demosthenes' orations, including 'On the Peace', address contemporary legal and political issues of his time.
tlg0014.tlg034	Demosthenes	-348	Against Phormio	Against Phormio			literary work, oration	0	Demosthenes' orations, including 'Against Phormio', address contemporary legal and political issues of his time.
tlg0014.tlg058	Demosthenes	-348	Against Theocrines	Against Theocrines			literary work, oration	0	Demosthenes' orations, including 'Against Theocrines', address contemporary legal and political issues of his time.
tlg0014.tlg056	Demosthenes	-348	Against Dionysodorus	Against Dionysodorus			literary work, oration	0	Demosthenes' orations, including 'Against Dionysodorus', address contemporary legal and political issues of his time.
tlg0014.tlg051	Demosthenes	-348	On the Trierarchic Crown	On The Trierarchic Crown			literary work, oration	0	Demosthenes' orations, including 'On the Trierarchic Crown', address contemporary legal and political issues of his time.
tlg0014.tlg029	Demosthenes	-348	Against Aphobus I	Against Aphobus III			oration, literary work	0	Demosthenes' orations, including 'Against Aphobus I', address contemporary legal and political issues of his time.
tlg0014.tlg020	Demosthenes	-348	Against Leptines	Against Leptines			literary work, oration	0	Demosthenes' orations, including 'Against Leptines', address contemporary legal and political issues of his time.
tlg0014.tlg027	Demosthenes	-348	Against Aphobus I	Against Aphobus I			oration, literary work	0	Demosthenes' orations, including 'Against Aphobus I', address contemporary legal and political issues of his time.
tlg0014.tlg018	Demosthenes	-348	On the Crown	On the Crown			literary work, oration	0	Demosthenes' 'On the Crown' addresses contemporary political events and his own actions in Athens.
tlg0014.tlg044	Demosthenes	-348	Against Leochares	Against Leochares			literary work, oration	0	Demosthenes' orations, including 'Against Leochares', address contemporary legal and political issues of his time.
tlg0014.tlg043	Demosthenes	-348	Against Macartatus	Against Macartatus			literary work, oration	0	Demosthenes' orations, including 'Against Macartatus', address contemporary legal and political issues of his time.
tlg0014.tlg026	Demosthenes	-348	Against Aristogeiton	Against Aristogeiton II			group of literary works	0	Demosthenes' orations, including 'Against Aristogeiton', deal with contemporary legal and political issues in 4th-century BCE Athens.
tlg0014.tlg021	Demosthenes	-348	Against Meidias	Against Meidias			literary work, oration	0	Demosthenes' orations, including 'Against Meidias', deal with contemporary legal and political issues in 4th-century BCE Athens.
tlg0014.tlg028	Demosthenes	-348	Against Aphobus I	Against Aphobus II			oration, literary work	0	Demosthenes' orations, including 'Against Aphobus I', deal with contemporary legal and political issues in 4th-century BCE Athens.
tlg0014.tlg010	Demosthenes	-348	Philippic	Fourth Philippic	apologia, philippic		group of literary works	0	Demosthenes' 'Philippic' orations address contemporary political threats from Philip II of Macedon.
tlg0014.tlg052	Demosthenes	-348	Against Callippus	Apollodorus Against Callipus			oration, literary work	0	Demosthenes' orations, including 'Against Callippus', deal with contemporary legal and political issues in 4th-century BCE Athens.
tlg0014.tlg015	Demosthenes	-348	On the Liberty of the Rhodians	For the Liberty of the Rhodians			literary work, oration	0	Demosthenes' orations, including 'On the Liberty of the Rhodians', deal with contemporary legal and political issues in 4th-century BCE Athens.
tlg0014.tlg047	Demosthenes	-348	Against Euergus and Mnesibulus	Against Evergus And Mnesibulus			literary work, oration	0	Demosthenes' orations, including 'Against Euergus and Mnesibulus', deal with contemporary legal and political issues in 4th-century BCE Athens.
tlg0014.tlg033	Demosthenes	-348	Against Apatourius	Against Apaturius			literary work, oration	0	Demosthenes' orations, including 'Against Apatourius', deal with contemporary legal and political issues in 4th-century BCE Athens.
tlg0014.tlg001	Demosthenes	-348	Olynthiacs	First Olynthiac			group of literary works	0	Demosthenes' 'Olynthiacs' address contemporary political threats from Philip II of Macedon.
tlg0014.tlg046	Demosthenes	-348	Against Stephanos	Apollodorus Against Stephanus II			group of literary works	0	Demosthenes' orations, including 'Against Stephanos', deal with contemporary legal and political issues in 4th-century BCE Athens.
tlg0014.tlg003	Demosthenes	-348	Olynthiacs	Third Olynthiac			group of literary works	0	Demosthenes' 'Olynthiacs' address contemporary political threats from Philip II of Macedon.
tlg0014.tlg002	Demosthenes	-348	Olynthiacs	Second Olynthiac			group of literary works	0	Demosthenes' 'Olynthiacs' address contemporary political threats from Philip II of Macedon.
tlg0014.tlg045	Demosthenes	-348	Against Stephanos	Apollodorus Against Stephanus I			group of literary works	0	Demosthenes' orations, including 'Against Stephanos', deal with contemporary legal and political issues in 4th-century BCE Athens.
tlg0014.tlg012	Demosthenes	-348	Letters	Philip’s Letter			correspondence, written work	0	Demosthenes' 'Letters' are contemporary correspondence addressing political and personal matters of his time.
tlg0014.tlg011	Demosthenes	-348	Letters	Answer to Philip’s Letter			correspondence, written work	0	Demosthenes' 'Letters' are contemporary correspondence addressing political and personal matters of his time.
tlg0014.tlg061	Demosthenes	-348	Erotic Essay	The Erotic Essay			oration, literary work	0	Demosthenes' 'Erotic Essay' is a rhetorical exercise or speech, likely dealing with contemporary social or philosophical themes rather than ancient myths.
tlg0014.tlg019	Demosthenes	-348	On the False Embassy	On the Embassy			oration, literary work	0	Demosthenes' 'On the False Embassy' is an oration concerning a contemporary political event and legal dispute.
tlg0014.tlg013	Demosthenes	-348	On Organization	On Organization			oration, literary work	0	Demosthenes' 'On Organization' is an oration dealing with contemporary political and military organization in Athens.
tlg0014.tlg042	Demosthenes	-348	Against Stephanos	Against Phaenippus			group of literary works	0	Demosthenes' orations, including 'Against Stephanos', deal with contemporary legal and political issues in 4th-century BCE Athens.
tlg0014.tlg059	Demosthenes	-348	Against Onetor	Apollodorus Against Neaera			group of literary works	0	Demosthenes' orations, including 'Against Onetor', deal with contemporary legal and political issues in 4th-century BCE Athens.
tlg0014.tlg017	Demosthenes	-348	On the Peace	On the Treaty with Alexander			literary work, oration	0	Demosthenes' 'On the Peace' is an oration addressing contemporary political negotiations and policies.
tlg0014.tlg016	Demosthenes	-348	For the Megalopolitans	For the People of Megalopolis			oration, literary work	0	Demosthenes' 'For the Megalopolitans' is an oration concerning contemporary political alliances and foreign policy.
tlg0014.tlg060	Demosthenes	-348	Demosthenes' Funeral Oration	The Funeral Speech			literary work, oration	0	Demosthenes' 'Funeral Oration' would have commemorated contemporary figures and events, reflecting on the society of his time.
tlg0014.tlg007	Demosthenes	-348	On the Navy	On Halonnesus			literary work, oration	0	Demosthenes' 'On the Navy' is an oration discussing contemporary Athenian naval policy and military affairs.
tlg0017.tlg006	Isaeus	-384	On the Estate of Philoctemones	On the Estate of Philoctemon			literary work, oration	0	Isaeus' orations, such as 'On the Estate of Philoctemones', are legal speeches dealing with contemporary inheritance disputes in 4th-century BCE Athens.
tlg0017.tlg008	Isaeus	-384	On the Estate of Ciron	On The Estate of Ciron			oration, literary work	0	This is an oration concerning a legal case, which is contemporary to the author's time.
tlg0017.tlg005	Isaeus	-384	On the Estate of Dicaeogenes	On the Estate of Dicaeogenes			literary work, oration	0	This is an oration concerning a legal case, which is contemporary to the author's time.
tlg0017.tlg002	Isaeus	-384	On the Estate of Menecles	On the Estate of Menecles			oration, literary work	0	This is an oration concerning a legal case, which is contemporary to the author's time.
tlg0017.tlg011	Isaeus	-384	On the Estate of Hagnias	On the Estate of Hagnias			literary work, oration	0	This is an oration concerning a legal case, which is contemporary to the author's time.
tlg0017.tlg007	Isaeus	-384	On the Estate of Apollodoros	On The Estate of Apollodorus			literary work, oration	0	This is an oration concerning a legal case, which is contemporary to the author's time.
tlg0017.tlg010	Isaeus	-384	On the Estate of Aristarchos	On The Estate of Aristarchus			literary work, oration	0	This is an oration concerning a legal case, which is contemporary to the author's time.
tlg0017.tlg009	Isaeus	-384	On the Estate of Astyphilos	On the Estate of Astyphilus			literary work, oration	0	This is an oration concerning a legal case, which is contemporary to the author's time.
tlg0017.tlg001	Isaeus	-384	On the Estate of Cleonymos	On The Estate of Cleonymus			literary work, oration	0	This is an oration concerning a legal case, which is contemporary to the author's time.
tlg0017.tlg003	Isaeus	-384	On the Estate of Pyrrhos	On The Estate Of Pyrrhus			oration, literary work	0	This is an oration concerning a legal case, which is contemporary to the author's time.
tlg0017.tlg004	Isaeus	-384	On the Estate of Ciron	On the Estate of Nicostratus			oration, literary work	0	This is an oration concerning a legal case, which is contemporary to the author's time.
tlg0017.tlg012	Isaeus	-384	For Euphiletos	On Behalf of Euphiletus			literary work, oration	0	This is an oration concerning a legal case, which is contemporary to the author's time.
tlg0019.tlg006	Aristophanes	-409	The Birds	Birds	Old Comedy	play	dramatic work	0	Aristophanes' comedies satirize contemporary Athenian society and politics.
tlg0019.tlg003	Aristophanes	-409	The Clouds	Clouds	Old Comedy	play	dramatic work	0	Aristophanes' comedies satirize contemporary Athenian society and politics.
tlg0020.tlg001	Hesiod	-740	Theogony	Theogony	narrative poetry		literary work	1	Hesiod's Theogony describes the origins and genealogies of the Greek gods, placing it in a mythological past.
tlg0020.tlg002	Hesiod	-740	Works and Days	Works and Days	poetry, didactic poetry	poem	literary work	1	Hesiod's Works and Days contains mythological narratives and didactic advice rooted in a legendary past.
tlg0020.tlg003	Hesiod	-740	Shield of Heracles	Shield of Heracles	epic poem	poem	literary work	1	The Shield of Heracles is an epic poem about a demigod, firmly placing it in the mythological Heroic Age.
tlg0026.tlg001	Aeschines	-354	Against Timarchus	Against Timarchus			oration, literary work	0	This is an oration concerning a legal or political matter, which is contemporary to the author's time.
tlg0026.tlg003	Aeschines	-354	Against Ctesiphon	Against Ctesiphon			literary work, oration	0	This is an oration concerning a legal or political matter, which is contemporary to the author's time.
tlg0026.tlg002	Aeschines	-354	On the Embassy	On the Embassy			literary work, oration	0	This is an oration concerning a political event, which is contemporary to the author's time.
tlg0027.tlg001	Andocides	-500	On the Mysteries	On the Mysteries			literary work, oration	0	This is an oration concerning a legal or political matter, which is contemporary to the author's time.
tlg0027.tlg003	Andocides	-500	On the Peace with Sparta	On the Peace with Sparta			literary work, oration	0	This is an oration concerning a political event, which is contemporary to the author's time.
tlg0027.tlg002	Andocides	-500	On His Return	On His Return			version, edition or translation	0	This is an oration concerning a personal and political event, which is contemporary to the author's time.
tlg0027.tlg004	Andocides	-500		Against Alcibiades				0	Without a title, and given the author's other works are contemporary orations, this is likely contemporary.
tlg0028.tlg006	Antiphon	-500	On the Choreutes	On the Choreutes			oration, literary work	0	This is an oration concerning a legal case, which is contemporary to the author's time.
tlg0028.tlg003	Antiphon	-500	Second Tetralogy	The Second Tetralogy: Prosecution for Accidental Homicide			literary work, oration	0	This is an oration concerning legal cases, which is contemporary to the author's time.
tlg0028.tlg004	Antiphon	-500	Third Tetralogy	The Third Tetralogy: Prosecution for Murder Of One Who Pleads That He Was Acting in Self-Defence			oration, literary work	0	This is an oration, a form of legal speech, which typically deals with contemporary legal cases and issues.
tlg0028.tlg005	Antiphon	-500	On the Murder of Herodes	On the Murder of Herodes			literary work, oration	0	This is an oration, a form of legal speech, which typically deals with contemporary legal cases and issues.
tlg0028.tlg002	Antiphon	-500	First Tetralogy	The First Tetralogy: Anonymous Prosecution for Murder			literary work, oration	0	This is an oration, a form of legal speech, which typically deals with contemporary legal cases and issues.
tlg0028.tlg001	Antiphon	-500	Against the Stepmother for Poisoning	Prosecution Of The Stepmother For Poisoning			literary work, oration	0	This is an oration, a form of legal speech, which typically deals with contemporary legal cases and issues.
tlg0029.tlg006	Dinarchus	-324	Against Philocles	Against Philocles			literary work, oration	0	This is an oration, a form of legal speech, which typically deals with contemporary legal cases and issues.
tlg0029.tlg004	Dinarchus	-324	Against Demosthenes	Against Demosthenes			written work, oration	0	This is an oration, a form of legal speech, which typically deals with contemporary legal cases and issues.
tlg0029.tlg005	Dinarchus	-324	Against Aristogeiton	Against Aristogiton			literary work, oration	0	This is an oration, a form of legal speech, which typically deals with contemporary legal cases and issues.
tlg0030.tlg001	Hyperides	-360		In Defence of Lycophron				0	Hyperides was an Attic orator, and his works would have dealt with contemporary legal and political matters.
tlg0030.tlg006	Hyperides	-360		Funeral Speech				0	Hyperides was an Attic orator, and his works would have dealt with contemporary legal and political matters.
tlg0030.tlg003	Hyperides	-360		Against Athenogenes				0	Hyperides was an Attic orator, and his works would have dealt with contemporary legal and political matters.
tlg0030.tlg004	Hyperides	-360		In Defence of Euxenippus				0	Hyperides was an Attic orator, and his works would have dealt with contemporary legal and political matters.
tlg0030.tlg005	Hyperides	-360		Against Demosthenes				0	Hyperides was an Attic orator, and his works would have dealt with contemporary legal and political matters.
tlg0030.tlg002	Hyperides	-360		Against Philippides				0	Hyperides was an Attic orator, and his works would have dealt with contemporary legal and political matters.
tlg0031.tlg009	New Testament	100		Galatians				0	The New Testament describes events and teachings contemporary to the early Christian community in the 1st century CE.
tlg0031.tlg007	New Testament	100		1 Corinthians				0	The New Testament describes events and teachings contemporary to the early Christian community in the 1st century CE.
tlg0031.tlg001	New Testament	100		Matthew				0	The New Testament describes events and teachings contemporary to the early Christian community in the 1st century CE.
tlg0031.tlg006	New Testament	100		Romans				0	The New Testament describes events and teachings contemporary to the early Christian community in the 1st century CE.
tlg0031.tlg008	New Testament	100		2 Corinthians				0	The New Testament describes events and teachings contemporary to the early Christian community in the 1st century CE.
tlg0031.tlg015	New Testament	100		1 Timothy				0	The New Testament describes events and teachings contemporary to the early Christian community in the 1st century CE.
tlg0031.tlg012	New Testament	100		Colossians				0	The New Testament describes events and teachings contemporary to the early Christian community in the 1st century CE.
tlg0031.tlg024	New Testament	100		2 John				0	The New Testament describes events and teachings contemporary to the early Christian community in the 1st century CE.
tlg0031.tlg023	New Testament	100		1 John				0	The New Testament describes events and teachings contemporary to the early Christian community in the 1st century CE.
tlg0031.tlg022	New Testament	100		2 Peter				0	The New Testament describes events and teachings contemporary to the early Christian community in the 1st century CE.
tlg0031.tlg025	New Testament	100		3 John				0	The New Testament describes events and teachings contemporary to the early Christian community in the 1st century CE.
tlg0031.tlg013	New Testament	100		I Thessalonians				0	The New Testament describes events and teachings contemporary to the early Christian community in the 1st century CE.
tlg0031.tlg014	New Testament	100		II Thessalonians				0	New Testament texts describe events and teachings contemporary to the early Christian community in the 1st century CE.
tlg0031.tlg003	New Testament	100		Luke				0	New Testament texts describe events and teachings contemporary to the early Christian community in the 1st century CE.
tlg0031.tlg004	New Testament	100		John				0	New Testament texts describe events and teachings contemporary to the early Christian community in the 1st century CE.
tlg0031.tlg005	New Testament	100		Acts				0	New Testament texts describe events and teachings contemporary to the early Christian community in the 1st century CE.
tlg0031.tlg002	New Testament	100		Mark				0	New Testament texts describe events and teachings contemporary to the early Christian community in the 1st century CE.
tlg0031.tlg011	New Testament	100		Philippians				0	New Testament texts describe events and teachings contemporary to the early Christian community in the 1st century CE.
tlg0031.tlg016	New Testament	100		2 Timothy				0	New Testament texts describe events and teachings contemporary to the early Christian community in the 1st century CE.
tlg0031.tlg020	New Testament	100		James				0	New Testament texts describe events and teachings contemporary to the early Christian community in the 1st century CE.
tlg0031.tlg027	New Testament	100		Apocalypse				0	New Testament texts describe events and teachings contemporary to the early Christian community in the 1st century CE.
tlg0031.tlg018	New Testament	100		Philemon				0	New Testament texts describe events and teachings contemporary to the early Christian community in the 1st century CE.
tlg0031.tlg026	New Testament	100		Jude				0	New Testament texts describe events and teachings contemporary to the early Christian community in the 1st century CE.
tlg0031.tlg019	New Testament	100		Hebrews				0	New Testament texts describe events and teachings contemporary to the early Christian community in the 1st century CE.
tlg0031.tlg021	New Testament	100		1 Peter				0	New Testament texts describe events and teachings contemporary to the early Christian community in the 1st century CE.
tlg0031.tlg017	New Testament	100		Titus				0	New Testament texts describe events and teachings contemporary to the early Christian community in the 1st century CE.
tlg0031.tlg010	New Testament	100		Ephesians				0	New Testament texts describe events and teachings contemporary to the early Christian community in the 1st century CE.
tlg0033.tlg003	Pindar	-481	Nemean Odes	Nemean Odes	lyric poetry	poetry collection	literary work	1	Pindar's Odes frequently invoke mythological figures and events to celebrate athletic victories, placing them in a legendary past.
tlg0033.tlg004	Pindar	-481	Isthmian Odes	Isthmian Odes	lyric poetry, ode	poetry collection	literary work	1	Pindar's Odes frequently invoke mythological figures and events to celebrate athletic victories, placing them in a legendary past.
tlg0033.tlg002	Pindar	-481	Pythian Odes	Pythian Odes	ode, lyric poetry	poetry collection	literary work	1	Pindar's Odes frequently invoke mythological figures and events to celebrate athletic victories, placing them in a legendary past.
tlg0033.tlg001	Pindar	-481	Olympic Odes	Olympian Odes	lyric poetry, ode	poetry collection	literary work	1	Pindar's Odes frequently invoke mythological figures and events to celebrate athletic victories, placing them in a legendary past.
tlg0034.tlg001	Lycurgus	-354	Against Leocrates	Against Leocrates			literary work, oration	0	Lycurgus's 'Against Leocrates' is a political oration addressing contemporary legal and political issues in Athens.
tlg0057.tlg010	Galen	164	On the Natural Faculties	On the Natural Faculties.			version, edition or translation	0	Galen's 'On the Natural Faculties' is a medical treatise discussing contemporary physiological theories.
tlg0059.tlg009	Plato	-393	Parmenides	Parmenides	Platonic dialogue		written work	0	Plato's 'Parmenides' is a philosophical dialogue exploring abstract concepts and arguments, contemporary to philosophical discourse.
tlg0059.tlg031	Plato	-393	Timaeus	Timaeus	Socratic dialogue		written work, Platonic dialogue	0	Plato's 'Timaeus' is a philosophical dialogue discussing cosmology and the natural world, reflecting contemporary philosophical thought.
tlg0059.tlg007	Plato	-393	Sophist	Sophist	Socratic dialogue		Platonic dialogue, written work	0	Plato's 'Sophist' is a philosophical dialogue examining the nature of sophistry and being, contemporary to philosophical discourse.
tlg0059.tlg001	Plato	-393	Euthyphro	Euthyphro	Socratic dialogue	prose	literary work, Platonic dialogue	0	Plato's 'Euthyphro' is a philosophical dialogue discussing piety and justice, contemporary to philosophical discourse.
tlg0059.tlg006	Plato	-393	Theaetetus	Theaetetus	dialogue		written work	0	Plato's Theaetetus is a philosophical dialogue discussing contemporary ideas about knowledge.
tlg0059.tlg030	Plato	-393	The Republic	Republic	dialogue	prose	literary work	0	Plato's The Republic is a philosophical dialogue discussing contemporary ideas about justice and the ideal state.
tlg0059.tlg008	Plato	-393	Statesman	Statesman	dialogue		written work, Platonic dialogue	0	Plato's Statesman is a philosophical dialogue discussing contemporary ideas about governance.
tlg0059.tlg015	Plato	-393	Hipparchus	Hipparchus	dialogue		written work, Platonic dialogue	0	Plato's Hipparchus is a philosophical dialogue discussing contemporary ideas about wealth and virtue.
tlg0059.tlg012	Plato	-393	Phaedrus	Phaedrus	Socratic dialogue		written work	0	Plato's Phaedrus is a philosophical dialogue discussing contemporary ideas about rhetoric, love, and the soul.
tlg0059.tlg024	Plato	-393	Meno	Meno	dialogue		written work, Platonic dialogue	0	Plato's Meno is a philosophical dialogue discussing contemporary ideas about virtue and knowledge.
tlg0059.tlg023	Plato	-393	Gorgias	Gorgias	dialogue		written work	0	Plato's Gorgias is a philosophical dialogue discussing contemporary ideas about rhetoric, justice, and power.
tlg0059.tlg022	Plato	-393	Protagoras	Protagoras	Socratic dialogue		written work, Platonic dialogue	0	Plato's Protagoras is a philosophical dialogue discussing contemporary ideas about the nature of virtue and sophistry.
tlg0059.tlg025	Plato	-393	Hippias Major	Hippias Major	dialogue		written work, Platonic dialogue	0	Plato's Hippias Major is a philosophical dialogue discussing contemporary ideas about beauty.
tlg0059.tlg032	Plato	-393	Critias	Critias	dialogue		written work, Platonic dialogue	0	Plato's Critias describes the legendary city of Atlantis, but the dialogue itself is a philosophical discussion of an ideal state, making it contemporary in its intellectual context.
tlg0059.tlg003	Plato	-393	Crito	Crito	Socratic dialogue		literary work	0	Plato's Crito is a philosophical dialogue discussing contemporary ideas about justice and civic duty, set during Socrates' imprisonment.
tlg0059.tlg004	Plato	-393	Phaedo	Phaedo	dialogue, Socratic dialogue		Platonic dialogue, written work	0	Plato's Phaedo is a philosophical dialogue discussing contemporary ideas about the immortality of the soul, set during Socrates' final hours.
tlg0059.tlg005	Plato	-393	Cratylus	Cratylus	dialogue		Platonic dialogue, written work	0	Plato's Cratylus is a philosophical dialogue discussing contemporary ideas about language and the origin of names.
tlg0059.tlg002	Plato	-393	Apology	Apology	apologia, Socratic dialogue		Platonic dialogue, written work, apologia	0	Plato's Apology recounts Socrates' defense speech, addressing contemporary legal and philosophical issues.
tlg0059.tlg034	Plato	-393	Laws	Laws	dialogue		written work, Platonic dialogue	0	Plato's Laws is a philosophical dialogue discussing contemporary ideas about law and governance.
tlg0059.tlg033	Plato	-393	Minos	Minos	dialogue		written work	0	Plato's Minos is a philosophical dialogue discussing contemporary ideas about law and justice.
tlg0059.tlg011	Plato	-393	Symposium	Symposium	Socratic dialogue		written work, Platonic dialogue	0	Plato's Symposium is a philosophical dialogue discussing contemporary ideas about love and desire.
tlg0059.tlg016	Plato	-393	Rival Lovers	Lovers	dialogue		literary work	0	Plato's Rival Lovers is a philosophical dialogue discussing contemporary ideas about philosophy and sophistry.
tlg0059.tlg020	Plato	-393	Lysis	Lysis	dialogue		written work	0	Plato's Lysis is a philosophical dialogue discussing contemporary ideas about friendship.
tlg0059.tlg027	Plato	-393	Ion	Ion	dialogue		written work, Platonic dialogue	0	Plato's Ion is a philosophical dialogue discussing contemporary ideas about poetic inspiration and rhapsody.
tlg0059.tlg018	Plato	-393	Charmides	Charmides	Socratic dialogue		Platonic dialogue, written work	0	Plato's Charmides is a philosophical dialogue discussing contemporary ideas about temperance.
tlg0059.tlg026	Plato	-393	Hippias Minor	Hippias Minor	Socratic dialogue		Platonic dialogue, literary work	0	Plato's Hippias Minor is a philosophical dialogue discussing contemporary ideas about truthfulness and falsehood.
tlg0059.tlg019	Plato	-393	Laches	Laches	dialogue		written work, Platonic dialogue	0	Plato's Laches is a philosophical dialogue discussing contemporary ideas about courage.
tlg0059.tlg021	Plato	-393	Euthydemus	Euthydemus	dialogue		written work, Platonic dialogue	0	Plato's Euthydemus is a philosophical dialogue discussing contemporary ideas about sophistry and philosophy.
tlg0059.tlg017	Plato	-393	Theages	Theages	dialogue		written work	0	Plato's Theages is a philosophical dialogue discussing contemporary ideas about wisdom and divine inspiration.
tlg0059.tlg028	Plato	-393	Menexenus	Menexenus	dialogue		Platonic dialogue, written work	0	Plato's Menexenus is a Socratic dialogue discussing contemporary Athenian politics and rhetoric.
tlg0059.tlg010	Plato	-393	Philebus	Philebus	Socratic dialogue		Platonic dialogue, written work	0	Plato's Philebus is a philosophical dialogue exploring contemporary ethical concepts like pleasure and knowledge.
tlg0059.tlg029	Plato	-393	Clitophon	Cleitophon	Socratic dialogue		written work	0	Plato's Clitophon is a Socratic dialogue engaging with philosophical ideas contemporary to Plato's time.
tlg0059.tlg036	Plato	-393	Thirteenth Letter	Letters			written work	0	Plato's Thirteenth Letter is a philosophical letter, likely addressing contemporary political or personal matters.
tlg0059.tlg013	Plato	-393	First Alcibiades	Alcibiades 1	Socratic dialogue		Platonic dialogue, written work	0	Plato's First Alcibiades is a Socratic dialogue focusing on political education and self-knowledge, relevant to contemporary Athenian society.
tlg0059.tlg014	Plato	-393	First Alcibiades	Alcibiades 2	Socratic dialogue		Platonic dialogue, written work	0	Plato's First Alcibiades is a Socratic dialogue focusing on political education and self-knowledge, relevant to contemporary Athenian society.
tlg0059.tlg035	Plato	-393	Minos	Epinomis	dialogue		written work	0	Plato's Minos is a dialogue discussing the nature of law and justice, which are contemporary philosophical concerns.
tlg0061.tlg004	Pseudo-Lucian	150	Halcyon	The Halcyon	dialogue		literary work	1	Pseudo-Lucian's Halcyon is a dialogue that features mythological figures and themes, specifically the myth of Ceyx and Alcyone.
tlg0061.tlg001	Pseudo-Lucian	150	Lucius or The Ass	Loukios, Or, the Ass	Ancient Greek novel		literary work	0	Pseudo-Lucian's Lucius or The Ass is an ancient Greek novel, a form that typically depicts contemporary or near-contemporary life and adventures, even if fictionalized.
tlg0061.tlg003	Lucian of Samosota	150	De domo	Demosthenes an Encomium			literary work	0	Lucian's De domo is a rhetorical piece likely dealing with contemporary issues or events related to a house or property.
tlg0061.tlg006	Pseudo-Lucian	150	The Loves (Pseudo-Lucian)	The Cynic			version, edition or translation	0	Pseudo-Lucian's The Loves is a dialogue discussing contemporary views on love and relationships.
tlg0062.tlg054	Lucian of Samosata	155	The Dipsads	The Dipsads			literary work	0	Lucian's The Dipsads is a satirical work, likely commenting on contemporary social or philosophical issues.
tlg0062.tlg053	Lucian of Samosata	155	How to write history	How to write history			literary work	0	Lucian's How to write history is a critical treatise on the practice of history writing, a contemporary intellectual concern.
tlg0062.tlg065	Lucian of Samosata	155	The Ship or The Wishes	The ship or the wishes			literary work	0	Lucian's The Ship or The Wishes is a satirical dialogue that likely comments on contemporary human desires and societal values.
tlg0062.tlg031	Lucian of Samosata	155	Lover of Lies	The Lover of Lies, or the Doubter Tychiades			literary work	0	Lucian's Lover of Lies is a satirical work exposing contemporary credulity and belief in the supernatural, rather than retelling ancient myths.
tlg0062.tlg038	Lucian of Samosata	155	Alexander the False Prophet	Alexander the False Prophet	biography, polemical lampoon		literary work		
tlg0062.tlg007	Lucian	155	Nigrinus	Nigrinus			literary work	0	Lucian's Nigrinus is a dialogue that satirizes contemporary Roman society and praises Greek philosophy.
tlg0062.tlg063	Lucian	155	Hermotimus	Hermotimus, or the Rival Philosophies			literary work	0	Lucian's Hermotimus is a philosophical dialogue critiquing contemporary philosophical schools and the pursuit of wisdom.
tlg0062.tlg064	Lucian of Samosata	155	Prometheus	"To one who said ""You're a Prometheus in words."""	dialogue		literary work	1	Lucian's Prometheus is a dialogue that directly engages with the mythological figure of Prometheus.
tlg0062.tlg052	Lucian of Samosata	155	Disowned	Disowned			literary work	0	Lucian's Disowned is a rhetorical exercise or satire, likely dealing with contemporary legal or social scenarios.
tlg0062.tlg001	Lucian of Samosata	155	Phalaris	Phalaris	dialogue		group of literary works	1	Lucian's Phalaris refers to the ancient tyrant Phalaris, placing the work in a historical context far removed from Lucian's own time, often with mythological or legendary elements.
tlg0062.tlg039	Lucian of Samosata	155	Essays in Portraiture	Essays in Portraiture			literary work	0	Lucian's Essays in Portraiture are likely rhetorical or critical pieces, possibly commenting on contemporary art or individuals.
tlg0062.tlg012	Lucian of Samosata	155	A True Story	A True Story	fantasy, satire, science fiction	novel	literary work	0	Lucian's A True Story is a satirical fantasy novel, but its primary aim is to satirize contemporary travelogues and historical accounts, not to retell ancient myths.
tlg0062.tlg024	Lucian of Samosata	155	Philosophies for Sale	Philosophies for Sale			literary work	0	Lucian's Philosophies for Sale is a satirical work that critiques contemporary philosophical schools and their practitioners.
tlg0062.tlg025	Lucian of Samosata	155	Fisher	The Dead Come to Life, or the Fisherman			literary work	0	Lucian's Fisher is a satirical dialogue, likely commenting on contemporary philosophical or social issues.
tlg0062.tlg013	Lucian	155	Slander	Slander, a Warning			literary work	0	This work is a rhetorical exercise or essay, likely addressing contemporary social or ethical issues.
tlg0062.tlg040	Lucian of Samosata	155	Essays in Portraiture	Essays in Portraiture Defended			literary work	0	This work is likely a collection of essays on contemporary figures or ideas, not ancient myths.
tlg0062.tlg047	Lucian of Samosata	155	The Eunuch	The Eunuch	satire		literary work	0	As a satire, 'The Eunuch' would typically target contemporary social customs or types.
tlg0062.tlg049	Lucian of Samosata	155	The Mistaken Critic	The Mistaken Critic, or a Discourse on the Word			literary work	0	This work likely critiques contemporary literary or intellectual figures, not mythological narratives.
tlg0062.tlg003	Lucian of Samosata	155	Dionysus	Dionysus: an Introduction			literary work	1	The title 'Dionysus' strongly suggests a focus on the mythological god Dionysus.
tlg0062.tlg050	Lucian of Samosata	155	Parliament of the Gods	The Parliament of the Gods	dialogue		literary work	1	A 'Parliament of the Gods' clearly deals with mythological figures and their interactions.
tlg0062.tlg057	Lucian of Samosata	155	Zeuxis or Antiochus	Zeuxis or Antiochus			literary work	0	This work likely discusses historical or contemporary figures named Zeuxis or Antiochus, not mythological events.
tlg0062.tlg068	Lucian	155	Dialogues of the Gods	Dialogues of the Gods	satire		literary work	1	Dialogues of the Gods explicitly features mythological deities as its subject.
tlg0062.tlg061	Lucian of Samosata	155	A Conversation with Hesiod	A conversation with Hesiod			literary work	0	This work is a fictional conversation with a historical poet, not a retelling of myth.
tlg0062.tlg066	Lucian of Samosata	155	Dialogues of the Dead	Dialogues of the Dead	dialogue		literary work	1	Dialogues of the Dead features conversations with figures from the mythological underworld and past heroes.
tlg0062.tlg059	Lucian of Samosata	155	Harmonides	Harmonides			version, edition or translation	0	Harmonides is likely a discussion or narrative about a historical or contemporary figure, not a mythological one.
tlg0062.tlg033	Lucian of Samosata	155	On Salaried Posts in Great Houses	On Salaried Posts in Great Houses			literary work	0	This work directly addresses a contemporary social issue concerning employment and patronage.
tlg0062.tlg067	Lucian	155	Dialogues of the Sea-Gods	Dialogues of the Sea-gods:			literary work	1	Dialogues of the Sea-Gods explicitly features mythological sea deities as its subject.
tlg0062.tlg058	Lucian of Samosata	155	A Slip of the Tongue in Greeting	A Slip of the Tongue in Greeting			literary work	0	This work appears to be a rhetorical or philosophical essay on a linguistic or social observation, not myth.
tlg0062.tlg069	Lucian of Samosata	155	Dialogues of the Courtesans	Dialogues of the Courtesans	dialogue		literary work	0	Dialogues of the Courtesans depicts contemporary social interactions and characters.
tlg0062.tlg042	Lucian of Samosata	155	Passing of Peregrinus	The Passing of Peregrinus			literary work	0	This work is a biographical account or satire of a contemporary philosopher, Peregrinus Proteus.
tlg0062.tlg029	Lucian of Samosata	155	The Dream	The Dream or Lucian’s Career			treatise, literary work	0	Lucian's 'The Dream' is often an allegorical or satirical piece reflecting on contemporary life or his own career.
tlg0062.tlg020	Lucian of Samosata	155	Prometheus	Prometheus	dialogue		literary work	1	The title 'Prometheus' indicates a focus on the mythological figure Prometheus.
tlg0062.tlg027	Lucian of Samosata	155	On Sacrifices	On Sacrifices			literary work	0	This work likely discusses contemporary religious practices or philosophical views on sacrifices.
tlg0062.tlg043	Lucian	155	The runaways	The Runaways			literary work	0	The Runaways is a satirical work that often critiques contemporary philosophical schools or social trends.
tlg0062.tlg026	Lucian	155	The Double Indictment or Trials by Jury	The Double Indictment		novel	literary work	0	This work is a satirical or rhetorical piece on legal or philosophical debates, not mythological narratives.
tlg0062.tlg019	Lucian of Samosata	155	The Dream	The Dream, or the Cock			treatise, literary work	0	Lucian's 'The Dream' is often an allegorical or satirical piece reflecting on contemporary life or his own career.
tlg0062.tlg021	Lucian of Samosata	155	Icaromenippus	Icaromenippus, or the Sky-man	dialogue		literary work	1	Icaromenippus features a journey to the moon and interactions with gods, placing it in the realm of mythological or fantastical satire.
tlg0062.tlg023	Lucian of Samosata	155	Charon or the Inspectors	Charon, or the Inspectors		short story	literary work	1	Charon is a mythological figure, and the work likely involves his observations of the living world from a mythological perspective.
tlg0062.tlg022	Lucian of Samosata	155	Timon or The Misanthrope	Timon, or the Misanthrope	dialogue		literary work	1	Timon or The Misanthrope features the legendary misanthrope Timon, often interacting with gods or allegorical figures.
tlg0062.tlg035	Lucian of Samosata	155	Menippus or The Descent Into Hades	Menippus, or the Descent Into Hades			literary work	1	The work's title, 'Menippus or The Descent Into Hades,' clearly indicates a mythological setting and subject matter.
tlg0062.tlg034	Lucian of Samosata	155	Anacharsis or Athletics	Anacharsis, or Athletics	dialogue		literary work	0	The work 'Anacharsis or Athletics' discusses contemporary practices and philosophical ideas about athletics, not mythological events.
tlg0062.tlg005	Lucian of Samosata	155	Amber or The Swans	Amber, or the Swan			literary work	0	The title 'Amber or The Swans' does not suggest a mythological subject, and Lucian's works often satirize contemporary life.
tlg0062.tlg002	Lucian of Samosata	155	Hippias or the Bath	Hippias, or the Bath			literary work	0	The work 'Hippias or the Bath' likely discusses contemporary social customs or philosophical ideas related to bathing, not mythological events.
tlg0062.tlg044	Lucian of Samosata	155	Toxaris or Friendship	Toxaris, or Friendship	dialogue		literary work	0	The work 'Toxaris or Friendship' is a dialogue discussing the nature of friendship, a contemporary philosophical and social topic.
tlg0062.tlg032	Lucian of Samosata	155	Judgment of the Goddesses	The Judgement of the Goddesses			literary work	1	The 'Judgment of the Goddesses' directly refers to the mythological event of the Judgment of Paris, involving goddesses.
tlg0062.tlg028	Lucian of Samosata	155	The Ignorant Book-Collector	The Ignorant Book Collector			literary work	0	The work 'The Ignorant Book-Collector' satirizes a contemporary social type, not mythological figures or events.
tlg0062.tlg056	Lucian of Samosata	155	Herodotus or Aetion	Herodotus or Aëtion			literary work	0	The work 'Herodotus or Aetion' likely discusses historical figures or artistic practices, not mythological narratives.
tlg0062.tlg062	Lucian of Samosata	155	The Scythian or the Consul	The Scythian or Consul			literary work	0	The work 'The Scythian or the Consul' likely discusses contemporary or recent historical figures and cultural interactions.
tlg0062.tlg055	Lucian of Samosata	155	A Conversation with Hesiod	A Conversation with Cronus			literary work	1	The work 'A Conversation with Hesiod' involves a dialogue with a figure from the mythological past, discussing ancient traditions.
tlg0062.tlg004	Lucian of Samosata	155	Hercules	Heracles: an Introduction			literary work	1	The work 'Hercules' directly refers to the mythological hero Heracles and his exploits.
tlg0062.tlg051	Lucian of Samosata	155	Tyrannicide	The Tyrannicide			treatise, literary work	0	The work 'Tyrannicide' is a rhetorical exercise or philosophical discussion about the act of killing a tyrant, a contemporary political topic.
tlg0062.tlg006	Lucian of Samosata	155	Alexander the False Prophet	The Fly	biography, polemical lampoon		literary work	0	The work 'Alexander the False Prophet' is a polemical biography of a contemporary charlatan, not a mythological figure.
tlg0062.tlg045	Lucian of Samosata	155	On dance	The Dance			literary work	0	The work 'On dance' discusses the art and practice of dance, a contemporary cultural topic.
tlg0062.tlg008	Lucian of Samosata	155	Demonax	Demonax			literary work	0	The work 'Demonax' is a biography of a contemporary philosopher, not a mythological figure.
tlg0062.tlg048	Lucian of Samosata	155	About Astrology (Pseudo-Lucian)	Astrology			literary work	0	The work 'About Astrology' discusses the practice of astrology, a contemporary belief system, even if pseudo-Lucian.
tlg0062.tlg009	Lucian of Samosata	155	Alexander the False Prophet	The Hall	biography, polemical lampoon		literary work	0	The work 'Alexander the False Prophet' is a polemical biography of a contemporary charlatan, not a mythological figure.
tlg0062.tlg036	Lucian of Samosata	155	Nero	On Funerals			literary work	0	The work 'Nero' discusses the historical Roman emperor Nero, a figure from recent history, not mythology.
tlg0062.tlg030	Lucian of Samosata	155	The Parasite: Parasitic an Art	The Parasite Tychiades	dialogue		literary work	0	The work 'The Parasite: Parasitic an Art' is a satirical dialogue about a contemporary social phenomenon.
tlg0062.tlg041	Lucian of Samosata	155	On the Syrian Goddess	The Goddesse of Surrye			literary work	0	The work 'On the Syrian Goddess' describes contemporary religious practices and beliefs related to a specific goddess, not a mythological narrative.
tlg0062.tlg011	Lucian of Samosata	155	Nero	Octogenerians			literary work	0	The work 'Nero' discusses the historical Roman emperor Nero, a figure from recent history, not mythology.
tlg0062.tlg017	Lucian of Samosata	155	Zeus Confuted	Zeus Catechized			literary work	1	The work 'Zeus Confuted' directly involves the mythological god Zeus and a debate about his power.
tlg0062.tlg010	Lucian of Samosata	155	Slander	My Native Land			literary work	0	The work 'Slander' is a rhetorical or philosophical discussion about the nature and effects of slander, a contemporary social issue.
tlg0062.tlg016	Lucian of Samosata	155	The Dream	The Downward Journey, or the Tyrant			treatise, literary work	0	The work 'The Dream' is a philosophical or rhetorical piece about dreams, a contemporary topic of human experience.
tlg0062.tlg018	Lucian of Samosata	155	Zeuxis or Antiochus	Zeus Rants			literary work	0	The work 'Zeuxis or Antiochus' likely discusses historical figures or artistic practices, not mythological narratives.
tlg0062.tlg046	Lucian of Samosata	155	Alexander the False Prophet	Lexiphanes	biography, polemical lampoon		literary work	0	This work is a polemical lampoon of a contemporary figure, Alexander of Abonoteichus, making it contemporary.
tlg0062.tlg015	Lucian	155	A Slip of the Tongue in Greeting	A Feast of Lapithae			literary work	0	Lucian's 'A Slip of the Tongue in Greeting' is a short, satirical piece likely dealing with contemporary social observations.
tlg0062.tlg070	Lucian	155	The Parasite: Parasitic an Art	The Purist Purized	dialogue		literary work	0	Lucian's 'The Parasite' is a satirical dialogue discussing a social type, reflecting contemporary societal norms and behaviors.
tlg0062.tlg014	Lucian	155	Dialogues of the Courtesans	Trial in the Court of Vowels	dialogue		literary work	0	Lucian's 'Dialogues of the Courtesans' depicts scenes from contemporary life and social interactions.
tlg0062.tlg037	Lucian of Samosata	155	Lover of Lies	A Professor of Public Speaking			literary work	0	Lucian's 'Lover of Lies' satirizes contemporary credulity and belief in the supernatural, rather than retelling ancient myths.
tlg0085.tlg007	Aeschylus	-489	Eumenides	Eumenides	Greek tragedy	play	dramatic work	1	Aeschylus' 'Eumenides' is a Greek tragedy, a genre that typically draws its subject matter from mythological cycles.
tlg0085.tlg001	Aeschylus	-489	The Suppliant Maidens	Suppliant Maidens			version, edition or translation	1	Aeschylus' 'The Suppliant Maidens' is a Greek tragedy, a genre that typically draws its subject matter from mythological cycles.
tlg0085.tlg006	Aeschylus	-489	The Libation Bearers	Libation Bearers	Greek tragedy	play	dramatic work	1	Aeschylus' 'The Libation Bearers' is a Greek tragedy, a genre that typically draws its subject matter from mythological cycles.
tlg0085.tlg003	Aeschylus	-489	Prometheus Bound	Prometheus Bound	Greek tragedy	play	dramatic work	1	Aeschylus' 'Prometheus Bound' is a Greek tragedy, a genre that typically draws its subject matter from mythological cycles.
tlg0085.tlg004	Aeschylus	-489	Seven against Thebes	Seven Against Thebes	Greek tragedy	play	dramatic work	1	Aeschylus' 'Seven against Thebes' is a Greek tragedy, a genre that typically draws its subject matter from mythological cycles.
tlg0085.tlg005	Aeschylus	-489	Agamemnon	Agamemnon	Greek tragedy	play	dramatic work	1	Aeschylus' 'Agamemnon' is a Greek tragedy, a genre that typically draws its subject matter from mythological cycles.
tlg0085.tlg002	Aeschylus	-489	The Persians	Persians	Greek tragedy	play	dramatic work	0	Aeschylus' 'The Persians' is a Greek tragedy that dramatizes a contemporary historical event, the Battle of Salamis, rather than ancient myth.
tlg0086.tlg009	Aristotle	-348	Eudemian Ethics	Eudemian Ethics	treatise		written work	0	Aristotle's 'Eudemian Ethics' is a philosophical treatise discussing ethical concepts relevant to his contemporary society.
tlg0086.tlg038	Aristotle	-348	Rhetoric	"The ""Art"" of Rhetoric"	treatise		written work	0	Aristotle's 'Rhetoric' is a philosophical treatise on the art of persuasion, applicable to contemporary discourse.
tlg0086.tlg025	Aristotle	-348	Metaphysics	Metaphysics	treatise		written work	0	Aristotle's 'Metaphysics' is a philosophical treatise exploring fundamental questions of existence, not mythological narratives.
tlg0086.tlg035	Aristotle	-348	Politics	Politics	treatise		literary work	0	Aristotle's 'Politics' is a philosophical treatise analyzing political systems and governance, relevant to his contemporary world.
tlg0086.tlg034	Aristotle	-348	Poetics	Poetics	treatise		written work	0	Aristotle's 'Poetics' is a philosophical treatise on literary theory and criticism, not a mythological narrative itself.
tlg0086.tlg010	Aristotle	-348	Nicomachean Ethics	Nicomachean Ethics	treatise		literary work, text	0	Aristotle's 'Nicomachean Ethics' is a philosophical treatise discussing ethical concepts relevant to his contemporary society.
tlg0086.tlg029	Aristotle	-348	Economics	Economics			literary work	0	Aristotle's 'Economics' is a philosophical treatise on household management and economic principles, relevant to his contemporary world.
tlg0199.tlg002	Bacchylides	-480	Dithyrambs	Dithyrambs	dithyramb	poetry collection	literary work	1	Bacchylides' 'Dithyrambs' are choral hymns often celebrating mythological narratives and deities.
tlg0199.tlg001	Bacchylides	-480	Epinician Odes	Epinicians	epinikion	poetry collection	literary work	1	Bacchylides' 'Epinician Odes' often praise athletic victors by connecting them to mythological heroes and divine lineage.
tlg0525.tlg001	Pausanias	150	Description of Greece	Description of Greece	travel book		literary work	0	Pausanias' 'Description of Greece' is a travelogue describing contemporary Greece, even if it references ancient sites and myths, its primary focus is on the author's present observations.
tlg0535.tlg001	Demades	-345	Speech on Twelve Years	On the Twelve Years			written work, oration	0	Demades' 'Speech on Twelve Years' is a political oration addressing contemporary political events and policies.
tlg0540.tlg009	Lysias	-409	For the Soldier	For The Soldier			oration, literary work	0	Lysias' 'For the Soldier' is a forensic oration dealing with a contemporary legal case.
tlg0540.tlg031	Lysias	-409	Against Philon	Against Philon			oration, literary work	0	Lysias' 'Against Philon' is a forensic oration dealing with a contemporary legal case.
tlg0540.tlg007	Lysias	-409	Defense in the Matter of the Olive Stump	Before the Areopagus: Defense in the Matter of the Olive Stump			literary work, oration	0	This is a forensic oration by Lysias, dealing with a contemporary legal dispute in Athens.
tlg0540.tlg001	Lysias	-409	On the Murder of Eratosthenes	On the Murder of Eratosthenes			literary work, oration	0	This is a forensic oration by Lysias, dealing with a contemporary legal case in Athens.
tlg0540.tlg006	Lysias	-409	Against Andocides	Against Andocides			literary work, oration	0	This is a forensic oration by Lysias, dealing with a contemporary legal case in Athens.
tlg0540.tlg030	Lysias	-409	Against Nicomachus	Against Nicomachus			literary work, oration	0	This is a forensic oration by Lysias, dealing with a contemporary legal case in Athens.
tlg0540.tlg008	Lysias	-409	Accusation of Calumny	Accusation of Calumny			oration, literary work	0	This is a forensic oration by Lysias, dealing with a contemporary legal case in Athens.
tlg0540.tlg015	Lysias	-409	Against Alcibiades	Against Alcibiades 2			group of literary works	0	These are orations by Lysias, dealing with contemporary political and legal figures in Athens.
tlg0540.tlg012	Lysias	-409	Against Eratosthenes	Against Eratosthenes	rhetoric		literary work, oration	0	This is a forensic oration by Lysias, dealing with a contemporary political figure and events in Athens.
tlg0540.tlg024	Lysias	-409	On the Refusal of a Pension	On The Refusal Of A Pension			oration, literary work	0	This is a forensic oration by Lysias, dealing with a contemporary legal dispute in Athens.
tlg0540.tlg023	Lysias	-409	Against Pancleon	Against Pancleon			literary work, oration	0	This is a forensic oration by Lysias, dealing with a contemporary legal case in Athens.
tlg0540.tlg022	Lysias	-409	Against the Corn-Dealers	Against The Corn-Dealers			oration, literary work	0	This is a forensic oration by Lysias, dealing with a contemporary legal case concerning economic practices in Athens.
tlg0540.tlg025	Lysias	-409	Defense Against a Charge of Subverting the Democracy	Defense Against a Charge of Subverting the Democracy			oration, literary work	0	This is a forensic oration by Lysias, dealing with a contemporary political charge in Athens.
tlg0540.tlg013	Lysias	-409	Against Agoratus	Against Agoratus			literary work, oration	0	This is a forensic oration by Lysias, dealing with a contemporary legal case in Athens.
tlg0540.tlg014	Lysias	-409	Against Alcibiades	Against Alcibiades 1			group of literary works	0	These are orations by Lysias, dealing with contemporary political and legal figures in Athens.
tlg0540.tlg032	Lysias	-409	Against Diogeiton	Against Diogeiton			oration, literary work	0	This is a forensic oration by Lysias, dealing with a contemporary legal case in Athens.
tlg0540.tlg003	Lysias	-409	Against Simon	Against Simon: Defense			literary work, oration	0	This is a forensic oration by Lysias, dealing with a contemporary legal case in Athens.
tlg0540.tlg004	Lysias	-409	On a Wound by Premeditation	On A Wound By Premeditation			literary work, oration	0	This is a forensic oration by Lysias, dealing with a contemporary legal case in Athens.
tlg0540.tlg005	Lysias	-409	For Callias	For Callias			literary work, oration	0	This is a forensic oration by Lysias, dealing with a contemporary legal case in Athens.
tlg0540.tlg002	Lysias	-409	Funeral Oration	Funeral Oration			literary work, oration	0	This is an epideictic oration by Lysias, reflecting on contemporary Athenian society and history.
tlg0540.tlg011	Lysias	-409	Against Theomnestus	Against Theomnestus 2			group of literary works	0	These are orations by Lysias, dealing with contemporary legal cases in Athens.
tlg0540.tlg016	Lysias	-409	In Defense of Mantitheus	In Defense of Mantitheus			literary work, oration	0	This is a forensic oration by Lysias, dealing with a contemporary legal case in Athens.
tlg0540.tlg029	Lysias	-409	Against Philocrates	Against Philocrates			literary work, oration	0	This is a forensic oration by Lysias, dealing with a contemporary legal case in Athens.
tlg0540.tlg020	Lysias	-409	For Polystratus	For Polystratus			literary work, oration	0	This is a forensic oration by Lysias, dealing with a contemporary legal case in Athens.
tlg0540.tlg027	Lysias	-409	Against Epicrates and his Fellow-envoys	Against Epicrates and his Fellow-envoys			literary work, oration	0	This is a forensic oration by Lysias, dealing with a contemporary legal case in Athens.
tlg0540.tlg026	Lysias	-409	On the Scrutiny of Evandros	On the Scrutiny of Evandros			oration, literary work	0	This is a forensic oration by Lysias, dealing with a contemporary legal process in Athens.
tlg0540.tlg019	Lysias	-409	On the Property of Aristophanes	On the Property of Aristophanes			literary work, oration	0	This is a forensic oration by Lysias, dealing with a contemporary legal case concerning property in Athens.
tlg0540.tlg021	Lysias	-409	Defence Against A Charge Of Taking Bribes	Defence Against A Charge Of Taking Bribes			literary work, oration	0	This is an oration by Lysias, a contemporary work dealing with legal matters of his time.
tlg0540.tlg017	Lysias	-409	On The Property Of Eraton	On The Property Of Eraton			literary work, oration	0	This is an oration by Lysias, a contemporary work dealing with legal matters of his time.
tlg0540.tlg028	Lysias	-409	Against Ergocles	Against Ergocles			oration, literary work	0	This is an oration by Lysias, a contemporary work dealing with legal matters of his time.
tlg0540.tlg010	Lysias	-409	Against Theomnestus	Against Theomnestus 1			group of literary works	0	This is an oration by Lysias, a contemporary work dealing with legal matters of his time.
tlg0540.tlg034	Lysias	-409	Against Subversion of the Ancestral Constitution	Against The Subversion of the Ancestral Constitution			oration, literary work	0	This is an oration by Lysias, a contemporary work dealing with political and legal matters of his time.
tlg0540.tlg018	Lysias	-409	On The Property Of Eraton	On The Property Of The Brother Of Nicias: Peroration			literary work, oration	0	This is an oration by Lysias, a contemporary work dealing with legal matters of his time.
tlg0540.tlg033	Lysias	-409	Olympiacos	Olympic Oration			oration, literary work	0	This is an oration by Lysias, a contemporary work likely dealing with political or social issues of his time related to the Olympic games.
tlg0548.tlg002	Apollodorus	-165	Epitome	Epitome			epitome, written work	1	Apollodorus' 'Epitome' is part of his 'Bibliotheca', which is a compendium of Greek myths and heroic legends.
tlg0557.tlg001	Epictetus	85	All the works of Epictetus which are now extant	The Discourses of Epictetus			version, edition or translation, editorial collection	0	Epictetus' works are philosophical treatises, contemporary to his own time.
tlg0557.tlg002	Epictetus	85	Enchiridion of Epictetus	The Enchiridion	philosophy		literary work	0	Epictetus' 'Enchiridion' is a philosophical work, contemporary to his own time.
tlg0557.tlg003a	Epictetus	85	All the works of Epictetus which are now extant	Fragments			version, edition or translation, editorial collection	0	Epictetus' works are philosophical treatises, contemporary to his own time.
tlg0627.tlg009	Hippocrates	-465	On fractures	On Fractures			written work	0	Hippocrates' 'On fractures' is a medical treatise, contemporary to his own time.
tlg0627.tlg001	Hippocrates	-465	On Ancient Medicine	Ancient Medicine	treatise, scientific literature		written work	0	Hippocrates' 'On Ancient Medicine' is a medical treatise, contemporary to his own time.
tlg0627.tlg006	Hippocrates	-465	Epidemics	Epidemics I and III			written work	0	Hippocrates' 'Epidemics' is a medical work describing contemporary diseases and observations.
tlg0627.tlg030	Hippocrates	-465	On fistulae	On Fistulae			written work	0	Hippocrates' 'On fistulae' is a medical treatise, contemporary to his own time.
tlg0627.tlg012	Hippocrates	-465	Aphorisms	Aphorisms			written work	0	Hippocrates' 'Aphorisms' are medical principles and observations, contemporary to his own time.
tlg0627.tlg013	Hippocrates	-465	Hippocratic Oath	Oath			written work, vow	0	The Hippocratic Oath is a medical ethical text, contemporary to its time of formulation.
tlg0627.tlg014	Hippocrates	-465	Law	The Law			written work	0	Hippocrates' 'Law' is a medical text concerning the practice of medicine, contemporary to his own time.
tlg0627.tlg003	Hippocrates	-465	Prognostic	The Book of Prognostics			written work	0	Hippocrates' 'Prognostic' is a medical treatise on predicting disease outcomes, contemporary to his own time.
tlg0627.tlg004	Hippocrates	-465	Regimen in acute diseases	On Regimen in Acute Diseases			written work	0	Hippocrates' 'Regimen in acute diseases' is a medical treatise, contemporary to his own time.
tlg0627.tlg027	Hippocrates	-465	On the Sacred Disease	On the Sacred Disease			treatise	0	Hippocrates' 'On the Sacred Disease' is a medical treatise discussing epilepsy, contemporary to his own time.
tlg0627.tlg010	Hippocrates	-465	The Art	On the Articulations			written work	0	Hippocrates' 'The Art' is a medical treatise, contemporary to his own time.
tlg0627.tlg029	Hippocrates	-465	Haemorrhoids	On Hemorrhoids			written work	0	Hippocrates' 'Haemorrhoids' is a medical treatise, contemporary to his own time.
tlg0627.tlg051	Hippocrates	-465	Precepts	Precepts			written work	0	Hippocrates' 'Precepts' are medical instructions and ethical guidelines, contemporary to his own time.
tlg0627.tlg007	Hippocrates	-465	The Heart	On Injuries of the Head			written work	0	Hippocrates' 'The Heart' is a medical treatise, contemporary to his own time.
tlg0627.tlg002	Hippocrates	-465	Air, Waters, and Places	Airs Waters Places			literary work	0	This is a medical treatise by Hippocrates, focusing on contemporary observations and theories about health and environment.
tlg0627.tlg008	Hippocrates	-465	On the Sacred Disease	On the Surgery			treatise	0	This is a medical treatise by Hippocrates, discussing a specific disease from a contemporary scientific perspective.
tlg0627.tlg046	Hippocrates	-465	Instruments of reduction	Nutrimen			written work	0	This is a medical text by Hippocrates, detailing practical medical procedures relevant to his contemporary practice.
tlg0627.tlg028	Hippocrates	-465	Air, Waters, and Places	On Ulcers			literary work	0	This is a medical treatise by Hippocrates, focusing on contemporary observations and theories about health and environment.
tlg0627.tlg011	Hippocrates	-465	Epidemics	Mochlicus			written work	0	This is a medical text by Hippocrates, documenting contemporary observations of diseases and their spread.
tlg0719.tlg002	Aretaeus of Cappadocia	135	On the causes and signs of acute and chronic diseases	On the Causes and Symptoms of Chronic Diseases			written work	0	This is a medical treatise by Aretaeus of Cappadocia, discussing contemporary understanding of diseases.
tlg0719.tlg001	Aretaeus of Cappadocia	135	On the causes and signs of acute and chronic diseases	On the Causes and Symptoms of Acute Diseases			written work	0	This is a medical treatise by Aretaeus of Cappadocia, discussing contemporary understanding of diseases.
tlg0719.tlg004	Aretaeus of Cappadocia	135	On the causes and signs of acute and chronic diseases	On the Cure of Chronic Diseases			written work	0	This is a medical treatise by Aretaeus of Cappadocia, discussing contemporary understanding of diseases.
tlg0719.tlg003	Aretaeus of Cappadocia	135	On the causes and signs of acute and chronic diseases	On the Therapeutics of Acute Diseases			written work	0	This is a medical treatise by Aretaeus of Cappadocia, discussing contemporary understanding of diseases.
tlg1216.tlg001	Barnabas	36	Epistle of Barnabas	The Epistle of Barnabas	apocryphal epistle		letter, New Testament apocrypha	0	The Epistle of Barnabas is an early Christian text addressing theological and ethical issues contemporary to the early church.
tlg1271.tlg001	Clement of Rome	88		The First Epistle of Clement to the Corinthians				0	Clement of Rome's writings, typically epistles, address contemporary issues within the early Christian community.
tlg1271.tlg002	Clement of Rome	88		The Second Epistle of Clement to the Corinthians				0	Clement of Rome's writings, typically epistles, address contemporary issues within the early Christian community.
tlg1419.tlg001	Hermas	150	The Shepherd of Hermas	The Shepherd of Hermas			literary work, New Testament apocrypha	0	The Shepherd of Hermas is an early Christian allegorical work addressing moral and theological concerns contemporary to its author.
tlg1443.tlg001	Ignatius of Antioch	70	Epistle of Ignatius to the Trallians	Epistles	epistle		written work	0	The Epistle of Ignatius to the Trallians is an early Christian letter addressing contemporary church matters and doctrine.
tlg1622.tlg001	Polycarp	105	Epistle of Polycarp to the Philippians	The Epistle to the Philippians of Saint Polycarp		letter	written work	0	The Epistle of Polycarp to the Philippians is an early Christian letter addressing contemporary church matters and doctrine.
tlg1799.tlg001	Euclid	-298	Elements	The Thirteen Books of Euclid's Elements	treatise		written work, reference work	0	Euclid's Elements is a mathematical treatise presenting geometric principles, which is a contemporary intellectual endeavor.
