author_code	perseus_author	has_english	n_works	wikidata_id	wikidata_name	description	occupations	birthdate	deathdate	impact_date	impact_date_precision	cliopatria_polity	cliopatria_polity_id	wikipedia_url	match_score	works
tlg0001	Apollonius Rhodius	False	1	Q192638	Apollonius of Rhodes	3rd century BC Greek epic poet	librarian; mythographer; writer; grammarian; poet	-289	-214	-254	year	Ptolemaic Kingdom;(Ptolemaic Kingdom)	115;116		220.0	Argonautica
tlg0003	Thucydides	True	12	Q41683	Thucydides	5th-century BC Athenian historian and general	historian; writer	-460	-394	-425	decade				200.0	Della storia di Tucidide volgarizzata libri otto. // Die Rede des Perikles für die Gefallenen // Geschichte des Peloponnesischen Krieges // Geschichte des Peloponnesischen Kriegs // Histoire de la Guerre du Péloponnèse // Histoire de la Guerre du Péloponèse // Historia Belli Peloponnesiaci // History of the Peloponnesian War // The History of the Grecian War // The Peloponnesian War // Vier Staatsreden aus Thucydides // Ἱστορίαι
tlg0004	Diogenes Laertius	True	2	Q59138	Diogenes Laërtius	3rd-century Roman biographer of Greek philosophers	historian; philosophy historian; philosopher; biographer								170.0	Lives of Eminent Philosophers // Βίοι καὶ γνῶμαι τῶν ἐν φιλοσοφίᾳ εὐδοκιμησάντων
tlg0005	Theocritus	False	2	Q219484	Theocritus	3rd-century BC Greek poet	writer; poet	-400	-259	-365	century				200.0	Εἰδύλλια // Ἐπιγράμματα
tlg0006	Euripides	True	38	Q48305	Euripides	Classical Athenian playwright	playwright; tragedy writer; writer; philosopher; poet	-480	-406	-445	day	(Macedonian Empire);Macedonian Empire	61;62		220.0	Alcestis // Andromache // Bacchae // Electra // Hecuba // Helen // Heracleidae // Heracles // Hippolytus // Ion // Iphigenia Among the Tauri // Iphigenia in Aulis // Medea // Orestes // Rhesus // The Cyclops // The Phoenician Maidens // The Suppliants // The Trojan Women // Βάκχαι // Κύκλωψ // Μήδεια // Τρῳάδες // Φοίνισσαι // Ἀνδρομάχη // Ἄλκηστις // Ἑκάβη // Ἑλένη // Ἠλέκτρα // Ἡρακλεῖδαι // Ἡρακλῆς // Ἰφιγένεια ἐν Αὐλίδι // Ἰφιγένεια ἐν Ταύροις // Ἱκέτιδες // Ἱππόλυτος // Ἴων // Ὀρέστης // Ῥῆσος
tlg0007	Plutarch	True	340	Q41523	Plutarch	Greek philosopher and historian (c. AD 46 – after AD 119)	essayist; historian; writer; priest; magistrate; philosopher; biographer	40	120	75	year	Roman Empire;(Roman Empire)	208;209		190.0	"A Discourse Concerning Socrates's Daemon // A breviate of a discourse, showing that the Stoics speak greater improbabilities than the poets // A discourse to an unlearned prince // A letter of Condolence to Apollonius // Advice About Keeping Well // Advice to Bride and Groom // Aemilius Paulus // Against Colotes, the Disciple and Favorite of Epicurus. // Against Running in Debt, or Taking up Money Upon Usury // Agesilaus // Agis // Alcibiades // Alexander // An abstract of a comparison betwixt Aristophanes and Menander // Antony // Aratus // Aristides // Artaxerxes // Beasts are rational // Bravery of Women // Brutus // Caesar // Caius Marcius Coriolanus // Caius Marius // Camillus // Can Virtue Be Taught? // Cato the Younger // Chance // Cicero // Cimon // Comparison of Agesilaus and Pompey // Comparison of Agis and Cleomenes and the Gracchi // Comparison of Alcibiades and Coriolanus // Comparison of Aristides and Marcus Cato // Comparison of Demetrius and Antony // Comparison of Demosthenes with Cicero // Comparison of Dion and Brutus // Comparison of Lucullus and Cimon // Comparison of Lycurgus and Numa // Comparison of Lysander and Sulla // Comparison of Nicias and Crassus // Comparison of Pelopidas and Marcellus // Comparison of Pericles and Fabius Maximus // Comparison of Philopoemen and Titus // Comparison of Sertorius and Eumenes // Comparison of Solon and Publicola // Comparison of Theseus and Romulus // Comparison of Timoleon and Aemilius // Concering the First Principles of Cold // Concerning Such Whom God is Slow to Punish // Concerning Talkativeness // Concerning the Face which Appears in the Orb Of the Moon // Concerning the Fortune of the Romans // Concerning the Virtues of Women // Concerning the cure of anger: a dialogue // Concerning the fortune or virtue of Alexander the Great. // Concerning the procreation of the soul as discoursed in Timaeus // Conjugal Precepts // Consolation to Apollonius // Crassus // De liberis educandis // Demetrius // Demosthenes // Dion // Eumenes // Fabius Maximus // Five Tragical Histories of Love // Galba // Greek Questions // Greek and Roman Parallel Stories // How a Man May Be Sensible of His Progress in Virtue // How a Man May Become Aware of His Progress in Virtue // How a Man May Inoffensively Praise Himself Without Being Liable to Envy // How a Man May Recieve Advantage and Profit From His
					Enemies // How a Young Man Ought to Hear Poems // How the Young Man Should Study Poetry // How to Know a Flatterer from a Friend // How to Profit By One's Enemies // How to Tell a Flatterer from a Friend // Instituta Laconica // Isis and Osiris // Laconic Apophthegms; or Remarkable Sayings of the Spartans. // Lives of the Ten Orators // Love Stories // Lucullus // Lycurgus // Lysander // Marcellus // Marcus Cato // Nicias // Numa // Of Banishment, or Flying One's Country. // Of Bashfulness // Of Brotherly Love // Of Curiosity, or an Over-Busy Inquisitiveness into Things
					Impertinent. // Of Envy and Hatred // Of Fate // Of Fortune // Of Garrulity, or Talkativeness // Of Hearing // Of Herodotus’s Malice. // Of Isis and Osiris, or of the Ancient Religion and Philosophy of Egypt // Of Large Acquaintance: or, an Essay to Prove the Folly of Seeking Many Friends // Of Love // Of Moral Virtue // Of Natural Affection Towards One's Offspring // Of Superstition, or Indiscreet Devotion // Of Virtue and Vice // Of common conceptions, against the Stoics // Of eating of flesh: Tract I. // Of eating of flesh: Tract II // Of the Face Appearing Within the Orb Of the Moon // Of the Love of Wealth // Of the Three Sorts of Government, Monarchy, Democracy, and Oligarchy. // Of the Tranquillity of the Mind. // Of the word ΕΙ engraven over
					the gate of Apollo's temple at Delphi. // On Affection for Offspring // On Being a Busybody // On Brotherly Love // On Having Many Friends // On Listening to Lectures // On Monarchy, Democracy, and Oligrachy // On Moral Virtue // On Tranquillity of Mind // On the Control of Anger // On the Fortune of the Romans // On the Fortune or the Virtue of Alexander I and II // On the Principle of Cold // On the eating of flesh I // On the eating of flesh II // Otho // Parallels, or a comparison between the Greek and Roman Histories. // Pelopidas // Pericles // Philopoemen // Phocion // Plutarch's Consolatory Letter to His Wife // Plutarch's Natural Questions // Plutarch's Platonic questions // Plutarch's Rules for the Preservation of Health // Political Precepts // Pompey // Precepts of Statecraft // Publicola // Pyrrhus // Roman Questions // Romulus // Sayings of Kings and Commanders // Sayings of Spartan Women // Sayings of Spartans // Sertorius // Solon // Sulla // Summary of a Comparison Between Aristophanes and Menander // Superstition // Symposiacs // That Virtue May Be Taught // That a Philosopher Ought Chiefly to Converse with Great Men // That a Philosopher Ought to Converse Especially with Men in Power // That brute beasts make use of reason // That it is Not Possible to Live Pleasurably According to the Doctrine of Epicurus // That we Ought not to Borrow // The Apopthegms or Remarkable Sayings of Kings and Great Commanders // The Banquet of the Seven Wise Men // The Dinner of the Seven Wise Men // The Greek Questions // The Lives of the Ten Orators // The Obsolesence of Oracles // The Oracle at Delphie no Longer Given in Verse // The Roman Questions // The contradictions of the Stoics // The Ε at Delphi // Themistocles // Theseus // Tiberius and Caius Gracchus // Timoleon // Titus Flamininus // To an Uneducated Ruler // Tιβέριος καὶ Γάιος Γράκχοι // Virtue and Vice // Vitae decem oratorum // Were the Athenians More Famous in War or in Wisdom? // Wherefore the Pythian Priestess Now Ceases to Deliver her Oracles in Verse // Whether 'Twere Rightly Said, Live Concealed // Whether Vice is Sufficient to Render a Man Unhappy // Whether an Aged Man Ought to Meddle in State Affairs // Whether an Old Man Should Engage in Public Affairs // Whether fire or water is most useful // Whether land or sea animals are cleverer // Whether the Affections of the Soul are Worse Than Those of the Body // Whether the Athenians Were More Renowned For Their Warlike Achievements or For Their Learning // Whether the passions of the soul or diseases of the body are worse // Whether vice be sufficient to cause unhappiness // Whether water or fire be most useful // Which are the most crafty, water-animals or those creatures that breed upon the land? // Why the Oracles Cease to Give Answers // Αἰμίλιος Παῦλλος // Αἴτια φυσικά // Αἴτια Ἑλληνικά // Βροῦτος // Γάιος Μάριος // Γάλβας // Γάϊος Μάρκιος // Γαμικὰ παραγγέλματα // Γυναικῶν ἀρεταί // Δίων // Δημήτριος // Δημοσθένης // Εἰ αὐτάρκης ἡ κακία πρὸς κακοδαιμονίαν // Εἰ διδακτὸν ἡ ἀρετή // Εἰ καλῶς εἴρηται τὸ λάθε βιώτας // Εἰ πρεσβυτέρῳ πολιτευτέον // Εὐμένης // Θεμιστοκλῆς // Θησέως καὶ Ῥωμύλου σύγκρισις // Θησεύς // Κάμιλλος // Κάτων // Κίμων // Κίμωνος καὶ Λουκούλλος σύγκρισις // Καῖσαρ // Κεφαλαίων καταγραφή Ἑλληνικά // Κεφαλαίων καταγραφή Ῥωμαϊκά // Κράσσος // Λακαινῶν ἀποφθάγματα // Λακαινῶν ἀποφθέγματα // Λούκουλλος // Λυκούργου καὶ Νομᾶ σύγκρισις // Λυκοῦργος // Λύσανδρος // Μάρκελλος // Μάρκος Κάτων // Νικίας // Νικίου καὶ Κράσσου σύγκρισις // Νομᾶς // Παραμυθητικός εἰς τὴν γυναῖκα τὴν αὑτου // Πελοπίδας // Πελοπίδου καὶ Μαρκέλλου σύγκρισις // Περί πολυφιλίας // Περικλέους καὶ Φαβίου σύγκρισις // Περικλῆς // Περὶ Στωικῶν ἐνιγμάτων // Περὶ δεισιδαιμονίας // Περὶ δυσωπίας // Περὶ εἱμαρμένης // Περὶ εὐθυμίας // Περὶ μοναρχίας καὶ δημοκρατίας καὶ ὀλιγαρχίας // Περὶ παίδων ἀγωγῆς // Περὶ πολυπραγμοσύνης // Περὶ σαρκοφαγίας λόγος α′ // Περὶ σαρκοφαγίας λόγος β′ // Περὶ τοῦ Ε τοῦ ἐν Δελφοῖς // Περὶ τοῦ Σωκράτους δαιμονίου // Περὶ τοῦ μὴ δεῖν δανείζεσθαι // Περὶ τοῦ μὴ χρᾶν ἔμμετρα νῦν τὴν Πυθίαν // Περὶ τοῦ πρώτως ψυχροῦ // Περὶ τοῦ πότερον ὕδωρ ἢ πῦρ χρησιμώτερον // Περὶ τοῦ τὰ ἄλογα λόγῳ χρῆσθαι // Περὶ τοῦ ἀκούειν // Περὶ τοῦ ἐμφαινομένου προσώπου τῷ κύκλῳ τῆς σελήνης // Περὶ τοῦ ἑαυτὸν ἐπαινεῖν ἀνεπιφθόνως // Περὶ τοῦ ὅτι μάλιστα τοῖς ἡγεμόσι δεῖ τὸν φιλοσοφόν διαλέγεσθαι // Περὶ τύχης // Περὶ τῆς εἰς τὰ ἔκγονα φιλοστοργίας // Περὶ τῆς Ἀλεξάνδρου τύχης ἢ ἀρετῆς λόγος Α, λόγος Β // Περὶ τῆς ἐν Τιμαίῳ ψυχογονίας // Περὶ τῆς ἠθικῆς ἀρετῆς // Περὶ τῆς Ἡροδότου κακοηθείας // Περὶ τῆς Ῥωμαίων τύχης // Περὶ τῶν κοινῶν ἐννοιῶν πρὸς τοὺς Στωικοὺς // Περὶ τῶν ἐκλελοιπότων // Περὶ τῶν ὑπὸ τοῦ θείου βραδέως τιμωρουμένων // Περὶ φθόνου καὶ μίσους // Περὶ φιλαδελφίας // Περὶ φιλοπλουτίας // Περὶ φυγῆς // Περὶ ἀδολεσχίας // Περὶ ἀοπγησίας // Περὶ ἀρετῆς καὶ κακιάς // Περὶ Ἴσιδος και Ὀσίριδος // Πλατωνικὰ ζητήματα // Πολιτικὰ παραγγέλματα // Πομπήϊος // Ποπλικόλας // Ποτερον τὰ τῆς ψυχῆς ἢ τὰ τοῦ σώματος πάθη χείρονα // Πραμυθητικὸς πρὸς Ἀπολλώνιον // Πρὸς Κωλώτην // Πρὸς ἡγεμόνα ἀπαίδευτον // Πότερα τῶν ζῴων φρονιμώτερα τὰ χερσαῖα ἢ τὰ ἔνυδρα // Πότερον Ἀθηναῖοι κατὰ πόλεμον ἢ κατὰ σοφίαν ἐνδοξότεροι // Πύρρος // Πῶς δεῖ τὸν νέον ποιημάτων ἀκούειν. // Πῶς ἄν τις αἴσθοιτο ἑαυτοῦ προκόπτοντος ἐπʼ ἀρετή // Πῶς ἄν τις διακρίνειε τὸν κόλακα τοῦ φίλου // Πῶς ἄν τις ἀπ’ ἐχθρῶν ὠφελοῖτο // Σερτώριος // Συγκρίσεως Ἀριστοφάνους καὶ Μενάνδρου ἐπιτομή // Συμποσιακῶν προβλημάτων βιβλία // Συναγωγὴ ἱστοριῶν παραλλήλων Ἑλληνικῶν καὶ Ῥωμαϊκῶν // Σόλων // Σόλωνος καὶ Ποπλικόλα σύγκρισις // Σύγκρισις Δίωνος καὶ Βρούτου // Σύγκρισις Δημητρίου καὶ Ἀντωνίου // Σύγκρισις Δημοσθένους καὶ Κικέρωνος // Σύγκρισις Λυσάνδρου καὶ Σύλλα // Σύγκρισις Σερτωρίου καὶ Εὐμένους // Σύγκρισις Τιμολέοντος καὶ Αἰμιλίου // Σύγκρισις Ἄγιδος καὶ Κλεομένους καὶ τῶν Γράκχων // Σύλλας // Σύνοψις τοῦ ὅτι παραδοξότερα οἱ Στωικοὶ τῶν ποιητῶν λέγουσι // Τίτος // Τιμολέων // Τὰ παλαιὰ τῶν Λακεδαιμονίων ἐπιτηδεύματα // Τὰ παλαιὰ τῶν Λακεδαινίων ἐπιτηδεύματα // Τῶν ἑπτὰ σοφῶν συμπόσιον // Φάβιος Μάξιμος // Φιλοποίμενος καὶ Τίτου σύγκρισις // Φιλοποίμην // Φωκίων // Ἀίτια Ῥωμαϊκά // Ἀγησίλαος // Ἀγησιλάου καὶ Πομπηΐου σύγκρισις // Ἀλέξανδρος // Ἀλκιβιάδης // Ἀλκιβιάδου καὶ Κοριολὰνου σύγκρισις // Ἀντώνιος // Ἀποφθέγματα Λακωνικά // Ἀποφθέγματα βασιλέων καὶ στρατηγῶν // Ἀριστείδης // Ἀριστείδου καὶ Κάτωνος σύγκρισις // Ἀρταξέρξης // Ἄγις καὶ Κλεομένης // Ἄρατος // Ἐπιτομὴ τοῦ περὶ τῆς ἐν τῷ Τιμαίῳ ψυχογονίας // Ἐρωτικαὶ διηγήσεις // Ἐρωτικός // Ὄθων // Ὅτι οὐδ' ἡδέως ζῆν ἔστι κατ' Ἐπίκουρον // Ὑγιεινὰ παραγγέλματα // Ῥωμύλος"
tlg0008	Athenaeus	True	2	Q294923	Athenaeus	late 2nd/early 3rd century Greek rhetorician and grammarian	orator; grammarian; writer	170	223	205	year	Roman Empire;(Roman Empire)	208;209		190.0	The Deipnosophists // Δειπνοσοφισταί
tlg0010	Isocrates	True	60	Q221182	Isocrates	Greek rhetorician and writer (436–338 BC)	orator; writer	-435	-337	-400	year	Peloponnesian League	88		190.0	Aegineticus // Against Callimachus // Against Euthynus // Against Lochites // Against the Sophists // Antidosis // Archidamus // Areopagiticus // Busiris // Concerning the Team of Horses // Evagoras // Helen // Letter 1. To Dionysius // Letter 2. To Philip, I // Letter 3. To Philip, II // Letter 4. To Antipater // Letter 5. To Alexander // Letter 6. To the Children of Jason // Letter 7. To Timotheus // Letter 8. To the Rulers of the Mytilenaeans // Letter 9. To Archidamus // Nicocles or the Cyprians // On the Peace // Panathenaicus // Panegyricus // Plataicus // To Demonicus // To Nicocles // To Philip // Trapeziticus // Αἰγητικὸς // Βούσιρις // Εὐαγόρας // Κατὰ Λοχίτου // Κατὰ τῶν σοφιστῶν // Νικόκλης ἢ Κύπριοι // Παναθηναικός // Πανηγυρικός // Παραγραφή πρὸς Καλλίμαχον // Περὶ εἰρήνης // Περὶ τοῦ ζεύγους // Περὶ ἀντιδόσεως // Πλαταικός // Πρὸς Δημόνικον // Πρὸς Εὐθύνους ἀμάρτυρος // Πρὸς Νικόκλεα // Τραπεζιτικός // Φίλιππος // Ἀρεοπαγιτικός // Ἀρχίδαμος // Ἐπιστολαὶ αʹ Διονύσιῳ // Ἐπιστολαὶ βʹ Φιλίππῳ α΄ // Ἐπιστολαὶ γʹ Φιλίππῳ β΄ // Ἐπιστολαὶ δʹ Ἀντιπάτρῳ // Ἐπιστολαὶ εʹ Ἀλεξάνδρῳ // Ἐπιστολαὶ ζʹ Τιμοθέῳ // Ἐπιστολαὶ ηʹ Τοῖς Μυτιληναίων ἄρχουσιν // Ἐπιστολαὶ θʹ Ἀρχιδάμῳ // Ἐπιστολαὶ ςʹ Τοῖς Ἰάσονος παισίν // Ἑλένη
tlg0011	Sophocles	True	16	Q7235	Sophocles	ancient Greek playwright	playwright; tragedy writer; writer; priest; politician	-495	-405	-460	year				180.0	Ajax // Antigone // Electra // Ichneutae // Oedipus Tyrannus // Oedipus at Colonus // Philoctetes // Trachiniae // Tracking Satyrs // Αἴας // Οἰδίπους Τύραννος // Οἰδίπους ἐπὶ Κολωνῷ // Τραχίνιαι // Φιλοκτήτης // Ἀντιγόνη // Ἠλέκτρα
tlg0012	Homer	True	8	Q102142253	Homer Franklin Walker	Ph.D. New York University 1970	mathematician								10.0	Epigrams // Iliad // Odyssey // The Iliad // The Odyssey // Ἐπιγράμματα // Ἰλιάς // Ὀδύσσεια
tlg0013	Anonymous	True	37													Hymn 1 To Dionysus // Hymn 10 To Aphrodite // Hymn 11 To Athena // Hymn 12 To Hera // Hymn 13 To Demeter // Hymn 14 to the Mother of the Gods // Hymn 15 To Heracles the Lion-Hearted // Hymn 16 To Asclepius // Hymn 17 To the Dioscuri // Hymn 18 To Hermes // Hymn 19 To Pan // Hymn 19 to Pan // Hymn 2 To Demeter // Hymn 20 To Hephaestus // Hymn 21 To Apollo // Hymn 22 To Poseidon // Hymn 23 to Zeus // Hymn 24 To Hestia // Hymn 25 To the Muses and Apollo // Hymn 26 To Dionysus // Hymn 27 To Artemis // Hymn 28 To Athena // Hymn 29 To Hestia // Hymn 3 To Apollo // Hymn 3 To Delian Apollo // Hymn 30 To Earth // Hymn 31 To Helios // Hymn 32 To Selene // Hymn 32 To the Dioscuri // Hymn 33 To the Dioscuri // Hymn 4 To Hermes // Hymn 5 To Aphrodite // Hymn 6 To Aphrodite // Hymn 7 To Dionysus // Hymn 7 Το Dionysus // Hymn 8 To Ares // Hymn 9 To Artemis
tlg0014	Demosthenes	True	126	Q117253	Demosthenes	classical Athenian statesman and orator (384–322 BC)	orator; diplomat; writer; politician	-383	-321	-348	year	Second Athenian League	107		220.0	Against Androtion // Against Apaturius // Against Aphobus I // Against Aphobus II // Against Aphobus III // Against Aristocrates // Against Aristogeiton I // Against Aristogeiton II // Against Boeotus I // Against Boeotus II // Against Callicles // Against Conon // Against Dionysodorus // Against Eubulides // Against Evergus And Mnesibulus // Against Lacritus // Against Leochares // Against Leptines // Against Macartatus // Against Meidias // Against Nausimachus and Xenopeithes // Against Olympiodorus // Against Onetor I // Against Onetor II // Against Pantaenetus // Against Phaenippus // Against Phormio // Against Spudias // Against Theocrines // Against Timocrates // Against Zenothemis // Answer to Philip’s Letter // Apollodorus Against Callipus // Apollodorus Against Neaera // Apollodorus Against Nicostratus // Apollodorus Against Polycles // Apollodorus Against Stephanus I // Apollodorus Against Stephanus II // Apollodorus Against Timotheus // Exordia // First Olynthiac // First Philippic // For Phormio // For the Liberty of the Rhodians // For the People of Megalopolis // Fourth Philippic // Letters // On Halonnesus // On Organization // On The Trierarchic Crown // On the Chersonese // On the Crown // On the Embassy // On the Navy-Boards // On the Peace // On the Treaty with Alexander // Philip’s Letter // Second Olynthiac // Second Philippic // The Erotic Essay // The Funeral Speech // Third Olynthiac // Third Philippic // Δημοσθένους ἐπιστολαὶ // κατὰ Διονυσοδώρου βλάβης // κατὰ Εὐέργου καὶ Μνησιβούλου ψευδομαρτυριῶν // κατὰ Κόνωνος αἰκείας // κατὰ Μειδίου περὶ τοῦ Κονδύλου // κατὰ Νεαίρας // κατὰ Στεφάνου ψευδομαρτυριῶν α΄ // κατὰ Στεφάνου ψευδομαρτυριῶν β΄ // κατὰ Τιμοκράτους // κατὰ Φιλίππου α΄ // κατὰ Φιλίππου β΄ // κατὰ Φιλίππου γ΄ // κατὰ Φιλίππου δ΄ // κατὰ Ἀνδροτίωνος παρανόμων // κατὰ Ἀριστογείτονος α΄ // κατὰ Ἀριστογείτονος β΄ // κατὰ Ἀριστοκράτους // κατὰ Ἀφόβου β΄ // κατὰ Ἀφόβου ἐπιτροπῆς α΄ // κατὰ Ὀλυμπιοδώρου βλάβης // παραγραφὴ πρὸς Ναυσίμακον καὶ Ξενοπείθην // παραγραφὴ πρὸς Πανταίνετον // παραγραφὴ ὑπὲρ Φορμίωνος // περὶ συντάξεως // περὶ τοῦ Στεφάνου τῆς τριηραρκίας // περὶ τῆς εἰρήνης // περὶ τῆς παραπρεσβείας // περὶ τῆς Ἀτελείας πρὸς Λεπτίνην // περὶ τῶν πρὸς Ἀλέξανδρον συνθηκῶν // περὶ τῶν συμμοριῶν // περὶ τῶν ἐν Χερρονήσῳ // περὶ Ἀλοννήσου // προοίμια δημηγορικά // πρὸς Βοιωτὸν περὶ προικὸς μητρῴας // πρὸς Βοιωτὸν περὶ τοῦ Ὀνόματος // πρὸς Ζηνόθεμιν παραγραφή // πρὸς Κάλλιππον // πρὸς Καλλικλέα περὶ χωρίου βλάβης // πρὸς Λεωκάρη περὶ τοῦ Ἀρχιάδου κλήρου // πρὸς Μακάρτατον περὶ Ἁγνίου κλήρου // πρὸς Νικόστρατον περὶ ἀνδραπόδων ἀπογραφῆς Ἀρεθουσίου // πρὸς Πολυκλέα περὶ τοῦ ἐπιτριηραρχήματος // πρὸς Σπουδίαν ὑπὲρ προικός // πρὸς Τιμόθεον ὑπὲρ χρέως // πρὸς Φαίνιππον περὶ ἀντιδόσεως // πρὸς Φορμίωνα ὑπὲρ δανείου // πρὸς τὴν Λάκριτον παραγραφὴν // πρὸς τὴν ἐπιστολήν τὴν Φιλίππου // πρὸς Ἀπατούριον παραγραφή // πρὸς Ἄφοβον ὑπὲρ Φάνου ψευδομαρτυριῶν γ΄ // πρὸς Ὀνήτορα ἐξούλης α΄ // πρὸς Ὀνήτορα ἐξούλης β΄ // ἐπιστολή [Φιλίππου] // ἐπιτάφιος // ἐρωτικὸς // ἔνδειξις κατὰ Θεοκρίνου // ἔφεσις πρὸς Εὐβουλίδην // Ὀλυνθιακὸς α΄ // Ὀλυνθιακὸς β΄ // Ὀλυνθιακὸς γ΄ // ὑπὲρ Κτησιφῶντος περὶ τοῦ στεφάνου // ὑπὲρ Μεγαλοπολιτῶν // ὑπὲρ τῆς Ῥοδίων ἐλευθερίας
tlg0016	Herodotus	True	2	Q26825	Herodotus	Greek historian and geographer (c.484–c.425 BC)	historian	-483	-424	-448	year				200.0	The Histories // Ἱστορίαι
tlg0017	Isaeus	True	24	Q365097	Isaeus	4th-century BC Greek orator	orator; speechwriter	-419	-339	-384	year	Peloponnesian League	88		180.0	On Behalf of Euphiletus // On The Estate Of Pyrrhus // On The Estate of Apollodorus // On The Estate of Aristarchus // On The Estate of Ciron // On The Estate of Cleonymus // On the Estate of Astyphilus // On the Estate of Dicaeogenes // On the Estate of Hagnias // On the Estate of Menecles // On the Estate of Nicostratus // On the Estate of Philoctemon // Περὶ τοῦ Απολλοδώρου κλήρου // Περὶ τοῦ Δικαιογένους κλήρου // Περὶ τοῦ Κίρωνος κλήρου // Περὶ τοῦ Κλεωνύμου κλήρου // Περὶ τοῦ Μενεκλέους κλήρου // Περὶ τοῦ Νικοστράτου κλήρου (ἐπίλογος) // Περὶ τοῦ Πύρρου κλήρου // Περὶ τοῦ Φιλοκτήμονος κλήρου // Περὶ τοῦ Ἀστυφίλου κλήρου // Περὶ τοῦ Ἁγνίου κλήρου // Πρὸς Ξεναίνετον περὶ τοῦ Ἀριστάρχου κλήρου // Υπὲρ Εὐφιλήτου
tlg0019	Aristophanes	True	13	Q43353	Aristophanes	Classical Athenian comic playwright (c. 446 – c. 386 BC)	comedy writer; playwright; writer; poet	-444	-384	-409	year				230.0	Birds // Clouds // Βάτραχοι // Εἰρήνη // Θεσμοφοριάζουσαι // Λυσιστράτη // Νεφέλαι // Πλοῦτος // Σφῆκες // Ἀχαρνῆς // Ἐκκλησιάζουσαι // Ἱππῆς // Ὄρνιθες
tlg0020	Hesiod	True	6	Q44233	Hesiod	ancient Greek poet of the archaic period	mythographer; writer; poet; rhapsode	-775		-740	year	Greek City-States	35		210.0	Shield of Heracles // Theogony // Works and Days // Θεογονία // Ἀσπὶς Ἡρακλέους // Ἔργα καὶ Ἡμέραι
tlg0023	Oppian	True	1	Q116508	Oppian	2nd-century Greco-Roman poet, author of Halieutica	writer; poet	101		136	century	Roman Empire;(Roman Empire)	208;209		170.0	Ἁλιευτικά
tlg0024	Oppian of Apamea	True	1	Q116508	Oppian	2nd-century Greco-Roman poet, author of Halieutica	writer; poet	101		136	century	Roman Empire;(Roman Empire)	208;209		170.0	Κυνηγετικά
tlg0026	Aeschines	True	6	Q317089	Aeschines	Greek orator and statesman (4th century BCE)	orator; diplomat; writer; politician	-389	-321	-354	year	Second Athenian League	107		220.0	Against Ctesiphon // Against Timarchus // On the Embassy // Κατά Κτησιφώντος // Κατὰ Τιμάρχου // Περὶ τῆς παραπρεσβείας
tlg0027	Andocides	True	8	Q492228	Andocides	5th c. BCE Athenian politician and admiral	politician	-489	-500	-500	century	Greek City-States	35		200.0	Against Alcibiades // On His Return // On the Mysteries // On the Peace with Sparta // Κατὰ Ἀλκιβιάδου // Περὶ τῆς πρὸς Λακεδαιμονίους εἰρήνης // Περὶ τῆς ἑαυτοῦ καθόδου // Περὶ τῶν μυστηρίων
tlg0028	Antiphon	True	12	Q15078686	Antiphon	ancient Athenian philosopher	mathematician; writer; philosopher	-500	-500	-500	century	Greek City-States	35		190.0	On the Choreutes // On the Murder of Herodes // Prosecution Of The Stepmother For Poisoning // The First Tetralogy: Anonymous Prosecution for Murder // The Second Tetralogy: Prosecution for Accidental Homicide // The Third Tetralogy: Prosecution for Murder Of One Who Pleads That He Was Acting in Self-Defence // Περὶ τοῦ χορευτοῦ // Περὶ τοῦ Ἡρῷδου φόνου // Τετραλογία Α΄ // Τετραλογία Β΄ // Τετραλογία Γ΄ // Φαρμακείας κατὰ τῆς μητρυιᾶς
tlg0029	Dinarchus	True	6	Q473421	Dinarchus	4th-century BC Greek speechwriter	orator	-359	-291	-324	year				180.0	Against Aristogiton // Against Demosthenes // Against Philocles // Κατὰ Δημοσθένους // Κατὰ Φιλοκλέους // Κατὰ Ἀριστογείτονος
tlg0030	Hyperides	True	12													Against Athenogenes // Against Demosthenes // Against Philippides // Funeral Speech // In Defence of Euxenippus // In Defence of Lycophron // Κατὰ Δημοσθένους ὑπὲρ τῶν Ἁρπαλείων // Κατὰ Φιλιππίδου // Κατ᾽ Ἀθηνογένους // Ἀπολογία ὑπὲρ Λυκόφρονος // Ἐπιτάφιος // Ὑπὲρ Εὐξενίππου ἐισαγγελίας ἀπολογία πρὸς Πολύευκτον
tlg0031	New Testament	True	54													1 Corinthians // 1 John // 1 Peter // 1 Timothy // 2 Corinthians // 2 John // 2 Peter // 2 Timothy // 3 John // Acts // Apocalypse // Colossians // Ephesians // Galatians // Hebrews // I Thessalonians // II Thessalonians // James // John // Jude // Luke // Mark // Matthew // Philemon // Philippians // Romans // Titus // Γαλάτας // Θεσσαλονικείς Α′ // Θεσσαλονικείς Β′ // Κολασσαείς // Κορίνθιους Α′ // Κορίνθιους Β′ // Λουκᾶν // Μάρκον // Ματθαίος // Πέτρου B′ // Πέτρου Α′ // Πράξεις // Ρωμαίους // Τίτον // Τιμόθεον B′ // Τιμόθεον Α′ // Φιλήμονα // Φιλιππηνίους // Ἀποκάλυψις // Ἐφεσίους // Ἑβραίους // Ἰακώβου // Ἰούδου // Ἰωάννην // Ἰωάννου Α′ // Ἰωάννου Β′ // Ἰωάννου Γ′
tlg0032	Xenophon	True	14	Q129772	Xenophon	Greek philosopher, historian, soldier (c. 430–355/354 BC)	mercenary; historian; writer; military personnel; philosopher	-429	-353	-394	year	Peloponnesian League	88		210.0	Agesilaus // Anabasis // Apology // Constitution of the Lacedaemonians // Cyropaedia // Economics // Hellenica // Hiero // Memorabilia // On Hunting // On the Art of Horsemanship // On the Cavalry Commander // Symposium // Ways and Means
tlg0033	Pindar	True	8	Q134929	Pindar	ancient Greek lyric poet	mythographer; writer; poet	-516	-436	-481	year	Greek City-States	35		200.0	Isthmian Odes // Nemean Odes // Olympian Odes // Pythian Odes // Νεμεονῖκαι // Πυθιονῖκαι // Ἰσθμιονῖκαι // Ὀλυμπιονῖκαι
tlg0034	Lycurgus	True	2	Q373685	Lycurgus of Athens	4th century BCE Greek politician and orator	orator; writer; politician	-389	-323	-354	year	Second Athenian League	107		120.0	Against Leocrates // Κατὰ Λεωκράτους
tlg0035	Moschus	False	5	Q957548	Moschus	ancient Greek poet	writer; poet	-200	-200	-200	century				200.0	Fragmenta // Εὐρώπη // Μεγάρα // Ἐπιτάφιος Βίωνος // Ἔρως δραπέτης
tlg0036	Bion of Phlossa	False	3	Q463364	Bion of Smyrna	1st century BC Greek bucolic poet	writer; poet	-119	-56	-84	year	Kingdom of Pontus	137		200.0	Fragmenta // Αδώνιδος επιτάφιος // Μύρσων καὶ Λυκίδας
tlg0057	Galen	True	2	Q8778	Galen	1st-century Greek physician, surgeon and philosopher	physician; philosopher; physician writer; neuroscientist; surgeon; biologist	129	300	164	month	Roman Empire;(Roman Empire)	208;209		160.0	On the Natural Faculties. // Περί φυσικῶν δυνάμεων
tlg0058	Aeneas Tacticus	False	1	Q405969	Aeneas Tacticus	4th century BC Greek writer	military writer	-500	-400	-465	century				190.0	Περὶ τοῦ πῶς χρὴ πολιορκουμένους ἀντέχειν
tlg0059	Plato	True	72	Q859	Plato	4th-century BCE Greek philosopher	philosopher of law; epigrammatist; writer; philosopher; poet	-428	-348	-393	day	Peloponnesian League	88		230.0	Alcibiades 1 // Alcibiades 2 // Apology // Charmides // Cleitophon // Cratylus // Critias // Crito // Epinomis // Euthydemus // Euthyphro // Gorgias // Hipparchus // Hippias Major // Hippias Minor // Ion // Laches // Laws // Letters // Lovers // Lysis // Menexenus // Meno // Minos // Parmenides // Phaedo // Phaedrus // Philebus // Protagoras // Republic // Sophist // Statesman // Symposium // Theaetetus // Theages // Timaeus // Γοργίας // Εὐθύδημος // Εὐθύφρων // Θεάγης // Θεαίτητος // Κλειτοφῶν // Κρίτων // Κρατύλος // Κριτίας // Λάχης // Λύσις // Μένων // Μίνως // Μενέξενος // Νόμοι // Παρμενίδης // Πολιτεία // Πολιτικός // Πρωταγόρας // Σοφιστής // Συμπόσιον // Τίμαιος // Φίληβος // Φαίδων // Φαῖδρος // Χαρμίδης // Ἀλκιβιάδης αʹ // Ἀλκιβιάδης βʹ // Ἀπολογία Σωκράτους // Ἐπινομίς // Ἐπιστολαί // Ἐρασταί // Ἱππίας μείζων // Ἱππίας ἐλάττων // Ἴων // Ἵππαρχος
tlg0060	Diodorus Siculus	True	3	Q171241	Diodorus Siculus	1st-century BC Greek historian	historian; mythographer; geographer	-89	-19	-54	year				200.0	Βιβλιοθήκη Ἱστορική (Books 1-5) // Βιβλιοθήκη Ἱστορική (Books 11-17) // Βιβλιοθήκη Ἱστορική (Books 18-20)
tlg0061	Pseudo-Lucian	True	4	Q177847	Lucian of Samosata	2nd-century Syrian satirist and rhetorician	writer; philosopher; poet; biographer; satirist	120	180	155	year	Kingdom of Osroene	197		190.0	Demosthenes an Encomium // Loukios, Or, the Ass // The Cynic // The Halcyon
tlg0062	Lucian	True	208	Q102243707	Lucian Ionescu	Romanian American mathematical physicist	mathematics teacher					Romania	1577		20.0	"A Chapter of Autobiography // A Conversation with Cronus // A Feast of Lapithae // A Literary Prometheus // A Portrait-study // A Professor of Public Speaking // A Slip of the Tongue in Greeting // A Slip of the Tongue in Salutation // A True History // A True Story // A Word with Hesiod // A conversation with Hesiod // Alexander the False Prophet // Alexander the Oracle-monger // Amber, or the Swan // Anacharsis, a Discussion of Physical Training // Anacharsis, or Athletics // Apology For ‘the Dependent Scholar’ // Astrology // Charon // Charon, or the Inspectors // Defence of the ‘portrait-study’ // Demonax // Dialogues of the Courtesans // Dialogues of the Dead // Dialogues of the Gods // Dialogues of the Hetaerae // Dialogues of the Sea-gods: // Dionysus, an Introductory Lecture // Dionysus: an Introduction // Dipsas, the Thirst-snake // Disowned // Essays in Portraiture // Essays in Portraiture Defended // Harmonides // Heracles, an Introductory Lecture // Heracles: an Introduction // Hermotimus, or the Rival Philosophies // Herodotus and Aetion // Herodotus or Aëtion // Hippias, or the Bath // How to write history // Icaromenippus, an Aerial Expedition // Icaromenippus, or the Sky-man // Lexiphanes // Life of Demonax // Menippus // Menippus, or the Descent Into Hades // My Native Land // Nigrinus // Octogenerians // Of Mourning // Of Pantomime // Of Sacrifice // On Funerals // On Sacrifices // On Salaried Posts in Great Houses // Patriotism // Phalaris // Phalaris, I // Philosophies for Sale // Prometheus // Prometheus on Caucasus // Remarks Addressed To an Illiterate Book-fancier // Sale of Creeds // Saturnalia // Slander, a Warning // Slander: on not Being Quick to Put Faith in it // Swans and Amber // The Carousal, or the Lapiths // The Cock // The Consonants at Law Sigma Vs. Tau, in the Court of the Seven Vowels // The Dance // The Dead Come to Life, or the Fisherman // The Death of Peregrine // The Dependent Scholar // The Dipsads // The Disinherited // The Double Indictment // The Downward Journey, or the Tyrant // The Dream // The Dream or Lucian’s Career // The Dream, or the Cock // The Eunuch // The Ferry // The Fisher // The Fly // The Fly, an Appreciation // The Goddesse of Surrye // The Gods in Council // The Hall // The Ignorant Book Collector // The Judgement of the Goddesses // The Liar // The Lover of Lies, or the Doubter Tychiades // The Mistaken Critic, or a Discourse on the Word // The Parasite Tychiades // The Parasite: a Demonstration that Sponging is a Profession // The Parliament of the Gods // The Passing of Peregrinus // The Purist Purized // The Rhetorician’s Vade Mecum // The Runaways // The Sale of Lives // The Scythian // The Scythian or Consul // The Ship: Or, the Wishes // The True History // The Tyrannicide // The Way To Write History // The ship or the wishes // Timon the Misanthrope // Timon, or the Misanthrope // To one who said ""You're a Prometheus in words."" // Toxaris, or Friendship // Toxaris: a Dialogue of Friendship // Toxaris; Or, Friendship // Trial in the Court of Vowels // Voyage To the Lower World // Zeus Catechized // Zeus Cross-examined // Zeus Rants // Zeus Tragoedus // Zeus the Tragedian // Zeuxis and Antiochus // Zeuxis or Antiochus // Βίων Πρᾶσις // Δίκη Συμφώνων // Δημώνακτος Βίος // Διάλογος πρὸς Ἡσίοδον // Δραπέται // Δὶς κατηγορούμενος // Εἰκόνες // Εὐνοῦχος // Ζεύξις ἢ Ἀντίοχος // Ζεὺς Τραγῳδός // Ζεὺς ἐλεγχόμενος // Ζεῦξις ἢ Ἀντίοχος // Θεῶν Διάλογοι // Θεῶν Κρίσις // Θεῶν διάλογοι // Θεῶν Ἐκκλησία // Κατάπλους ἢ Τύραννος // Λεξιφάνης // Μένιππος ἢ Νεκυομαντεία // Μακρόβιοι // Μυίας Ἐγκώμιον // Νεκρικοὶ Διάλογοι // Νεκρικοὶ διάλογοι // Νιγρίνου Φιλοσοφία // Πατρίδος Ἐγκώμιον // Περὶ Θυσιῶν // Περὶ Πένθους // Περὶ τοῦ Οἴκου // Περὶ τοῦ Παρασίτου ὅτι Τέχνη ἡ Παρασιτική // Περὶ τοῦ μὴ ῥᾳδίως πιστεύειν Διαβολῇ // Περὶ τοῦ Ἐνυπνίου ἤτοι Βίος Λουκιανοῦ // Περὶ τοῦ Ἡλέκτρου ἢ Κύκνων // Περὶ τῆς Περεγρίνου Τελευτῆς // Περὶ τῆς Συρίης Θεοῦ // Περὶ τῆς Ἀστρολογίας // Περὶ τῶν Διψάδων // Περὶ τῶν διψάδων // Περὶ τῶν ἐν Μισθῷ συνόντων // Περὶ Ὀρχήσεως // Πλοῖον ἢ Εὐχαί // Πλοῖον ἢΕυχαί // Ποδάγρα // Προλαλιά. Διόνυσος // Προλαλιά. Ἡρακλῆς // Προμηθεύς // Πρὸς τὸν εἰπόντα Προμηθεὺς εἶ ἐν λόγοις // Πρὸς τὸν εἰπόντα, Προμηθεὺς εἴ εἶ ἐν λόγοις // Πρὸς τὸν ἀπαίδευτον καὶ πολλὰ βιβλία ὠνούμενον // Πῶς δεῖ ἱστορίαν συγγράφειν // Πῶς δεῖ Ἱστορίαν συγγράφειν // Σκύθης ἢ Πρόξενος // Σκύθης ἢ πρόξενος // Συμπόσιον ἢ Λαπίθαι // Τίμων // Τυραννοκτόνος // Τόξαρις ἢ Φιλία // Τὰ πρὸς Κρόνον // Φάλαρις // Φιλοψευδὴς ἢ Ἀπιστῶν // Χάρων ἢ Ἐπισκοποῦντες // Ψευδολογιστής // Ψευδοσοφιστής ἢ Σολοικιστής // Ἀλέξανδρος ἢ Ψευδόμαντις // Ἀληθῶν Διηγημάτων // Ἀνάχαρσις ἢ Περὶ Γυμνασίων // Ἀναβιοῦντες ἢ Ἁλιεύς // Ἀποκηρυττόμενος // Ἀπολογία // Ἁρμονίδης // Ἐνάλιοι Διάλογοι // Ἐνάλιοι διάλογοι // Ἑρμότιμος ἢ Περὶ Αἱρέσεων // Ἑταιρικοὶ Διάλογοι // Ἑταιρικοὶ διάλογοι // Ἡρόδοτος ἢ Ἀετίων // Ἰκαρομένιππος ἢ Ὑπερνέφελος // Ἱππίας ἢ Βαλανεῖον // Ὄνειρος ἢ Ἀλεκτρυών // Ὑπέρ τοῦ ἐν τῇ προσαγορεύσει πταισμάτως // Ὑπὲρ τοῦ ἐν τῇ Προσαγορεύσει Πταίσματος // Ὑπὲρ τῶν Εἰκόνων // Ῥητόρων Διδάσκαλος"
tlg0074	Arrian	False	6	Q31845	Arrian	2nd century Greek historian, official and philosopher	historian; writer; military personnel; philosopher; politician	95	180	130	year	Roman Empire;(Roman Empire)	208;209		200.0	Acies Contra Alanos // Κυνηγετικός // Περίπλους τοῦ Εὐξείνου Πόντου // Τέχνη τακτική // Ἀλεξάνδρου Ἀνάβασις // Ἰνδική
tlg0081	Dionysius of Halicarnassus	False	13	Q26204	Dionysius of Halicarnassus	1st-century BC Greek historian and teacher	orator; grammarian; historian; writer; rhetorician	-59	-6	-24	year	Roman Empire;(Roman Empire)	208;209		230.0	Libri secundi de antiquis oratoribus reliquiae // Λυσίας συρακούσιος πατρόθεν // Περί της Δημοσθένους λέξεως // Περὶ Δεινάρχου // Περὶ Θουκιδίδου // Περὶ συνθέσεως ὀνομάτων // Περὶ τῶν Θουκιδίδου ἰδιωμάτων πρὸς Ἀμμαῖον // Περὶ τῶν ἀρχαίων ῥητόρων // Ἐπιστολὴ πρὸς Πομπήιον // Ἐπιστολὴ πρὸς Ἀμμαῖον // Ἰσαῖος Ἀθηναῖος // Ἰσοκρατης Ἀθηναῖος // Ῥωμαϊκὴ Ἀρχαιολογία
tlg0085	Aeschylus	True	14	Q40939	Aeschylus	ancient Athenian playwright	warrior; playwright; tragedy writer; writer	-524	-455	-489	year	Greek City-States	35		190.0	Agamemnon // Eumenides // Libation Bearers // Persians // Prometheus Bound // Seven Against Thebes // Suppliant Maidens // Εὐμενίδες // Πέρσαι // Προμηθεὺς δεσμώτης // Χοηφóρoι // Ἀγαμέμνων // Ἑπτὰ ἐπὶ Θήβας // Ἱκέτιδες
tlg0086	Aristotle	True	17	Q868	Aristotle	4th-century BCE Classical Greek philosopher and polymath	philosopher	-383	-321	-348	year	Thebans	110		230.0	"Ars Poetica // Economics // Eudemian Ethics // Metaphysics // Nicomachean Ethics // Poetics // Politics // The ""Art"" of Rhetoric // Οἰκονομικά // Περὶ ποιητικῆς // Πολιτικά // περὶ Ἀρετῶν καὶ Κακιῶν // τὰ Μετὰ τὰ Φυσικά // Ἀθηναίων πολιτεία // Ἠθικὰ Εὐδήμεια // Ἠθικὰ Νικομάχεια // Ῥητορική"
tlg0090	Agathemerus	False	1	Q515542	Agathemerus	ancient Greek geographer	geographer	250	300	285	century	Roman Empire;(Roman Empire)	208;209		150.0	Geographiae Informatio
tlg0093	Theophrastus	False	1	Q160362	Theophrastus	Greek philosopher (c.371-c.287 BC)	physicist; botanist; writer; philosopher	-370	-286	-335	year				200.0	Χαρακτῆρες
tlg0094	Pseudo-Plutarch	True	5	Q41523	Plutarch	Greek philosopher and historian (c. AD 46 – after AD 119)	essayist; historian; writer; priest; magistrate; philosopher; biographer	40	120	75	year	Roman Empire;(Roman Empire)	208;209		190.0	Concerning Music // Of Those Sentiments Concerning Nature with which Philosophers were Delighted // Of the Names of Rivers and Mountains, and of Such Things as are to be Found Therein // Περὶ τῶν ἀρεσκόντων τοῖς φιλοσόφοις φυσικῶν δογμάτων // περὶ Μουσικῆς
tlg0099	Strabo	True	3	Q45936	Strabo	Greek geographer, philosopher and historian (64/63 BC–c.24 AD)	historian; writer; philosopher; geographer	-62	23	-27	year				200.0	Geography // Geography (Books 6-14) // Γεωγραφικά
tlg0199	Bacchylides	True	4	Q310681	Bacchylides	Greek lyric poet (c. 518 – c. 451 BC)	dithyrambic poet; epigrammatist; writer; poet	-515	-450	-480	year	Greek City-States	35		200.0	Dithyrambs // Epinicians // Διθύραμβοι // Ἐπίνικοι
tlg0284	Aelius Aristides	False	56	Q354431	Aelius Aristides	2nd century Greek rhetorician and author	writer; philosopher	117	189	152	day	Roman Empire;(Roman Empire)	208;209		180.0	Αἰγύπτιος // Διόνυσος // Εἰς Δία // Εἰς βασιλέα [sp.] // Εἰς τὸ Αἰγαῖον πέλαγος // Εἰς τὸ φρέαρ τοῦ Ἀσκληπιοῦ // Εἰς τὸ ἐναντίον // Εἰς τὸν Σάραπιν // Κατὰ τῶν ἐξορχουμένων // Λαλιὰ εἰς Ἀσκληπιόν // Λευκτρικὸς Α. (ὑπὲρ Λακεδαιμονίων πρῶτος) // Λευκτρικὸς Β. (ὑπὲρ Θηβαίων πρῶτος) // Λευκτρικὸς Γ. (ὑπὲρ Λακεδαιμονίων δεύτερος) // Λευκτρικὸς Δ. (ὑπὲρ Θηβαίων δεύτερος) // Λευκτρικὸς Ε. (ὑπὲρ μηδετέροις βοηθεῖν) // Μονῳδία ἐπὶ Σμύρνῃ // Παλινῳδία ἐπὶ Σμύρνῃ καὶ τῷ ταύτης ἀνοικισμῷ // Παναθηναϊκός // Πανηγυρικὸς ἐν Κυζίκῳ περὶ τοῦ ναοῦ // Πανηγυρικὸς ἐπὶ τῷ ὕδατι ἐν Περγάμῳ // Περὶ πολιτικοῦ λόγου // Περὶ τοῦ πέμπειν βοήθειαν τοῖς ἐν Σικελίᾳ // Περὶ τοῦ παραφθέγματος // Περὶ ὁμονοίας ταῖς πόλεσιν // Πρεσβευτικὸς πρὸς Ἀχιλλέα // Προσφωνητικός Σμυρναϊκός // Πρὸς Δημοσθένη περὶ ἀτελείας // Πρὸς Καπίτωνα // Πρὸς Λεπτίνην ὑπὲρ ἀτελείας // Πρὸς Πλάτωνα περὶ ῥητορικῆς // Πρὸς Πλάτωνα ὑπὲρ τῶν τεττάρων // Πρὸς τοὺς αἰτιωμένους ὅτι μὴ μελετῴη // Σμυρναϊκὸς πολιτικός // Συμβουλευτικὸς περὶ τοῦ μὴ δεῖν κωμῳδεῖν // Συμμαχικὸς Α. // Συμμαχικὸς Β. (πρὸς Θηβαίους περὶ τῆς συμμαχίας) // εἰς Ἐτεωνέα ἐπικήδειος // Ἀθηνᾶ // Ἀπελλᾶ γενεθλιακός // Ἀσκληπιάδαι // Ἐλευσίνιος // Ἐπιστολὴ περὶ Σμύρνης // Ἐπὶ Ἀλεξάνδρῳ ἐπιτάφιος // Ἡρακλῆς // Ἰσθμικὸς εἰς Ποσειδῶνα // Ἱεροὶ λόγοι δεύτερος // Ἱεροὶ λόγοι πέμπτος // Ἱεροὶ λόγοι πρῶτος // Ἱεροὶ λόγοι τέταρτος // Ἱεροὶ λόγοι τρίτος // Ἱεροὶ λόγοι ἕκτος // Ὑπὲρ τῆς πρὸς Λακεδαιμονίους εἰρήνης // Ὑπὲρ τῆς πρὸς Ἀθηναίους εἰρήνης // Ῥοδίοις περὶ ὁμονοίας // Ῥοδιακός [sp.] // Ῥώμης ἐγκώμιον
tlg0341	Lycophron	True	1	Q432737	Lycophron	4th-century BC Greek poet	tragedy writer; writer; poet	-319	-279	-284	year				200.0	Ἀλεξάνδρα
tlg0363	Claudius Ptolemy	True	1	Q34943	Ptolemy	2nd-century Roman mathematician, astronomer, geographer	astronomer; musicologist; astrologer; music theorist; mathematician; epigrammatist; writer; philosopher; geographer	100	170	135	year	Roman Empire;(Roman Empire)	208;209		200.0	Τετράβιβλος
tlg0385	Cassius Dio Cocceianus	True	1	Q185223	Cassius Dio	Greco-Roman statesman and historian (c. 155–c. 235)	historian; military personnel; politician	150	235	185	year	Roman Empire;(Roman Empire)	208;209		160.0	Ῥωμαϊκὴ Ἱστορία (Books 36-55)
tlg0525	Pausanias	True	2	Q192931	Pausanias	ancient Greek geographer, travel writer and mythographer	travel writer; writer; geographer	115	180	150	year	Roman Empire;(Roman Empire)	208;209		170.0	Description of Greece // Ἑλλάδος Περιηγήσεως
tlg0526	Flavius Josephus	True	8	Q134461	Josephus	Roman–Jewish historian and military leader (c. 37–c. 100)	historian; writer	37	100	72	year	Roman Empire;(Roman Empire)	208;209		170.0	Against Apion // Antiquities of the Jews // The Life of Flavius Josephus // The Wars of the Jews // περὶ ἀρχαιότητος Ἰουδαίων // Ἰουδαϊκοῦ πολέμου πρὸς Ῥωμαίους // Ἰουδαϊκὴ ἀρχαιολογία // Ἰωσήπου βίος
tlg0527	Old Testament	True	39													Amos // Canticle // Daniel // Deuteronomy // Ecclesiastes // Esther // Exodus // Ezekiel // Ezra // Genesis // Habakkuk // Haggai // Hosea // I Chronicles // I Kings // I Samuel // II Chronicles // II Kings // II Samuel // Isaiah // Jeremiah // Job // Joel // Jonah // Joshua // Judges // Lamentations // Leviticus // Malachi // Micah // Nahum // Nehemiah // Numbers // Obadiah // Proverbs // Psalms // Ruth // Zechariah // Zephaniah
tlg0532	Achilles Tatius	False	1	Q221951	Achilles Tatius	ancient Greek novellist	writer	200	300	235	century	Roman Empire;(Roman Empire)	208;209		150.0	τὰ κατὰ Λευκίππην καὶ Kλειτoφῶντα
tlg0533	Callimachus	True	7	Q192417	Callimachus	3rd-century BC Greek poet, scholar and librarian	elegist; librarian; mythographer; epigrammatist; writer; poet	-305	-239	-270	year	Cyrenaica	117		200.0	εἰς Απόλλωνα // εἰς Δήμητρα // εἰς Δία // εἰς Δῆλον // εἰς Λουτρά τῆς Παλλάδος // εἰς Ἄρτεμιν // Ἐπιγράμματα
tlg0535	Demades	True	2	Q211430	Demades	Athenian orator	orator; politician	-380	-316	-345	decade	Second Athenian League	107		170.0	On the Twelve Years // Ὑπὲρ τῆς δωδεκαετίας
tlg0540	Lysias	True	68	Q310164	Lysias	Athenian orator (c. 445 – c. 380 BC)	orator; logographer; writer	-444	-379	-409	year				200.0	Accusation of Calumny // Against Agoratus // Against Alcibiades 1 // Against Alcibiades 2 // Against Andocides // Against Diogeiton // Against Epicrates and his Fellow-envoys // Against Eratosthenes // Against Ergocles // Against Nicomachus // Against Pancleon // Against Philocrates // Against Philon // Against Simon: Defense // Against The Corn-Dealers // Against The Subversion of the Ancestral Constitution // Against Theomnestus 1 // Against Theomnestus 2 // Before the Areopagus: Defense in the Matter of the Olive Stump // Defence Against A Charge Of Taking Bribes // Defense Against a Charge of Subverting the Democracy // For Callias // For Polystratus // For The Soldier // Funeral Oration // In Defense of Mantitheus // Olympic Oration // On A Wound By Premeditation // On The Property Of Eraton // On The Property Of The Brother Of Nicias: Peroration // On The Refusal Of A Pension // On the Murder of Eratosthenes // On the Property of Aristophanes // On the Scrutiny of Evandros // Ολυμπιακός // Πρὸς τὴν εἰσαγγελίαν περὶ τοῦ μὴ δίδοσθαι τῷ ἀδυνάτῳ ἀργύριον // δήμου καταλύσεως ἀπολογία // κατηγορία πρὸς τοὺς συνουσιαστὰς κακολογιῶν // κατὰ Διογείτονος // κατὰ Ερατοσθένους τοῦ γενομένου τῶν τριάκοντα, ὃν αὐτὸς εἶπε Λυσίας // κατὰ Νικομάχου γραμματέως εὐθυνῶν κατηγορία // κατὰ Παγκλέωνος ὅτι οὐκ ἦν Πλαταιεύς // κατὰ Φίλωνος δοκιμασίας // κατὰ Φιλοκράτους ἐπίλογος // κατὰ θεομν́ηστου, Β // κατὰ θεομνήστου, Α // κατὰ τῶν σιτοπωλῶν // κατὰ Ἀγοράτου ἐνδείξεως // κατὰ Ἀλκιβιάδου λιποταξίου // κατὰ Ἀλκιβιάδου ἀστρατείας // κατὰ Ἐπικράτους καὶ τῶν συμπρεσβευτῶν ἐπίλογος ὡς Θεόδωρος // κατὰ Ἐργοκλέους ἐπίλογος // κατ᾽ Ἀνδοκίδου ἀσεβείας // περὶ τοῦ μὴ καταλῦσαι τὴν πάτριον πολιτείαν Αθήνησι // περὶ τραύματος ἐκ προνοίας, ὑπὲρ οὗ καὶ πρὸς ὃν ἄδηλον // περὶ τῆς Εὐάνδρου δοκιμασίας // περὶ τῆς δημεύσεως τῶν τοῦ Νικίου ἀδέλφου ἐπίλογος // περὶ τῶν Ἐράτωνος χρημάτων: πρὸς τὸ δημόσιον // πρὸς Σίμωνα ἀπολογία // ἀπολογία δωροδοκίας ἀπαράσημος // Ἀρεοπαγιτικὸς περὶ τοῦ σηκοῦ ἀπολογία // ἐν βουλῇ Μαντιθέῳ δοκιμαζομένῳ ἀπολογία // Ἐπιτάφιος τοῖς Κορινθίων βοηθοῖς // ὑπὲρ Καλλίου ἱεροσυλίας ἀπολογία // ὑπὲρ Πολυστράτου // ὑπὲρ τοῦ στρατιωτοῦ // ὑπὲρ τοῦ Ἐρατοσθένους φόνου ἀπολογία // ὑπὲρ τῶν Ἀριστοφάνους χρημάτων, πρὸς τὸ δημόσιον
tlg0543	Polybius	True	2	Q131169	Polybius	ancient Greek historian	historian; writer; military personnel	-199	-119	-164	year	Achaean League	138		200.0	The Histories // Ἱστορίαι
tlg0545	Aelian	False	3	Q313782	Aelian	Roman author and teacher (c.175–c.235)	orator; historian; zoologist; writer; teacher; poet	200	235	235	century	Roman Empire;(Roman Empire)	208;209		180.0	Περὶ ζῴων ἰδιότητος // Ποικίλη ἱστορία // ἐκ τῶν Αἰλιανοῦ ἀγροικικῶν ἐπιστολῶν
tlg0548	Apollodorus	True	2	Q619170	Apollodorus	ancient Greek sculptor, 2nd century BCE	sculptor	-200	-100	-165	century				220.0	Epitome // Library
tlg0551	Appian of Alexandria	True	29	Q190368	Appian	Greco-Roman historian (c. 95 – c.165)	historian; civil servant; writer; lawyer	95	165	130	year	Roman Empire;(Roman Empire)	208;209		170.0	The Roman History: Author’s Preface // The Roman History: Concerning Italy // The Roman History: Concerning the Kings // The Roman History: Macedonian Affairs // The Roman History: Numidian Affairs // The Roman History: Of Sicily and the Other Islands // The Roman History: The Civil Wars // The Roman History: The Gallic History // The Roman History: The Hannibalic War // The Roman History: The Illyrian Wars // The Roman History: The Mithridatic Wars // The Roman History: The Punic Wars // The Roman History: The Samnite History // The Roman History: The Syrian Wars // The Roman History: The Wars in Spain // Λιβυκή // Μιθριδάτειος // Συριακή // Ἀννιβαϊκή // ἐκ τῆς Κελτῖκης // ἐκ τῆς Μακεδονικῆς // ἐκ τῆς Νομαδικῆς // ἐκ τῆς Σαυνιτικῆς // ἐκ τῆς Σικελῖκης καὶ νησιωτικής // ἐκ τῆς βασιλικῆς // ἐκ τῆς Ἰταλικῆς // Ἐμφυλίων Πρώτη // Ἰβηρική // Ἰλλυρική
tlg0554	Chariton	False	1	Q11912356	Chariton	2nd c. BCE Greek physician	physician								150.0	De Chaerea et Callirhoe
tlg0555	Clement of Alexandria	True	4	Q188883	Clement of Alexandria	Christian theologian (c.150 – c.215)	theologian; writer; philosopher	150	215	185	year	Roman Empire;(Roman Empire)	208;209		160.0	Προτρεπτικὸς πρὸς Ἕλληνας // Στρώματα // τίς ὁ σωζόμενος πλούσιος // ὁ Προτρεπτικὸς εἰς ὑπομονὴν ἢ πρὸς τοὺς νεωστὶ βεβαπτισμένους
tlg0556	Asclepiodotus	False	1	Q261224	Asclepiodotus	ancient Greek writer and philosopher	non-fiction writer; writer; philosopher	-100		-65	millennium				180.0	Τέχνη τακτική
tlg0557	Epictetus	True	10	Q183144	Epictetus	Greek Stoic philosopher (c. 50–c. 138)	writer; philosopher	50	138	85	year	Roman Empire;(Roman Empire)	208;209		170.0	Arrian's Discourses of Epictetus // Dissertationum Epictetearum sive ab Arriano sive ab aliis digestarum fragmenta // Fragments // Gnomologium Epicteteum (e Stobaei libris 1-2) // Gnomologium Epicteteum (e Stobaei libris 3-4) // The Discourses of Epictetus // The Encheiridion, or Manual. // The Enchiridion // Ἀρριανοῦ τῶν Ἐπικτήτου Διατριβῶν // Ἐγχειρίδιον
tlg0560	Longinus	False	1	Q319947	Longinus	Roman soldier, and saint, who pierced the side of Jesus	military personnel	100	100	100	century	Roman Empire;(Roman Empire)	208;209		150.0	Περὶ ὕψους
tlg0561	Longus	False	1	Q314949	Longus	ancient Greek writer	writer	200	200	200	century	Roman Empire;(Roman Empire)	208;209		150.0	Δάφνις καὶ Χλόη
tlg0562	Marcus Aurelius	False	1	Q1430	Marcus Aurelius	16th Roman Emperor from 161 to 180 and Stoic philosopher	monarch; writer; philosopher; politician	121	180	156	day	Roman Empire;(Roman Empire)	208;209		190.0	Ad Se Ipsum
tlg0612	Dio Chrysostom	False	1	Q334457	Dio Chrysostom	Greek orator, writer, philosopher and historian (c. 40 – c. 115)	orator; writer; philosopher	40	120	75	year	Roman Empire;(Roman Empire)	208;209		170.0	Orationes
tlg0613	Demetrius of Phaleron	False	1													Περὶ ἑρμηνείας
tlg0627	Hippocrates	True	42	Q1620003	Hippocrates	Athenian general (c. 459 – 424 BC)	military personnel; politician	-500	-423	-465	century				180.0	Airs Waters Places // Ancient Medicine // Aphorisms // Epidemics I and III // Mochlicus // Nutrimen // Oath // On Airs, Waters, and Places // On Ancient Medicine // On Fistulae // On Fractures // On Hemorrhoids // On Injuries of the Head // On Regimen in Acute Diseases // On Ulcers // On the Articulations // On the Sacred Disease // On the Surgery // Precepts // The Book of Prognostics // The Epidemics // The Law // The Oath // Κατ’ ἰητρεῖον // Μοχλικός // Παραγγελίαι // Περὶ αἱμοῤῥοίδων // Περὶ διαίτης ὀξέων // Περὶ διαίτης ὀξέων. Νόθα // Περὶ συρίγγων // Περὶ τροφῆς // Περὶ τῶν ἐν κεφαλῇ τρωμάτων // Περὶ ἀέρων, ὑδάτων, τόπων // Περὶ ἀγμῶν // Περὶ ἀρχαίας ἰατρικῆς // Περὶ ἄρθρων // Περὶ ἑλκῶν // Περὶ ἱερῆς νούσου // Προγνωστικόν // Ἀφορισμοί // Ἐπιδημίων // Ὅρκος
tlg0638	Philostratus the Athenian	False	6													Βίοι Σοφιστῶν // Γυμναστικός // Νέρων // Τὰ ἐς τὸν Τυανέα Ἀπολλώνιον // Ἐπιστολαί. Διαλέξεις. // Ἡρωικός
tlg0641	Xenophon of Ephesus	False	1	Q463564	Xenophon of Ephesus	Greek writer	writer; philosopher	101	300	136	century	Roman Empire;(Roman Empire)	208;209		150.0	Τὰ κατὰ Ἀνθίαν καὶ Ἁβροκόμην
tlg0646	Anonymous (Epistle to Diognetus)	True	1													The Epistle to Diogentus
tlg0647	Tryphiodorus	True	1	Q1371938	Tryphiodorus	Hellenistic Egyptian poet	poet	300	400	335	century	Roman Empire;(Roman Empire)	208;209		150.0	Ἅλωσις Ἰλίου
tlg0648	Onasander	False	1	Q373042	Onasander	Greek philosopher	writer; philosopher		100	100	century	Roman Empire;(Roman Empire)	208;209		140.0	Στρατηγικός
tlg0652	Philostratus Minor	False	1	Q1231472	Philostratus the Younger	ancient Greek sophist	orator; writer; sophist								150.0	Εἰκόνες
tlg0653	Aratus Solensis	True	1	Q180671	Aratus	Greek didactic poet (c. 315/310–240 BC)	astronomer; writer; poet	-314	-239	-279	year				190.0	Φαινόμενα
tlg0655	Parthenius	False	1	Q1230313	Parthenius	ancient grammarian	writer; grammarian								120.0	Ἐρωτικὰ Παθήματα
tlg0719	Aretaeus of Cappadocia	True	8	Q505931	Aretaeus of Cappadocia	2nd century Greek physician	physician	100	200	135	century	Roman Empire;(Roman Empire)	208;209		160.0	On the Causes and Symptoms of Acute Diseases // On the Causes and Symptoms of Chronic Diseases // On the Cure of Chronic Diseases // On the Therapeutics of Acute Diseases // Περὶ αἰτίων καὶ σημείων χρονίων παθῶν // Περὶ αἰτίων καὶ σημείων ὀξέων παθών // Χρονίων νούσων θεραπευτικών // Ὀξέων νούσων θεραπευτικόν
tlg1216	Barnabas	True	2	Q185856	Barnabas	early Christian disciple and bishop	presbyter	1	61	36	century	Roman Empire;(Roman Empire)	208;209		140.0	The Epistle of Barnabas // Βαρνάβα ἐπιστολή
tlg1271	Clement of Rome	True	2													The First Epistle of Clement to the Corinthians // The Second Epistle of Clement to the Corinthians
tlg1311	Didache	True	1													The Didache, or Teaching of the Twelve Apostles.
tlg1389	Harpocration, Valerius	False	1													Lexicon in decem oratores Atticos
tlg1419	Hermas	True	1	Q1799472	Hermas	2nd century Roman freedman and writer	writer	150	150	150	century	Roman Empire;(Roman Empire)	208;209		180.0	The Shepherd of Hermas
tlg1443	Ignatius of Antioch	True	1	Q44170	Ignatius of Antioch	late 1st/early 2nd century Christian author and Patriarch of Antioch	theologian; presbyter	35	108	70	year	Roman Empire;(Roman Empire)	208;209		160.0	Epistles
tlg1484	Church of Smyrna	True	1													The Martydom of Polycarp
tlg1600	Philostratus Sophista	False	1													Εἰκόνες
tlg1622	Polycarp	True	1	Q192371	Polycarp	Christian bishop of Smyrna	theologian; Christian minister; writer; presbyter	70	155	105	year	Roman Empire;(Roman Empire)	208;209		160.0	The Epistle to the Philippians of Saint Polycarp
tlg1799	Euclid	True	2	Q8747	Euclid	ancient Greek mathematician (fl. 300 BC)	mathematician; writer	-333	-284	-298	year	Greek City-States	35		200.0	The Thirteen Books of Euclid's Elements // Στοιχεῖα
tlg2003	Julian the Emperor	False	14	Q33941	Julian	last Pagan Roman emperor, reigned 361 to 363	philosopher; politician	331	363	363	day	Roman Empire;(Roman Empire)	208;209		150.0	Epistulae // Εἰς τοὺς ἀπαιδεύτους κύνας // Εἰς τὴν μητέρα τῶν θεῶν // Εἰς τὸν βασιλέα Ἥλιον πρὸς Σαλούστιον // Εὐσεβίας τῆς βασιλίδος ἐγκώμιον // Θεμιστίῳ φιλοσόφῳ // Κατὰ Γαλιλαίων // Μισοπώγων // Περὶ τῶν τοῦ αὐτοκράτορος πράξεων ἢ περὶ βασιλείας // Πρὸς Ἡράκλειον κυνικὸν περὶ τοῦ πῶς κυνιστέον καὶ εἰ πρέπει τῷ κυνὶ μύθους πλάττειν // Συμπόσιον ἢ Κρόνια // Ἀθηναίων τῇ βουλῇ καὶ τῷ δήμῳ // Ἐγκώμιον εἰς τὸν αὐτοκράτορα Κωνστάντιον // Ἐπὶ τῇ ἐξόδῳ τοῦ ἀγαθωτάτου Σαλουστίου παραμυθητικὸς εἰς ἑαυτόν
tlg2018	Eusebius of Caesarea	True	1	Q142999	Eusebius of Caesarea	Greek Christian scholar, c.260-c.340	theologian; Eastern Orthodox priest; historian; writer	265	340	300	year	Roman Empire;(Roman Empire)	208;209		150.0	Ἐκκλησιαστικὴ ἱστορία
tlg2040	Basil, Saint, Bishop of Caesarea	True	2	Q44258	Basil of Caesarea	4th-century Christian bishop, theologian, and saint (329–379)	theologian; Catholic priest; Catholic deacon; writer; archbishop; philosopher; Catholic bishop	329	379	364	year	Roman Empire;(Roman Empire)	208;209		160.0	Epistulae // Πρὸς τοὺς νέους, ὅπως ἂν ἐξ Ἑλληνικῶν ὠφελοῖντο λόγων
tlg2045	Nonnus of Panopolis	True	1	Q312916	Nonnus of Panopolis	ancient Greek epic poet	writer; poet	500	500	500	century	Eastern Roman Empire	274		70.0	Διονυσιακά
tlg2046	Quintus Smyrnaeus	True	1	Q352702	Quintus Smyrnaeus	4th-century Greek poet	poet	400	400	400	century	Western Roman Empire	275		150.0	τὰ μεθ᾿ Ὅμηρον
tlg2934	John of Damascus	True	1	Q51884	John of Damascus	Christian monk, priest, hymnographer and apologist (675/6-749)	astronomer; theologian; cleric; writer; composer; philosopher	675	749	710	year	(Umayyad Caliphate);Umayyad Caliphate	388;389		90.0	Βαρλαάμ καί Ἰωάσαφ
tlg3135	Joannes Zonaras	False	1	Q32052	John Zonaras	12th century Byzantine chronicler and theologian	canon law jurist; theologian; historian; writer; monk	1074	1145	1109	year	Byzantine Empire	380		60.0	Ἐπιτομὴ Ἱστοριῶν (Vol. 1)
tlg4029	Procopius	False	2	Q186153	Procopius	6th-century historian	historian; writer; lawyer	500	565	535	year	Eastern Roman Empire	274		140.0	Ἀπόκρυφη Ἱστορία // Ὑπὲρ τῶν Πολέμων Λόγοι
tlg4036	Proclus	False	1	Q271809	Proclus	5th-century Greek Neoplatonist philosopher	mathematician; mythographer; writer; philosopher	412	485	447	day	Eastern Roman Empire	274		170.0	Chrestomathy
tlg4081	Colluthus	True	1	Q11914790	Colluthus	heretic	clergyman								100.0	Ἁρπαγὴ Ἑλένης
tlg4091	Callistratus	False	1	Q19970392	Callistratus	Athenian poet, known as the author of a drinking song in honor of Harmodius and Aristogeiton	poet								130.0	Ἐκφράσεις
tlg7000	Greek Anthology (various)	True	5													Ἀνθολογία, Volume I // Ἀνθολογία, Volume II // Ἀνθολογία, Volume III // Ἀνθολογία, Volume IV // Ἀνθολογία, Volume V
