author_code	wikidata_id	description	perseus_author	wikidata_name	manual_check_wikidata_id	impact_date	manual_check_impact_dates	cliopatria_polity	manual_check_polities	works	has_english	n_works	occupations	birthdate	deathdate	impact_date_precision	cliopatria_polity_id	match_score
tlg0007	Q41523	Greek philosopher and historian (c. AD 46 – after AD 119)	Plutarch	Plutarch	1	75	1	Roman Empire;(Roman Empire)		"A Discourse Concerning Socrates's Daemon // A breviate of a discourse, showing that the Stoics speak greater improbabilities than the poets // A discourse to an unlearned prince // A letter of Condolence to Apollonius // Advice About Keeping Well // Advice to Bride and Groom // Aemilius Paulus // Against Colotes, the Disciple and Favorite of Epicurus. // Against Running in Debt, or Taking up Money Upon Usury // Agesilaus // Agis // Alcibiades // Alexander // An abstract of a comparison betwixt Aristophanes and Menander // Antony // Aratus // Aristides // Artaxerxes // Beasts are rational // Bravery of Women // Brutus // Caesar // Caius Marcius Coriolanus // Caius Marius // Camillus // Can Virtue Be Taught? // Cato the Younger // Chance // Cicero // Cimon // Comparison of Agesilaus and Pompey // Comparison of Agis and Cleomenes and the Gracchi // Comparison of Alcibiades and Coriolanus // Comparison of Aristides and Marcus Cato // Comparison of Demetrius and Antony // Comparison of Demosthenes with Cicero // Comparison of Dion and Brutus // Comparison of Lucullus and Cimon // Comparison of Lycurgus and Numa // Comparison of Lysander and Sulla // Comparison of Nicias and Crassus // Comparison of Pelopidas and Marcellus // Comparison of Pericles and Fabius Maximus // Comparison of Philopoemen and Titus // Comparison of Sertorius and Eumenes // Comparison of Solon and Publicola // Comparison of Theseus and Romulus // Comparison of Timoleon and Aemilius // Concering the First Principles of Cold // Concerning Such Whom God is Slow to Punish // Concerning Talkativeness // Concerning the Face which Appears in the Orb Of the Moon // Concerning the Fortune of the Romans // Concerning the Virtues of Women // Concerning the cure of anger: a dialogue // Concerning the fortune or virtue of Alexander the Great. // Concerning the procreation of the soul as discoursed in Timaeus // Conjugal Precepts // Consolation to Apollonius // Crassus // De liberis educandis // Demetrius // Demosthenes // Dion // Eumenes // Fabius Maximus // Five Tragical Histories of Love // Galba // Greek Questions // Greek and Roman Parallel Stories // How a Man May Be Sensible of His Progress in Virtue // How a Man May Become Aware of His Progress in Virtue // How a Man May Inoffensively Praise Himself Without Being Liable to Envy // How a Man May Recieve Advantage and Profit From His
					Enemies // How a Young Man Ought to Hear Poems // How the Young Man Should Study Poetry // How to Know a Flatterer from a Friend // How to Profit By One's Enemies // How to Tell a Flatterer from a Friend // Instituta Laconica // Isis and Osiris // Laconic Apophthegms; or Remarkable Sayings of the Spartans. // Lives of the Ten Orators // Love Stories // Lucullus // Lycurgus // Lysander // Marcellus // Marcus Cato // Nicias // Numa // Of Banishment, or Flying One's Country. // Of Bashfulness // Of Brotherly Love // Of Curiosity, or an Over-Busy Inquisitiveness into Things
					Impertinent. // Of Envy and Hatred // Of Fate // Of Fortune // Of Garrulity, or Talkativeness // Of Hearing // Of Herodotus’s Malice. // Of Isis and Osiris, or of the Ancient Religion and Philosophy of Egypt // Of Large Acquaintance: or, an Essay to Prove the Folly of Seeking Many Friends // Of Love // Of Moral Virtue // Of Natural Affection Towards One's Offspring // Of Superstition, or Indiscreet Devotion // Of Virtue and Vice // Of common conceptions, against the Stoics // Of eating of flesh: Tract I. // Of eating of flesh: Tract II // Of the Face Appearing Within the Orb Of the Moon // Of the Love of Wealth // Of the Three Sorts of Government, Monarchy, Democracy, and Oligarchy. // Of the Tranquillity of the Mind. // Of the word ΕΙ engraven over
					the gate of Apollo's temple at Delphi. // On Affection for Offspring // On Being a Busybody // On Brotherly Love // On Having Many Friends // On Listening to Lectures // On Monarchy, Democracy, and Oligrachy // On Moral Virtue // On Tranquillity of Mind // On the Control of Anger // On the Fortune of the Romans // On the Fortune or the Virtue of Alexander I and II // On the Principle of Cold // On the eating of flesh I // On the eating of flesh II // Otho // Parallels, or a comparison between the Greek and Roman Histories. // Pelopidas // Pericles // Philopoemen // Phocion // Plutarch's Consolatory Letter to His Wife // Plutarch's Natural Questions // Plutarch's Platonic questions // Plutarch's Rules for the Preservation of Health // Political Precepts // Pompey // Precepts of Statecraft // Publicola // Pyrrhus // Roman Questions // Romulus // Sayings of Kings and Commanders // Sayings of Spartan Women // Sayings of Spartans // Sertorius // Solon // Sulla // Summary of a Comparison Between Aristophanes and Menander // Superstition // Symposiacs // That Virtue May Be Taught // That a Philosopher Ought Chiefly to Converse with Great Men // That a Philosopher Ought to Converse Especially with Men in Power // That brute beasts make use of reason // That it is Not Possible to Live Pleasurably According to the Doctrine of Epicurus // That we Ought not to Borrow // The Apopthegms or Remarkable Sayings of Kings and Great Commanders // The Banquet of the Seven Wise Men // The Dinner of the Seven Wise Men // The Greek Questions // The Lives of the Ten Orators // The Obsolesence of Oracles // The Oracle at Delphie no Longer Given in Verse // The Roman Questions // The contradictions of the Stoics // The Ε at Delphi // Themistocles // Theseus // Tiberius and Caius Gracchus // Timoleon // Titus Flamininus // To an Uneducated Ruler // Tιβέριος καὶ Γάιος Γράκχοι // Virtue and Vice // Vitae decem oratorum // Were the Athenians More Famous in War or in Wisdom? // Wherefore the Pythian Priestess Now Ceases to Deliver her Oracles in Verse // Whether 'Twere Rightly Said, Live Concealed // Whether Vice is Sufficient to Render a Man Unhappy // Whether an Aged Man Ought to Meddle in State Affairs // Whether an Old Man Should Engage in Public Affairs // Whether fire or water is most useful // Whether land or sea animals are cleverer // Whether the Affections of the Soul are Worse Than Those of the Body // Whether the Athenians Were More Renowned For Their Warlike Achievements or For Their Learning // Whether the passions of the soul or diseases of the body are worse // Whether vice be sufficient to cause unhappiness // Whether water or fire be most useful // Which are the most crafty, water-animals or those creatures that breed upon the land? // Why the Oracles Cease to Give Answers // Αἰμίλιος Παῦλλος // Αἴτια φυσικά // Αἴτια Ἑλληνικά // Βροῦτος // Γάιος Μάριος // Γάλβας // Γάϊος Μάρκιος // Γαμικὰ παραγγέλματα // Γυναικῶν ἀρεταί // Δίων // Δημήτριος // Δημοσθένης // Εἰ αὐτάρκης ἡ κακία πρὸς κακοδαιμονίαν // Εἰ διδακτὸν ἡ ἀρετή // Εἰ καλῶς εἴρηται τὸ λάθε βιώτας // Εἰ πρεσβυτέρῳ πολιτευτέον // Εὐμένης // Θεμιστοκλῆς // Θησέως καὶ Ῥωμύλου σύγκρισις // Θησεύς // Κάμιλλος // Κάτων // Κίμων // Κίμωνος καὶ Λουκούλλος σύγκρισις // Καῖσαρ // Κεφαλαίων καταγραφή Ἑλληνικά // Κεφαλαίων καταγραφή Ῥωμαϊκά // Κράσσος // Λακαινῶν ἀποφθάγματα // Λακαινῶν ἀποφθέγματα // Λούκουλλος // Λυκούργου καὶ Νομᾶ σύγκρισις // Λυκοῦργος // Λύσανδρος // Μάρκελλος // Μάρκος Κάτων // Νικίας // Νικίου καὶ Κράσσου σύγκρισις // Νομᾶς // Παραμυθητικός εἰς τὴν γυναῖκα τὴν αὑτου // Πελοπίδας // Πελοπίδου καὶ Μαρκέλλου σύγκρισις // Περί πολυφιλίας // Περικλέους καὶ Φαβίου σύγκρισις // Περικλῆς // Περὶ Στωικῶν ἐνιγμάτων // Περὶ δεισιδαιμονίας // Περὶ δυσωπίας // Περὶ εἱμαρμένης // Περὶ εὐθυμίας // Περὶ μοναρχίας καὶ δημοκρατίας καὶ ὀλιγαρχίας // Περὶ παίδων ἀγωγῆς // Περὶ πολυπραγμοσύνης // Περὶ σαρκοφαγίας λόγος α′ // Περὶ σαρκοφαγίας λόγος β′ // Περὶ τοῦ Ε τοῦ ἐν Δελφοῖς // Περὶ τοῦ Σωκράτους δαιμονίου // Περὶ τοῦ μὴ δεῖν δανείζεσθαι // Περὶ τοῦ μὴ χρᾶν ἔμμετρα νῦν τὴν Πυθίαν // Περὶ τοῦ πρώτως ψυχροῦ // Περὶ τοῦ πότερον ὕδωρ ἢ πῦρ χρησιμώτερον // Περὶ τοῦ τὰ ἄλογα λόγῳ χρῆσθαι // Περὶ τοῦ ἀκούειν // Περὶ τοῦ ἐμφαινομένου προσώπου τῷ κύκλῳ τῆς σελήνης // Περὶ τοῦ ἑαυτὸν ἐπαινεῖν ἀνεπιφθόνως // Περὶ τοῦ ὅτι μάλιστα τοῖς ἡγεμόσι δεῖ τὸν φιλοσοφόν διαλέγεσθαι // Περὶ τύχης // Περὶ τῆς εἰς τὰ ἔκγονα φιλοστοργίας // Περὶ τῆς Ἀλεξάνδρου τύχης ἢ ἀρετῆς λόγος Α, λόγος Β // Περὶ τῆς ἐν Τιμαίῳ ψυχογονίας // Περὶ τῆς ἠθικῆς ἀρετῆς // Περὶ τῆς Ἡροδότου κακοηθείας // Περὶ τῆς Ῥωμαίων τύχης // Περὶ τῶν κοινῶν ἐννοιῶν πρὸς τοὺς Στωικοὺς // Περὶ τῶν ἐκλελοιπότων // Περὶ τῶν ὑπὸ τοῦ θείου βραδέως τιμωρουμένων // Περὶ φθόνου καὶ μίσους // Περὶ φιλαδελφίας // Περὶ φιλοπλουτίας // Περὶ φυγῆς // Περὶ ἀδολεσχίας // Περὶ ἀοπγησίας // Περὶ ἀρετῆς καὶ κακιάς // Περὶ Ἴσιδος και Ὀσίριδος // Πλατωνικὰ ζητήματα // Πολιτικὰ παραγγέλματα // Πομπήϊος // Ποπλικόλας // Ποτερον τὰ τῆς ψυχῆς ἢ τὰ τοῦ σώματος πάθη χείρονα // Πραμυθητικὸς πρὸς Ἀπολλώνιον // Πρὸς Κωλώτην // Πρὸς ἡγεμόνα ἀπαίδευτον // Πότερα τῶν ζῴων φρονιμώτερα τὰ χερσαῖα ἢ τὰ ἔνυδρα // Πότερον Ἀθηναῖοι κατὰ πόλεμον ἢ κατὰ σοφίαν ἐνδοξότεροι // Πύρρος // Πῶς δεῖ τὸν νέον ποιημάτων ἀκούειν. // Πῶς ἄν τις αἴσθοιτο ἑαυτοῦ προκόπτοντος ἐπʼ ἀρετή // Πῶς ἄν τις διακρίνειε τὸν κόλακα τοῦ φίλου // Πῶς ἄν τις ἀπ’ ἐχθρῶν ὠφελοῖτο // Σερτώριος // Συγκρίσεως Ἀριστοφάνους καὶ Μενάνδρου ἐπιτομή // Συμποσιακῶν προβλημάτων βιβλία // Συναγωγὴ ἱστοριῶν παραλλήλων Ἑλληνικῶν καὶ Ῥωμαϊκῶν // Σόλων // Σόλωνος καὶ Ποπλικόλα σύγκρισις // Σύγκρισις Δίωνος καὶ Βρούτου // Σύγκρισις Δημητρίου καὶ Ἀντωνίου // Σύγκρισις Δημοσθένους καὶ Κικέρωνος // Σύγκρισις Λυσάνδρου καὶ Σύλλα // Σύγκρισις Σερτωρίου καὶ Εὐμένους // Σύγκρισις Τιμολέοντος καὶ Αἰμιλίου // Σύγκρισις Ἄγιδος καὶ Κλεομένους καὶ τῶν Γράκχων // Σύλλας // Σύνοψις τοῦ ὅτι παραδοξότερα οἱ Στωικοὶ τῶν ποιητῶν λέγουσι // Τίτος // Τιμολέων // Τὰ παλαιὰ τῶν Λακεδαιμονίων ἐπιτηδεύματα // Τὰ παλαιὰ τῶν Λακεδαινίων ἐπιτηδεύματα // Τῶν ἑπτὰ σοφῶν συμπόσιον // Φάβιος Μάξιμος // Φιλοποίμενος καὶ Τίτου σύγκρισις // Φιλοποίμην // Φωκίων // Ἀίτια Ῥωμαϊκά // Ἀγησίλαος // Ἀγησιλάου καὶ Πομπηΐου σύγκρισις // Ἀλέξανδρος // Ἀλκιβιάδης // Ἀλκιβιάδου καὶ Κοριολὰνου σύγκρισις // Ἀντώνιος // Ἀποφθέγματα Λακωνικά // Ἀποφθέγματα βασιλέων καὶ στρατηγῶν // Ἀριστείδης // Ἀριστείδου καὶ Κάτωνος σύγκρισις // Ἀρταξέρξης // Ἄγις καὶ Κλεομένης // Ἄρατος // Ἐπιτομὴ τοῦ περὶ τῆς ἐν τῷ Τιμαίῳ ψυχογονίας // Ἐρωτικαὶ διηγήσεις // Ἐρωτικός // Ὄθων // Ὅτι οὐδ' ἡδέως ζῆν ἔστι κατ' Ἐπίκουρον // Ὑγιεινὰ παραγγέλματα // Ῥωμύλος"	TRUE	340	essayist; historian; writer; priest; magistrate; philosopher; biographer	40	120	year	208;209	190
tlg0062	Q177847		Lucian		0	155	1	Roman Empire		A Chapter of Autobiography // A Conversation with Cronus // A Feast of Lapithae // A Literary Prometheus // A Portrait-study // A Professor of Public Speaking // A Slip of the Tongue in Greeting // A Slip of the Tongue in Salutation // A True History // A True Story // A Word with Hesiod // A conversation with Hesiod // Alexander the False Prophet // Alexander the Oracle-monger // Amber, or the Swan // Anacharsis, a Discussion of Physical Training // Anacharsis, or Athletics // Apology For ‘the Dependent Scholar’ // Astrology // Charon // Charon, or the Inspectors // Defence of the ‘portrait-study’ // Demonax // Dialogues of the Courtesans // Dialogues of the Dead // Dialogues of the Gods // Dialogues of the Hetaerae // Dialogues of the Sea-gods: // Dionysus, an Introductory Lecture // Dionysus: an Introduction // Dipsas, the Thirst-snake // Disowned // Essays in Portraiture // Essays in Portraiture Defended // Harmonides // Heracles, an Introductory Lecture // Heracles: an Introduction // Hermotimus, or the Rival Philosophies // Herodotus and Aetion // Herodotus or Aëtion // Hippias, or the Bath // How to write history // Icaromenippus, an Aerial Expedition // Icaromenippus, or the Sky-man // Lexiphanes // Life of Demonax // Menippus // Menippus, or the Descent Into Hades // My Native Land // Nigrinus // Octogenerians // Of Mourning // Of Pantomime // Of Sacrifice // On Funerals // On Sacrifices // On Salaried Posts in Great Houses // Patriotism // Phalaris // Phalaris, I // Philosophies for Sale // Prometheus // Prometheus on Caucasus // Remarks Addressed To an Illiterate Book-fancier // Sale of Creeds // Saturnalia // Slander, a Warning // Slander: on not Being Quick to Put Faith in it // Swans and Amber // The Carousal, or the Lapiths // The Cock // The Consonants at Law Sigma Vs. Tau, in the Court of the Seven Vowels // The Dance // The Dead Come to Life, or the Fisherman // The Death of Peregrine // The Dependent Scholar // The Dipsads // The Disinherited // The Double Indictment // The Downward Journey, or the Tyrant // The Dream // The Dream or Lucian’s Career // The Dream, or the Cock // The Eunuch // The Ferry // The Fisher // The Fly // The Fly, an Appreciation // The Goddesse of Surrye // The Gods in Council // The Hall // The Ignorant Book Collector // The Judgement of the Goddesses // The Liar // The Lover of Lies, or the Doubter Tychiades // The Mistaken Critic, or a Discourse on the Word // The Parasite Tychiades // The Parasite: a Demonstration that Sponging is a Profession // The Parliament of the Gods // The Passing of Peregrinus // The Purist Purized // The Rhetorician’s Vade Mecum // The Runaways // The Sale of Lives // The Scythian // The Scythian or Consul // The Ship: Or, the Wishes // The True History // The Tyrannicide // The Way To Write History // The ship or the wishes // Timon the Misanthrope // Timon, or the Misanthrope // To one who said "You're a Prometheus in words." // Toxaris, or Friendship // Toxaris: a Dialogue of Friendship // Toxaris; Or, Friendship // Trial in the Court of Vowels // Voyage To the Lower World // Zeus Catechized // Zeus Cross-examined // Zeus Rants // Zeus Tragoedus // Zeus the Tragedian // Zeuxis and Antiochus // Zeuxis or Antiochus // Βίων Πρᾶσις // Δίκη Συμφώνων // Δημώνακτος Βίος // Διάλογος πρὸς Ἡσίοδον // Δραπέται // Δὶς κατηγορούμενος // Εἰκόνες // Εὐνοῦχος // Ζεύξις ἢ Ἀντίοχος // Ζεὺς Τραγῳδός // Ζεὺς ἐλεγχόμενος // Ζεῦξις ἢ Ἀντίοχος // Θεῶν Διάλογοι // Θεῶν Κρίσις // Θεῶν διάλογοι // Θεῶν Ἐκκλησία // Κατάπλους ἢ Τύραννος // Λεξιφάνης // Μένιππος ἢ Νεκυομαντεία // Μακρόβιοι // Μυίας Ἐγκώμιον // Νεκρικοὶ Διάλογοι // Νεκρικοὶ διάλογοι // Νιγρίνου Φιλοσοφία // Πατρίδος Ἐγκώμιον // Περὶ Θυσιῶν // Περὶ Πένθους // Περὶ τοῦ Οἴκου // Περὶ τοῦ Παρασίτου ὅτι Τέχνη ἡ Παρασιτική // Περὶ τοῦ μὴ ῥᾳδίως πιστεύειν Διαβολῇ // Περὶ τοῦ Ἐνυπνίου ἤτοι Βίος Λουκιανοῦ // Περὶ τοῦ Ἡλέκτρου ἢ Κύκνων // Περὶ τῆς Περεγρίνου Τελευτῆς // Περὶ τῆς Συρίης Θεοῦ // Περὶ τῆς Ἀστρολογίας // Περὶ τῶν Διψάδων // Περὶ τῶν διψάδων // Περὶ τῶν ἐν Μισθῷ συνόντων // Περὶ Ὀρχήσεως // Πλοῖον ἢ Εὐχαί // Πλοῖον ἢΕυχαί // Ποδάγρα // Προλαλιά. Διόνυσος // Προλαλιά. Ἡρακλῆς // Προμηθεύς // Πρὸς τὸν εἰπόντα Προμηθεὺς εἶ ἐν λόγοις // Πρὸς τὸν εἰπόντα, Προμηθεὺς εἴ εἶ ἐν λόγοις // Πρὸς τὸν ἀπαίδευτον καὶ πολλὰ βιβλία ὠνούμενον // Πῶς δεῖ ἱστορίαν συγγράφειν // Πῶς δεῖ Ἱστορίαν συγγράφειν // Σκύθης ἢ Πρόξενος // Σκύθης ἢ πρόξενος // Συμπόσιον ἢ Λαπίθαι // Τίμων // Τυραννοκτόνος // Τόξαρις ἢ Φιλία // Τὰ πρὸς Κρόνον // Φάλαρις // Φιλοψευδὴς ἢ Ἀπιστῶν // Χάρων ἢ Ἐπισκοποῦντες // Ψευδολογιστής // Ψευδοσοφιστής ἢ Σολοικιστής // Ἀλέξανδρος ἢ Ψευδόμαντις // Ἀληθῶν Διηγημάτων // Ἀνάχαρσις ἢ Περὶ Γυμνασίων // Ἀναβιοῦντες ἢ Ἁλιεύς // Ἀποκηρυττόμενος // Ἀπολογία // Ἁρμονίδης // Ἐνάλιοι Διάλογοι // Ἐνάλιοι διάλογοι // Ἑρμότιμος ἢ Περὶ Αἱρέσεων // Ἑταιρικοὶ Διάλογοι // Ἑταιρικοὶ διάλογοι // Ἡρόδοτος ἢ Ἀετίων // Ἰκαρομένιππος ἢ Ὑπερνέφελος // Ἱππίας ἢ Βαλανεῖον // Ὄνειρος ἢ Ἀλεκτρυών // Ὑπέρ τοῦ ἐν τῇ προσαγορεύσει πταισμάτως // Ὑπὲρ τοῦ ἐν τῇ Προσαγορεύσει Πταίσματος // Ὑπὲρ τῶν Εἰκόνων // Ῥητόρων Διδάσκαλος	TRUE	208						20
tlg0014	Q117253	classical Athenian statesman and orator (384–322 BC)	Demosthenes	Demosthenes	1	-348	1	Second Athenian League		Against Androtion // Against Apaturius // Against Aphobus I // Against Aphobus II // Against Aphobus III // Against Aristocrates // Against Aristogeiton I // Against Aristogeiton II // Against Boeotus I // Against Boeotus II // Against Callicles // Against Conon // Against Dionysodorus // Against Eubulides // Against Evergus And Mnesibulus // Against Lacritus // Against Leochares // Against Leptines // Against Macartatus // Against Meidias // Against Nausimachus and Xenopeithes // Against Olympiodorus // Against Onetor I // Against Onetor II // Against Pantaenetus // Against Phaenippus // Against Phormio // Against Spudias // Against Theocrines // Against Timocrates // Against Zenothemis // Answer to Philip’s Letter // Apollodorus Against Callipus // Apollodorus Against Neaera // Apollodorus Against Nicostratus // Apollodorus Against Polycles // Apollodorus Against Stephanus I // Apollodorus Against Stephanus II // Apollodorus Against Timotheus // Exordia // First Olynthiac // First Philippic // For Phormio // For the Liberty of the Rhodians // For the People of Megalopolis // Fourth Philippic // Letters // On Halonnesus // On Organization // On The Trierarchic Crown // On the Chersonese // On the Crown // On the Embassy // On the Navy-Boards // On the Peace // On the Treaty with Alexander // Philip’s Letter // Second Olynthiac // Second Philippic // The Erotic Essay // The Funeral Speech // Third Olynthiac // Third Philippic // Δημοσθένους ἐπιστολαὶ // κατὰ Διονυσοδώρου βλάβης // κατὰ Εὐέργου καὶ Μνησιβούλου ψευδομαρτυριῶν // κατὰ Κόνωνος αἰκείας // κατὰ Μειδίου περὶ τοῦ Κονδύλου // κατὰ Νεαίρας // κατὰ Στεφάνου ψευδομαρτυριῶν α΄ // κατὰ Στεφάνου ψευδομαρτυριῶν β΄ // κατὰ Τιμοκράτους // κατὰ Φιλίππου α΄ // κατὰ Φιλίππου β΄ // κατὰ Φιλίππου γ΄ // κατὰ Φιλίππου δ΄ // κατὰ Ἀνδροτίωνος παρανόμων // κατὰ Ἀριστογείτονος α΄ // κατὰ Ἀριστογείτονος β΄ // κατὰ Ἀριστοκράτους // κατὰ Ἀφόβου β΄ // κατὰ Ἀφόβου ἐπιτροπῆς α΄ // κατὰ Ὀλυμπιοδώρου βλάβης // παραγραφὴ πρὸς Ναυσίμακον καὶ Ξενοπείθην // παραγραφὴ πρὸς Πανταίνετον // παραγραφὴ ὑπὲρ Φορμίωνος // περὶ συντάξεως // περὶ τοῦ Στεφάνου τῆς τριηραρκίας // περὶ τῆς εἰρήνης // περὶ τῆς παραπρεσβείας // περὶ τῆς Ἀτελείας πρὸς Λεπτίνην // περὶ τῶν πρὸς Ἀλέξανδρον συνθηκῶν // περὶ τῶν συμμοριῶν // περὶ τῶν ἐν Χερρονήσῳ // περὶ Ἀλοννήσου // προοίμια δημηγορικά // πρὸς Βοιωτὸν περὶ προικὸς μητρῴας // πρὸς Βοιωτὸν περὶ τοῦ Ὀνόματος // πρὸς Ζηνόθεμιν παραγραφή // πρὸς Κάλλιππον // πρὸς Καλλικλέα περὶ χωρίου βλάβης // πρὸς Λεωκάρη περὶ τοῦ Ἀρχιάδου κλήρου // πρὸς Μακάρτατον περὶ Ἁγνίου κλήρου // πρὸς Νικόστρατον περὶ ἀνδραπόδων ἀπογραφῆς Ἀρεθουσίου // πρὸς Πολυκλέα περὶ τοῦ ἐπιτριηραρχήματος // πρὸς Σπουδίαν ὑπὲρ προικός // πρὸς Τιμόθεον ὑπὲρ χρέως // πρὸς Φαίνιππον περὶ ἀντιδόσεως // πρὸς Φορμίωνα ὑπὲρ δανείου // πρὸς τὴν Λάκριτον παραγραφὴν // πρὸς τὴν ἐπιστολήν τὴν Φιλίππου // πρὸς Ἀπατούριον παραγραφή // πρὸς Ἄφοβον ὑπὲρ Φάνου ψευδομαρτυριῶν γ΄ // πρὸς Ὀνήτορα ἐξούλης α΄ // πρὸς Ὀνήτορα ἐξούλης β΄ // ἐπιστολή [Φιλίππου] // ἐπιτάφιος // ἐρωτικὸς // ἔνδειξις κατὰ Θεοκρίνου // ἔφεσις πρὸς Εὐβουλίδην // Ὀλυνθιακὸς α΄ // Ὀλυνθιακὸς β΄ // Ὀλυνθιακὸς γ΄ // ὑπὲρ Κτησιφῶντος περὶ τοῦ στεφάνου // ὑπὲρ Μεγαλοπολιτῶν // ὑπὲρ τῆς Ῥοδίων ἐλευθερίας	TRUE	126	orator; diplomat; writer; politician	-383	-321	year	107	220
tlg0059	Q859	4th-century BCE Greek philosopher	Plato	Plato	1	-393	1	Peloponnesian League		Alcibiades 1 // Alcibiades 2 // Apology // Charmides // Cleitophon // Cratylus // Critias // Crito // Epinomis // Euthydemus // Euthyphro // Gorgias // Hipparchus // Hippias Major // Hippias Minor // Ion // Laches // Laws // Letters // Lovers // Lysis // Menexenus // Meno // Minos // Parmenides // Phaedo // Phaedrus // Philebus // Protagoras // Republic // Sophist // Statesman // Symposium // Theaetetus // Theages // Timaeus // Γοργίας // Εὐθύδημος // Εὐθύφρων // Θεάγης // Θεαίτητος // Κλειτοφῶν // Κρίτων // Κρατύλος // Κριτίας // Λάχης // Λύσις // Μένων // Μίνως // Μενέξενος // Νόμοι // Παρμενίδης // Πολιτεία // Πολιτικός // Πρωταγόρας // Σοφιστής // Συμπόσιον // Τίμαιος // Φίληβος // Φαίδων // Φαῖδρος // Χαρμίδης // Ἀλκιβιάδης αʹ // Ἀλκιβιάδης βʹ // Ἀπολογία Σωκράτους // Ἐπινομίς // Ἐπιστολαί // Ἐρασταί // Ἱππίας μείζων // Ἱππίας ἐλάττων // Ἴων // Ἵππαρχος	TRUE	72	philosopher of law; epigrammatist; writer; philosopher; poet	-428	-348	day	88	230
tlg0540	Q310164	Athenian orator (c. 445 – c. 380 BC)	Lysias	Lysias	1	-409	1			Accusation of Calumny // Against Agoratus // Against Alcibiades 1 // Against Alcibiades 2 // Against Andocides // Against Diogeiton // Against Epicrates and his Fellow-envoys // Against Eratosthenes // Against Ergocles // Against Nicomachus // Against Pancleon // Against Philocrates // Against Philon // Against Simon: Defense // Against The Corn-Dealers // Against The Subversion of the Ancestral Constitution // Against Theomnestus 1 // Against Theomnestus 2 // Before the Areopagus: Defense in the Matter of the Olive Stump // Defence Against A Charge Of Taking Bribes // Defense Against a Charge of Subverting the Democracy // For Callias // For Polystratus // For The Soldier // Funeral Oration // In Defense of Mantitheus // Olympic Oration // On A Wound By Premeditation // On The Property Of Eraton // On The Property Of The Brother Of Nicias: Peroration // On The Refusal Of A Pension // On the Murder of Eratosthenes // On the Property of Aristophanes // On the Scrutiny of Evandros // Ολυμπιακός // Πρὸς τὴν εἰσαγγελίαν περὶ τοῦ μὴ δίδοσθαι τῷ ἀδυνάτῳ ἀργύριον // δήμου καταλύσεως ἀπολογία // κατηγορία πρὸς τοὺς συνουσιαστὰς κακολογιῶν // κατὰ Διογείτονος // κατὰ Ερατοσθένους τοῦ γενομένου τῶν τριάκοντα, ὃν αὐτὸς εἶπε Λυσίας // κατὰ Νικομάχου γραμματέως εὐθυνῶν κατηγορία // κατὰ Παγκλέωνος ὅτι οὐκ ἦν Πλαταιεύς // κατὰ Φίλωνος δοκιμασίας // κατὰ Φιλοκράτους ἐπίλογος // κατὰ θεομν́ηστου, Β // κατὰ θεομνήστου, Α // κατὰ τῶν σιτοπωλῶν // κατὰ Ἀγοράτου ἐνδείξεως // κατὰ Ἀλκιβιάδου λιποταξίου // κατὰ Ἀλκιβιάδου ἀστρατείας // κατὰ Ἐπικράτους καὶ τῶν συμπρεσβευτῶν ἐπίλογος ὡς Θεόδωρος // κατὰ Ἐργοκλέους ἐπίλογος // κατ᾽ Ἀνδοκίδου ἀσεβείας // περὶ τοῦ μὴ καταλῦσαι τὴν πάτριον πολιτείαν Αθήνησι // περὶ τραύματος ἐκ προνοίας, ὑπὲρ οὗ καὶ πρὸς ὃν ἄδηλον // περὶ τῆς Εὐάνδρου δοκιμασίας // περὶ τῆς δημεύσεως τῶν τοῦ Νικίου ἀδέλφου ἐπίλογος // περὶ τῶν Ἐράτωνος χρημάτων: πρὸς τὸ δημόσιον // πρὸς Σίμωνα ἀπολογία // ἀπολογία δωροδοκίας ἀπαράσημος // Ἀρεοπαγιτικὸς περὶ τοῦ σηκοῦ ἀπολογία // ἐν βουλῇ Μαντιθέῳ δοκιμαζομένῳ ἀπολογία // Ἐπιτάφιος τοῖς Κορινθίων βοηθοῖς // ὑπὲρ Καλλίου ἱεροσυλίας ἀπολογία // ὑπὲρ Πολυστράτου // ὑπὲρ τοῦ στρατιωτοῦ // ὑπὲρ τοῦ Ἐρατοσθένους φόνου ἀπολογία // ὑπὲρ τῶν Ἀριστοφάνους χρημάτων, πρὸς τὸ δημόσιον	TRUE	68	orator; logographer; writer	-444	-379	year		200
tlg0010	Q221182	Greek rhetorician and writer (436–338 BC)	Isocrates	Isocrates	1	-400	1	Peloponnesian League		Aegineticus // Against Callimachus // Against Euthynus // Against Lochites // Against the Sophists // Antidosis // Archidamus // Areopagiticus // Busiris // Concerning the Team of Horses // Evagoras // Helen // Letter 1. To Dionysius // Letter 2. To Philip, I // Letter 3. To Philip, II // Letter 4. To Antipater // Letter 5. To Alexander // Letter 6. To the Children of Jason // Letter 7. To Timotheus // Letter 8. To the Rulers of the Mytilenaeans // Letter 9. To Archidamus // Nicocles or the Cyprians // On the Peace // Panathenaicus // Panegyricus // Plataicus // To Demonicus // To Nicocles // To Philip // Trapeziticus // Αἰγητικὸς // Βούσιρις // Εὐαγόρας // Κατὰ Λοχίτου // Κατὰ τῶν σοφιστῶν // Νικόκλης ἢ Κύπριοι // Παναθηναικός // Πανηγυρικός // Παραγραφή πρὸς Καλλίμαχον // Περὶ εἰρήνης // Περὶ τοῦ ζεύγους // Περὶ ἀντιδόσεως // Πλαταικός // Πρὸς Δημόνικον // Πρὸς Εὐθύνους ἀμάρτυρος // Πρὸς Νικόκλεα // Τραπεζιτικός // Φίλιππος // Ἀρεοπαγιτικός // Ἀρχίδαμος // Ἐπιστολαὶ αʹ Διονύσιῳ // Ἐπιστολαὶ βʹ Φιλίππῳ α΄ // Ἐπιστολαὶ γʹ Φιλίππῳ β΄ // Ἐπιστολαὶ δʹ Ἀντιπάτρῳ // Ἐπιστολαὶ εʹ Ἀλεξάνδρῳ // Ἐπιστολαὶ ζʹ Τιμοθέῳ // Ἐπιστολαὶ ηʹ Τοῖς Μυτιληναίων ἄρχουσιν // Ἐπιστολαὶ θʹ Ἀρχιδάμῳ // Ἐπιστολαὶ ςʹ Τοῖς Ἰάσονος παισίν // Ἑλένη	TRUE	60	orator; writer	-435	-337	year	88	190
tlg0284	Q354431	2nd century Greek rhetorician and author	Aelius Aristides	Aelius Aristides	1	152	1	Roman Empire;(Roman Empire)		Αἰγύπτιος // Διόνυσος // Εἰς Δία // Εἰς βασιλέα [sp.] // Εἰς τὸ Αἰγαῖον πέλαγος // Εἰς τὸ φρέαρ τοῦ Ἀσκληπιοῦ // Εἰς τὸ ἐναντίον // Εἰς τὸν Σάραπιν // Κατὰ τῶν ἐξορχουμένων // Λαλιὰ εἰς Ἀσκληπιόν // Λευκτρικὸς Α. (ὑπὲρ Λακεδαιμονίων πρῶτος) // Λευκτρικὸς Β. (ὑπὲρ Θηβαίων πρῶτος) // Λευκτρικὸς Γ. (ὑπὲρ Λακεδαιμονίων δεύτερος) // Λευκτρικὸς Δ. (ὑπὲρ Θηβαίων δεύτερος) // Λευκτρικὸς Ε. (ὑπὲρ μηδετέροις βοηθεῖν) // Μονῳδία ἐπὶ Σμύρνῃ // Παλινῳδία ἐπὶ Σμύρνῃ καὶ τῷ ταύτης ἀνοικισμῷ // Παναθηναϊκός // Πανηγυρικὸς ἐν Κυζίκῳ περὶ τοῦ ναοῦ // Πανηγυρικὸς ἐπὶ τῷ ὕδατι ἐν Περγάμῳ // Περὶ πολιτικοῦ λόγου // Περὶ τοῦ πέμπειν βοήθειαν τοῖς ἐν Σικελίᾳ // Περὶ τοῦ παραφθέγματος // Περὶ ὁμονοίας ταῖς πόλεσιν // Πρεσβευτικὸς πρὸς Ἀχιλλέα // Προσφωνητικός Σμυρναϊκός // Πρὸς Δημοσθένη περὶ ἀτελείας // Πρὸς Καπίτωνα // Πρὸς Λεπτίνην ὑπὲρ ἀτελείας // Πρὸς Πλάτωνα περὶ ῥητορικῆς // Πρὸς Πλάτωνα ὑπὲρ τῶν τεττάρων // Πρὸς τοὺς αἰτιωμένους ὅτι μὴ μελετῴη // Σμυρναϊκὸς πολιτικός // Συμβουλευτικὸς περὶ τοῦ μὴ δεῖν κωμῳδεῖν // Συμμαχικὸς Α. // Συμμαχικὸς Β. (πρὸς Θηβαίους περὶ τῆς συμμαχίας) // εἰς Ἐτεωνέα ἐπικήδειος // Ἀθηνᾶ // Ἀπελλᾶ γενεθλιακός // Ἀσκληπιάδαι // Ἐλευσίνιος // Ἐπιστολὴ περὶ Σμύρνης // Ἐπὶ Ἀλεξάνδρῳ ἐπιτάφιος // Ἡρακλῆς // Ἰσθμικὸς εἰς Ποσειδῶνα // Ἱεροὶ λόγοι δεύτερος // Ἱεροὶ λόγοι πέμπτος // Ἱεροὶ λόγοι πρῶτος // Ἱεροὶ λόγοι τέταρτος // Ἱεροὶ λόγοι τρίτος // Ἱεροὶ λόγοι ἕκτος // Ὑπὲρ τῆς πρὸς Λακεδαιμονίους εἰρήνης // Ὑπὲρ τῆς πρὸς Ἀθηναίους εἰρήνης // Ῥοδίοις περὶ ὁμονοίας // Ῥοδιακός [sp.] // Ῥώμης ἐγκώμιον	FALSE	56	writer; philosopher	117	189	day	208;209	180
tlg0031	Anonymous		New Testament		1	100	1			1 Corinthians // 1 John // 1 Peter // 1 Timothy // 2 Corinthians // 2 John // 2 Peter // 2 Timothy // 3 John // Acts // Apocalypse // Colossians // Ephesians // Galatians // Hebrews // I Thessalonians // II Thessalonians // James // John // Jude // Luke // Mark // Matthew // Philemon // Philippians // Romans // Titus // Γαλάτας // Θεσσαλονικείς Α′ // Θεσσαλονικείς Β′ // Κολασσαείς // Κορίνθιους Α′ // Κορίνθιους Β′ // Λουκᾶν // Μάρκον // Ματθαίος // Πέτρου B′ // Πέτρου Α′ // Πράξεις // Ρωμαίους // Τίτον // Τιμόθεον B′ // Τιμόθεον Α′ // Φιλήμονα // Φιλιππηνίους // Ἀποκάλυψις // Ἐφεσίους // Ἑβραίους // Ἰακώβου // Ἰούδου // Ἰωάννην // Ἰωάννου Α′ // Ἰωάννου Β′ // Ἰωάννου Γ′	TRUE	54						
tlg0627	Q1620003	Athenian general (c. 459 – 424 BC)	Hippocrates	Hippocrates	1	-465	1			Airs Waters Places // Ancient Medicine // Aphorisms // Epidemics I and III // Mochlicus // Nutrimen // Oath // On Airs, Waters, and Places // On Ancient Medicine // On Fistulae // On Fractures // On Hemorrhoids // On Injuries of the Head // On Regimen in Acute Diseases // On Ulcers // On the Articulations // On the Sacred Disease // On the Surgery // Precepts // The Book of Prognostics // The Epidemics // The Law // The Oath // Κατ’ ἰητρεῖον // Μοχλικός // Παραγγελίαι // Περὶ αἱμοῤῥοίδων // Περὶ διαίτης ὀξέων // Περὶ διαίτης ὀξέων. Νόθα // Περὶ συρίγγων // Περὶ τροφῆς // Περὶ τῶν ἐν κεφαλῇ τρωμάτων // Περὶ ἀέρων, ὑδάτων, τόπων // Περὶ ἀγμῶν // Περὶ ἀρχαίας ἰατρικῆς // Περὶ ἄρθρων // Περὶ ἑλκῶν // Περὶ ἱερῆς νούσου // Προγνωστικόν // Ἀφορισμοί // Ἐπιδημίων // Ὅρκος	TRUE	42	military personnel; politician	-500	-423	century		180
tlg0527	Anonymous		Old Testament		1	DEPENDS ON THE TEXT	0			Amos // Canticle // Daniel // Deuteronomy // Ecclesiastes // Esther // Exodus // Ezekiel // Ezra // Genesis // Habakkuk // Haggai // Hosea // I Chronicles // I Kings // I Samuel // II Chronicles // II Kings // II Samuel // Isaiah // Jeremiah // Job // Joel // Jonah // Joshua // Judges // Lamentations // Leviticus // Malachi // Micah // Nahum // Nehemiah // Numbers // Obadiah // Proverbs // Psalms // Ruth // Zechariah // Zephaniah	TRUE	39						
tlg0006	Q48305	Classical Athenian playwright	Euripides	Euripides		-445	1	(Macedonian Empire);Macedonian Empire		Alcestis // Andromache // Bacchae // Electra // Hecuba // Helen // Heracleidae // Heracles // Hippolytus // Ion // Iphigenia Among the Tauri // Iphigenia in Aulis // Medea // Orestes // Rhesus // The Cyclops // The Phoenician Maidens // The Suppliants // The Trojan Women // Βάκχαι // Κύκλωψ // Μήδεια // Τρῳάδες // Φοίνισσαι // Ἀνδρομάχη // Ἄλκηστις // Ἑκάβη // Ἑλένη // Ἠλέκτρα // Ἡρακλεῖδαι // Ἡρακλῆς // Ἰφιγένεια ἐν Αὐλίδι // Ἰφιγένεια ἐν Ταύροις // Ἱκέτιδες // Ἱππόλυτος // Ἴων // Ὀρέστης // Ῥῆσος	TRUE	38	playwright; tragedy writer; writer; philosopher; poet	-480	-406	day	61;62	220
tlg0013	Anonymous		Anonymous			DEPENDS ON THE TEXT	0			Hymn 1 To Dionysus // Hymn 10 To Aphrodite // Hymn 11 To Athena // Hymn 12 To Hera // Hymn 13 To Demeter // Hymn 14 to the Mother of the Gods // Hymn 15 To Heracles the Lion-Hearted // Hymn 16 To Asclepius // Hymn 17 To the Dioscuri // Hymn 18 To Hermes // Hymn 19 To Pan // Hymn 19 to Pan // Hymn 2 To Demeter // Hymn 20 To Hephaestus // Hymn 21 To Apollo // Hymn 22 To Poseidon // Hymn 23 to Zeus // Hymn 24 To Hestia // Hymn 25 To the Muses and Apollo // Hymn 26 To Dionysus // Hymn 27 To Artemis // Hymn 28 To Athena // Hymn 29 To Hestia // Hymn 3 To Apollo // Hymn 3 To Delian Apollo // Hymn 30 To Earth // Hymn 31 To Helios // Hymn 32 To Selene // Hymn 32 To the Dioscuri // Hymn 33 To the Dioscuri // Hymn 4 To Hermes // Hymn 5 To Aphrodite // Hymn 6 To Aphrodite // Hymn 7 To Dionysus // Hymn 7 Το Dionysus // Hymn 8 To Ares // Hymn 9 To Artemis	TRUE	37						
tlg0551	Q190368	Greco-Roman historian (c. 95 – c.165)	Appian of Alexandria	Appian	1	130	1	Roman Empire;(Roman Empire)		The Roman History: Author’s Preface // The Roman History: Concerning Italy // The Roman History: Concerning the Kings // The Roman History: Macedonian Affairs // The Roman History: Numidian Affairs // The Roman History: Of Sicily and the Other Islands // The Roman History: The Civil Wars // The Roman History: The Gallic History // The Roman History: The Hannibalic War // The Roman History: The Illyrian Wars // The Roman History: The Mithridatic Wars // The Roman History: The Punic Wars // The Roman History: The Samnite History // The Roman History: The Syrian Wars // The Roman History: The Wars in Spain // Λιβυκή // Μιθριδάτειος // Συριακή // Ἀννιβαϊκή // ἐκ τῆς Κελτῖκης // ἐκ τῆς Μακεδονικῆς // ἐκ τῆς Νομαδικῆς // ἐκ τῆς Σαυνιτικῆς // ἐκ τῆς Σικελῖκης καὶ νησιωτικής // ἐκ τῆς βασιλικῆς // ἐκ τῆς Ἰταλικῆς // Ἐμφυλίων Πρώτη // Ἰβηρική // Ἰλλυρική	TRUE	29	historian; civil servant; writer; lawyer	95	165	year	208;209	170
tlg0017	Q365097	4th-century BC Greek orator	Isaeus	Isaeus	1	-384	1	Peloponnesian League		On Behalf of Euphiletus // On The Estate Of Pyrrhus // On The Estate of Apollodorus // On The Estate of Aristarchus // On The Estate of Ciron // On The Estate of Cleonymus // On the Estate of Astyphilus // On the Estate of Dicaeogenes // On the Estate of Hagnias // On the Estate of Menecles // On the Estate of Nicostratus // On the Estate of Philoctemon // Περὶ τοῦ Απολλοδώρου κλήρου // Περὶ τοῦ Δικαιογένους κλήρου // Περὶ τοῦ Κίρωνος κλήρου // Περὶ τοῦ Κλεωνύμου κλήρου // Περὶ τοῦ Μενεκλέους κλήρου // Περὶ τοῦ Νικοστράτου κλήρου (ἐπίλογος) // Περὶ τοῦ Πύρρου κλήρου // Περὶ τοῦ Φιλοκτήμονος κλήρου // Περὶ τοῦ Ἀστυφίλου κλήρου // Περὶ τοῦ Ἁγνίου κλήρου // Πρὸς Ξεναίνετον περὶ τοῦ Ἀριστάρχου κλήρου // Υπὲρ Εὐφιλήτου	TRUE	24	orator; speechwriter	-419	-339	year	88	180
tlg0086	Q868	4th-century BCE Classical Greek philosopher and polymath	Aristotle	Aristotle	1	-348	1	Thebans		Ars Poetica // Economics // Eudemian Ethics // Metaphysics // Nicomachean Ethics // Poetics // Politics // The "Art" of Rhetoric // Οἰκονομικά // Περὶ ποιητικῆς // Πολιτικά // περὶ Ἀρετῶν καὶ Κακιῶν // τὰ Μετὰ τὰ Φυσικά // Ἀθηναίων πολιτεία // Ἠθικὰ Εὐδήμεια // Ἠθικὰ Νικομάχεια // Ῥητορική	TRUE	17	philosopher	-383	-321	year	110	230
tlg0011	Q7235	ancient Greek playwright	Sophocles	Sophocles	1	-460	1			Ajax // Antigone // Electra // Ichneutae // Oedipus Tyrannus // Oedipus at Colonus // Philoctetes // Trachiniae // Tracking Satyrs // Αἴας // Οἰδίπους Τύραννος // Οἰδίπους ἐπὶ Κολωνῷ // Τραχίνιαι // Φιλοκτήτης // Ἀντιγόνη // Ἠλέκτρα	TRUE	16	playwright; tragedy writer; writer; priest; politician	-495	-405	year		180
tlg0032	Q129772	Greek philosopher, historian, soldier (c. 430–355/354 BC)	Xenophon	Xenophon	1	-394	1	Peloponnesian League		Agesilaus // Anabasis // Apology // Constitution of the Lacedaemonians // Cyropaedia // Economics // Hellenica // Hiero // Memorabilia // On Hunting // On the Art of Horsemanship // On the Cavalry Commander // Symposium // Ways and Means	TRUE	14	mercenary; historian; writer; military personnel; philosopher	-429	-353	year	88	210
tlg0085	Q40939	ancient Athenian playwright	Aeschylus	Aeschylus	1	-489	1	Greek City-States		Agamemnon // Eumenides // Libation Bearers // Persians // Prometheus Bound // Seven Against Thebes // Suppliant Maidens // Εὐμενίδες // Πέρσαι // Προμηθεὺς δεσμώτης // Χοηφóρoι // Ἀγαμέμνων // Ἑπτὰ ἐπὶ Θήβας // Ἱκέτιδες	TRUE	14	warrior; playwright; tragedy writer; writer	-524	-455	year	35	190
tlg2003	Q33941	last Pagan Roman emperor, reigned 361 to 363	Julian the Emperor	Julian	1	363	1	Roman Empire;(Roman Empire)		Epistulae // Εἰς τοὺς ἀπαιδεύτους κύνας // Εἰς τὴν μητέρα τῶν θεῶν // Εἰς τὸν βασιλέα Ἥλιον πρὸς Σαλούστιον // Εὐσεβίας τῆς βασιλίδος ἐγκώμιον // Θεμιστίῳ φιλοσόφῳ // Κατὰ Γαλιλαίων // Μισοπώγων // Περὶ τῶν τοῦ αὐτοκράτορος πράξεων ἢ περὶ βασιλείας // Πρὸς Ἡράκλειον κυνικὸν περὶ τοῦ πῶς κυνιστέον καὶ εἰ πρέπει τῷ κυνὶ μύθους πλάττειν // Συμπόσιον ἢ Κρόνια // Ἀθηναίων τῇ βουλῇ καὶ τῷ δήμῳ // Ἐγκώμιον εἰς τὸν αὐτοκράτορα Κωνστάντιον // Ἐπὶ τῇ ἐξόδῳ τοῦ ἀγαθωτάτου Σαλουστίου παραμυθητικὸς εἰς ἑαυτόν	FALSE	14	philosopher; politician	331	363	day	208;209	150
tlg0019	Q43353	Classical Athenian comic playwright (c. 446 – c. 386 BC)	Aristophanes	Aristophanes	1	-409	1			Birds // Clouds // Βάτραχοι // Εἰρήνη // Θεσμοφοριάζουσαι // Λυσιστράτη // Νεφέλαι // Πλοῦτος // Σφῆκες // Ἀχαρνῆς // Ἐκκλησιάζουσαι // Ἱππῆς // Ὄρνιθες	TRUE	13	comedy writer; playwright; writer; poet	-444	-384	year		230
tlg0081	Q26204	1st-century BC Greek historian and teacher	Dionysius of Halicarnassus	Dionysius of Halicarnassus	1	-24	1	Roman Empire;(Roman Empire)		Libri secundi de antiquis oratoribus reliquiae // Λυσίας συρακούσιος πατρόθεν // Περί της Δημοσθένους λέξεως // Περὶ Δεινάρχου // Περὶ Θουκιδίδου // Περὶ συνθέσεως ὀνομάτων // Περὶ τῶν Θουκιδίδου ἰδιωμάτων πρὸς Ἀμμαῖον // Περὶ τῶν ἀρχαίων ῥητόρων // Ἐπιστολὴ πρὸς Πομπήιον // Ἐπιστολὴ πρὸς Ἀμμαῖον // Ἰσαῖος Ἀθηναῖος // Ἰσοκρατης Ἀθηναῖος // Ῥωμαϊκὴ Ἀρχαιολογία	FALSE	13	orator; grammarian; historian; writer; rhetorician	-59	-6	year	208;209	230
tlg0003	Q41683	5th-century BC Athenian historian and general	Thucydides	Thucydides	1	-425	1			Della storia di Tucidide volgarizzata libri otto. // Die Rede des Perikles für die Gefallenen // Geschichte des Peloponnesischen Krieges // Geschichte des Peloponnesischen Kriegs // Histoire de la Guerre du Péloponnèse // Histoire de la Guerre du Péloponèse // Historia Belli Peloponnesiaci // History of the Peloponnesian War // The History of the Grecian War // The Peloponnesian War // Vier Staatsreden aus Thucydides // Ἱστορίαι	TRUE	12	historian; writer	-460	-394	decade		200
tlg0028	Q15078686	ancient Athenian philosopher	Antiphon	Antiphon	1	-500	1	Greek City-States		On the Choreutes // On the Murder of Herodes // Prosecution Of The Stepmother For Poisoning // The First Tetralogy: Anonymous Prosecution for Murder // The Second Tetralogy: Prosecution for Accidental Homicide // The Third Tetralogy: Prosecution for Murder Of One Who Pleads That He Was Acting in Self-Defence // Περὶ τοῦ χορευτοῦ // Περὶ τοῦ Ἡρῷδου φόνου // Τετραλογία Α΄ // Τετραλογία Β΄ // Τετραλογία Γ΄ // Φαρμακείας κατὰ τῆς μητρυιᾶς	TRUE	12	mathematician; writer; philosopher	-500	-500	century	35	190
tlg0030	Q314447		Hyperides		0	-360	1	Classical Athens		Against Athenogenes // Against Demosthenes // Against Philippides // Funeral Speech // In Defence of Euxenippus // In Defence of Lycophron // Κατὰ Δημοσθένους ὑπὲρ τῶν Ἁρπαλείων // Κατὰ Φιλιππίδου // Κατ᾽ Ἀθηνογένους // Ἀπολογία ὑπὲρ Λυκόφρονος // Ἐπιτάφιος // Ὑπὲρ Εὐξενίππου ἐισαγγελίας ἀπολογία πρὸς Πολύευκτον	TRUE	12						
tlg0557	Q183144	Greek Stoic philosopher (c. 50–c. 138)	Epictetus	Epictetus	1	85	1	Roman Empire;(Roman Empire)		Arrian's Discourses of Epictetus // Dissertationum Epictetearum sive ab Arriano sive ab aliis digestarum fragmenta // Fragments // Gnomologium Epicteteum (e Stobaei libris 1-2) // Gnomologium Epicteteum (e Stobaei libris 3-4) // The Discourses of Epictetus // The Encheiridion, or Manual. // The Enchiridion // Ἀρριανοῦ τῶν Ἐπικτήτου Διατριβῶν // Ἐγχειρίδιον	TRUE	10	writer; philosopher	50	138	year	208;209	170
tlg0012	Q6691		Homer		0	-750	1	Ionian Greek city-states		Epigrams // Iliad // Odyssey // The Iliad // The Odyssey // Ἐπιγράμματα // Ἰλιάς // Ὀδύσσεια	TRUE	8						10
tlg0027	Q492228	5th c. BCE Athenian politician and admiral	Andocides	Andocides	1	-500	1	Greek City-States		Against Alcibiades // On His Return // On the Mysteries // On the Peace with Sparta // Κατὰ Ἀλκιβιάδου // Περὶ τῆς πρὸς Λακεδαιμονίους εἰρήνης // Περὶ τῆς ἑαυτοῦ καθόδου // Περὶ τῶν μυστηρίων	TRUE	8	politician	-489	-500	century	35	200
tlg0033	Q134929	ancient Greek lyric poet	Pindar	Pindar	1	-481	1	Greek City-States		Isthmian Odes // Nemean Odes // Olympian Odes // Pythian Odes // Νεμεονῖκαι // Πυθιονῖκαι // Ἰσθμιονῖκαι // Ὀλυμπιονῖκαι	TRUE	8	mythographer; writer; poet	-516	-436	year	35	200
tlg0526	Q134461	Roman–Jewish historian and military leader (c. 37–c. 100)	Flavius Josephus	Josephus	1	72	1	Roman Empire;(Roman Empire)		Against Apion // Antiquities of the Jews // The Life of Flavius Josephus // The Wars of the Jews // περὶ ἀρχαιότητος Ἰουδαίων // Ἰουδαϊκοῦ πολέμου πρὸς Ῥωμαίους // Ἰουδαϊκὴ ἀρχαιολογία // Ἰωσήπου βίος	TRUE	8	historian; writer	37	100	year	208;209	170
tlg0719	Q505931	2nd century Greek physician	Aretaeus of Cappadocia	Aretaeus of Cappadocia	1	135	1	Roman Empire;(Roman Empire)		On the Causes and Symptoms of Acute Diseases // On the Causes and Symptoms of Chronic Diseases // On the Cure of Chronic Diseases // On the Therapeutics of Acute Diseases // Περὶ αἰτίων καὶ σημείων χρονίων παθῶν // Περὶ αἰτίων καὶ σημείων ὀξέων παθών // Χρονίων νούσων θεραπευτικών // Ὀξέων νούσων θεραπευτικόν	TRUE	8	physician	100	200	century	208;209	160
tlg0533	Q192417	3rd-century BC Greek poet, scholar and librarian	Callimachus	Callimachus	1	-270	1	Cyrenaica		εἰς Απόλλωνα // εἰς Δήμητρα // εἰς Δία // εἰς Δῆλον // εἰς Λουτρά τῆς Παλλάδος // εἰς Ἄρτεμιν // Ἐπιγράμματα	TRUE	7	elegist; librarian; mythographer; epigrammatist; writer; poet	-305	-239	year	117	200
tlg0020	Q44233	ancient Greek poet of the archaic period	Hesiod	Hesiod	1	-740	1	Greek City-States		Shield of Heracles // Theogony // Works and Days // Θεογονία // Ἀσπὶς Ἡρακλέους // Ἔργα καὶ Ἡμέραι	TRUE	6	mythographer; writer; poet; rhapsode	-775		year	35	210
tlg0026	Q317089	Greek orator and statesman (4th century BCE)	Aeschines	Aeschines	1	-354	1	Second Athenian League		Against Ctesiphon // Against Timarchus // On the Embassy // Κατά Κτησιφώντος // Κατὰ Τιμάρχου // Περὶ τῆς παραπρεσβείας	TRUE	6	orator; diplomat; writer; politician	-389	-321	year	107	220
tlg0029	Q473421	4th-century BC Greek speechwriter	Dinarchus	Dinarchus	1	-324	1			Against Aristogiton // Against Demosthenes // Against Philocles // Κατὰ Δημοσθένους // Κατὰ Φιλοκλέους // Κατὰ Ἀριστογείτονος	TRUE	6	orator	-359	-291	year		180
tlg0074	Q31845	2nd century Greek historian, official and philosopher	Arrian	Arrian	1	130	1	Roman Empire;(Roman Empire)		Acies Contra Alanos // Κυνηγετικός // Περίπλους τοῦ Εὐξείνου Πόντου // Τέχνη τακτική // Ἀλεξάνδρου Ἀνάβασις // Ἰνδική	FALSE	6	historian; writer; military personnel; philosopher; politician	95	180	year	208;209	200
tlg0638	Q2274948		Philostratus the Athenian		0	200	1	Roman Empire.		Βίοι Σοφιστῶν // Γυμναστικός // Νέρων // Τὰ ἐς τὸν Τυανέα Ἀπολλώνιον // Ἐπιστολαί. Διαλέξεις. // Ἡρωικός	FALSE	6						
tlg0035	Q957548	ancient Greek poet	Moschus	Moschus	1	-200	1			Fragmenta // Εὐρώπη // Μεγάρα // Ἐπιτάφιος Βίωνος // Ἔρως δραπέτης	FALSE	5	writer; poet	-200	-200	century		200
tlg0094	Q2657275		Pseudo-Plutarch		0	150	1	Roman Empire		Concerning Music // Of Those Sentiments Concerning Nature with which Philosophers were Delighted // Of the Names of Rivers and Mountains, and of Such Things as are to be Found Therein // Περὶ τῶν ἀρεσκόντων τοῖς φιλοσόφοις φυσικῶν δογμάτων // περὶ Μουσικῆς	TRUE	5						190
tlg7000	Various		Greek Anthology (various)		1	DEPENDS ON THE TEXT	1			Ἀνθολογία, Volume I // Ἀνθολογία, Volume II // Ἀνθολογία, Volume III // Ἀνθολογία, Volume IV // Ἀνθολογία, Volume V	TRUE	5						
tlg0061	Q19558843		Pseudo-Lucian		0	150	1	Roman Empire		Demosthenes an Encomium // Loukios, Or, the Ass // The Cynic // The Halcyon	TRUE	4						190
tlg0199	Q310681	Greek lyric poet (c. 518 – c. 451 BC)	Bacchylides	Bacchylides	1	-480	1	Greek City-States		Dithyrambs // Epinicians // Διθύραμβοι // Ἐπίνικοι	TRUE	4	dithyrambic poet; epigrammatist; writer; poet	-515	-450	year	35	200
tlg0555	Q188883	Christian theologian (c.150 – c.215)	Clement of Alexandria	Clement of Alexandria	1	185	1	Roman Empire;(Roman Empire)		Προτρεπτικὸς πρὸς Ἕλληνας // Στρώματα // τίς ὁ σωζόμενος πλούσιος // ὁ Προτρεπτικὸς εἰς ὑπομονὴν ἢ πρὸς τοὺς νεωστὶ βεβαπτισμένους	TRUE	4	theologian; writer; philosopher	150	215	year	208;209	160
tlg0036	Q463364	1st century BC Greek bucolic poet	Bion of Phlossa	Bion of Smyrna	1	-84	1	Kingdom of Pontus		Fragmenta // Αδώνιδος επιτάφιος // Μύρσων καὶ Λυκίδας	FALSE	3	writer; poet	-119	-56	year	137	200
tlg0060	Q171241	1st-century BC Greek historian	Diodorus Siculus	Diodorus Siculus	1	-54	1			Βιβλιοθήκη Ἱστορική (Books 1-5) // Βιβλιοθήκη Ἱστορική (Books 11-17) // Βιβλιοθήκη Ἱστορική (Books 18-20)	TRUE	3	historian; mythographer; geographer	-89	-19	year		200
tlg0099	Q45936	Greek geographer, philosopher and historian (64/63 BC–c.24 AD)	Strabo	Strabo	1	-27	1			Geography // Geography (Books 6-14) // Γεωγραφικά	TRUE	3	historian; writer; philosopher; geographer	-62	23	year		200
tlg0545	Q313782	Roman author and teacher (c.175–c.235)	Aelian	Aelian	1	235	1	Roman Empire;(Roman Empire)		Περὶ ζῴων ἰδιότητος // Ποικίλη ἱστορία // ἐκ τῶν Αἰλιανοῦ ἀγροικικῶν ἐπιστολῶν	FALSE	3	orator; historian; zoologist; writer; teacher; poet	200	235	century	208;209	180
tlg0004	Q59138	3rd-century Roman biographer of Greek philosophers	Diogenes Laertius	Diogenes Laërtius	1	210	0			Lives of Eminent Philosophers // Βίοι καὶ γνῶμαι τῶν ἐν φιλοσοφίᾳ εὐδοκιμησάντων	TRUE	2	historian; philosophy historian; philosopher; biographer					170
tlg0005	Q219484	3rd-century BC Greek poet	Theocritus	Theocritus	1	-260	0			Εἰδύλλια // Ἐπιγράμματα	FALSE	2	writer; poet	-400	-259	century		200
tlg0008	Q294923	late 2nd/early 3rd century Greek rhetorician and grammarian	Athenaeus	Athenaeus	1	205	1	Roman Empire;(Roman Empire)		The Deipnosophists // Δειπνοσοφισταί	TRUE	2	orator; grammarian; writer	170	223	year	208;209	190
tlg0016	Q26825	Greek historian and geographer (c.484–c.425 BC)	Herodotus	Herodotus	1	-448	1			The Histories // Ἱστορίαι	TRUE	2	historian	-483	-424	year		200
tlg0034	Q373685	4th century BCE Greek politician and orator	Lycurgus	Lycurgus of Athens	1	-354	1	Second Athenian League		Against Leocrates // Κατὰ Λεωκράτους	TRUE	2	orator; writer; politician	-389	-323	year	107	120
tlg0057	Q8778	1st-century Greek physician, surgeon and philosopher	Galen	Galen	1	164	1	Roman Empire;(Roman Empire)		On the Natural Faculties. // Περί φυσικῶν δυνάμεων	TRUE	2	physician; philosopher; physician writer; neuroscientist; surgeon; biologist	129	300	month	208;209	160
tlg0525	Q192931	ancient Greek geographer, travel writer and mythographer	Pausanias	Pausanias	1	150	1	Roman Empire;(Roman Empire)		Description of Greece // Ἑλλάδος Περιηγήσεως	TRUE	2	travel writer; writer; geographer	115	180	year	208;209	170
tlg0535	Q211430	Athenian orator	Demades	Demades	1	-345	1	Second Athenian League		On the Twelve Years // Ὑπὲρ τῆς δωδεκαετίας	TRUE	2	orator; politician	-380	-316	decade	107	170
tlg0543	Q131169	ancient Greek historian	Polybius	Polybius	1	-164	1	Achaean League		The Histories // Ἱστορίαι	TRUE	2	historian; writer; military personnel	-199	-119	year	138	200
tlg0548	Q619170	ancient Greek sculptor, 2nd century BCE	Apollodorus	Apollodorus	1	-165	1			Epitome // Library	TRUE	2	sculptor	-200	-100	century		220
tlg1216	Q185856	early Christian disciple and bishop	Barnabas	Barnabas	1	36	1	Roman Empire;(Roman Empire)		The Epistle of Barnabas // Βαρνάβα ἐπιστολή	TRUE	2	presbyter	1	61	century	208;209	140
tlg1271	Q42887		Clement of Rome		0	88	1	Roman Empire		The First Epistle of Clement to the Corinthians // The Second Epistle of Clement to the Corinthians	TRUE	2						
tlg1799	Q8747	ancient Greek mathematician (fl. 300 BC)	Euclid	Euclid	1	-298	1	Greek City-States		The Thirteen Books of Euclid's Elements // Στοιχεῖα	TRUE	2	mathematician; writer	-333	-284	year	35	200
tlg2040	Q44258	4th-century Christian bishop, theologian, and saint (329–379)	Basil, Saint, Bishop of Caesarea	Basil of Caesarea	1	364	1	Roman Empire;(Roman Empire)		Epistulae // Πρὸς τοὺς νέους, ὅπως ἂν ἐξ Ἑλληνικῶν ὠφελοῖντο λόγων	TRUE	2	theologian; Catholic priest; Catholic deacon; writer; archbishop; philosopher; Catholic bishop	329	379	year	208;209	160
tlg4029	Q186153	6th-century historian	Procopius	Procopius	1	535	1	Eastern Roman Empire		Ἀπόκρυφη Ἱστορία // Ὑπὲρ τῶν Πολέμων Λόγοι	FALSE	2	historian; writer; lawyer	500	565	year	274	140
tlg0001	Q192638	3rd century BC Greek epic poet	Apollonius Rhodius	Apollonius of Rhodes	1	-254	1	Ptolemaic Kingdom;(Ptolemaic Kingdom)		Argonautica	FALSE	1	librarian; mythographer; writer; grammarian; poet	-289	-214	year	115;116	220
tlg0023	Q116508	2nd-century Greco-Roman poet, author of Halieutica	Oppian	Oppian	1	136	1	Roman Empire;(Roman Empire)		Ἁλιευτικά	TRUE	1	writer; poet	101		century	208;209	170
tlg0024	Q17996276		Oppian of Apamea		0	211	1	Roman Empir		Κυνηγετικά	TRUE	1						170
tlg0058	Q405969	4th century BC Greek writer	Aeneas Tacticus	Aeneas Tacticus	1	-465	1			Περὶ τοῦ πῶς χρὴ πολιορκουμένους ἀντέχειν	FALSE	1	military writer	-500	-400	century		190
tlg0090	Q515542	ancient Greek geographer	Agathemerus	Agathemerus	1	285	1	Roman Empire;(Roman Empire)		Geographiae Informatio	FALSE	1	geographer	250	300	century	208;209	150
tlg0093	Q160362	Greek philosopher (c.371-c.287 BC)	Theophrastus	Theophrastus	1	-335	1			Χαρακτῆρες	FALSE	1	physicist; botanist; writer; philosopher	-370	-286	year		200
tlg0341	Q432737	4th-century BC Greek poet	Lycophron	Lycophron	1	-284	1			Ἀλεξάνδρα	TRUE	1	tragedy writer; writer; poet	-319	-279	year		200
tlg0363	Q34943	2nd-century Roman mathematician, astronomer, geographer	Claudius Ptolemy	Ptolemy	1	135		Roman Empire;(Roman Empire)		Τετράβιβλος	TRUE	1	astronomer; musicologist; astrologer; music theorist; mathematician; epigrammatist; writer; philosopher; geographer	100	170	year	208;209	200
tlg0385	Q185223	Greco-Roman statesman and historian (c. 155–c. 235)	Cassius Dio Cocceianus	Cassius Dio	1	185	1	Roman Empire;(Roman Empire)		Ῥωμαϊκὴ Ἱστορία (Books 36-55)	TRUE	1	historian; military personnel; politician	150	235	year	208;209	160
tlg0532	Q221951	ancient Greek novellist	Achilles Tatius	Achilles Tatius	1	235	1	Roman Empire;(Roman Empire)		τὰ κατὰ Λευκίππην καὶ Kλειτoφῶντα	FALSE	1	writer	200	300	century	208;209	150
tlg0554	Q11912356	2nd c. BCE Greek physician	Chariton	Chariton	1	-150	0			De Chaerea et Callirhoe	FALSE	1	physician					150
tlg0556	Q261224	ancient Greek writer and philosopher	Asclepiodotus	Asclepiodotus	1	-65	1			Τέχνη τακτική	FALSE	1	non-fiction writer; writer; philosopher	-100		millennium		180
tlg0560	Q319947	Roman soldier, and saint, who pierced the side of Jesus	Longinus	Longinus	1	100	1	Roman Empire;(Roman Empire)		Περὶ ὕψους	FALSE	1	military personnel	100	100	century	208;209	150
tlg0561	Q314949	ancient Greek writer	Longus	Longus	1	200	1	Roman Empire;(Roman Empire)		Δάφνις καὶ Χλόη	FALSE	1	writer	200	200	century	208;209	150
tlg0562	Q1430	16th Roman Emperor from 161 to 180 and Stoic philosopher	Marcus Aurelius	Marcus Aurelius	1	156	1	Roman Empire;(Roman Empire)		Ad Se Ipsum	FALSE	1	monarch; writer; philosopher; politician	121	180	day	208;209	190
tlg0612	Q334457	Greek orator, writer, philosopher and historian (c. 40 – c. 115)	Dio Chrysostom	Dio Chrysostom	1	75	1	Roman Empire;(Roman Empire)		Orationes	FALSE	1	orator; writer; philosopher	40	120	year	208;209	170
tlg0613	Q313286		Demetrius of Phaleron		0	-322	1	Classical Athens		Περὶ ἑρμηνείας	FALSE	1						
tlg0641	Q463564	Greek writer	Xenophon of Ephesus	Xenophon of Ephesus	1	136	1	Roman Empire;(Roman Empire)		Τὰ κατὰ Ἀνθίαν καὶ Ἁβροκόμην	FALSE	1	writer; philosopher	101	300	century	208;209	150
tlg0646	Anonymous		Anonymous (Epistle to Diognetus)		1	170	0			The Epistle to Diogentus	TRUE	1						
tlg0647	Q1371938	Hellenistic Egyptian poet	Tryphiodorus	Tryphiodorus	1	335	1	Roman Empire;(Roman Empire)		Ἅλωσις Ἰλίου	TRUE	1	poet	300	400	century	208;209	150
tlg0648	Q373042	Greek philosopher	Onasander	Onasander	1	100	1	Roman Empire;(Roman Empire)		Στρατηγικός	FALSE	1	writer; philosopher		100	century	208;209	140
tlg0652	Q1231472	ancient Greek sophist	Philostratus Minor	Philostratus the Younger	1	250	0			Εἰκόνες	FALSE	1	orator; writer; sophist					150
tlg0653	Q180671	Greek didactic poet (c. 315/310–240 BC)	Aratus Solensis	Aratus	1	-279	1			Φαινόμενα	TRUE	1	astronomer; writer; poet	-314	-239	year		190
tlg0655	Q1230313	ancient grammarian	Parthenius	Parthenius	1	50	0			Ἐρωτικὰ Παθήματα	FALSE	1	writer; grammarian					120
tlg1311	Q210752		Didache		0	50	1	Roman Empire		The Didache, or Teaching of the Twelve Apostles.	TRUE	1						
tlg1389	Q721412		Harpocration, Valerius		0	150	1	Roman Empire		Lexicon in decem oratores Atticos	FALSE	1						
tlg1419	Q1799472	2nd century Roman freedman and writer	Hermas	Hermas	1	150	1	Roman Empire;(Roman Empire)		The Shepherd of Hermas	TRUE	1	writer	150	150	century	208;209	180
tlg1443	Q44170	late 1st/early 2nd century Christian author and Patriarch of Antioch	Ignatius of Antioch	Ignatius of Antioch	1	70	1	Roman Empire;(Roman Empire)		Epistles	TRUE	1	theologian; presbyter	35	108	year	208;209	160
tlg1484	Anonymous		Church of Smyrna		0	155	1	Roman Empire		The Martydom of Polycarp	TRUE	1						
tlg1600	Q691292		Philostratus Sophista		0	210	1	Roman Empire		Εἰκόνες	FALSE	1						
tlg1622	Q192371	Christian bishop of Smyrna	Polycarp	Polycarp	1	105	1	Roman Empire;(Roman Empire)		The Epistle to the Philippians of Saint Polycarp	TRUE	1	theologian; Christian minister; writer; presbyter	70	155	year	208;209	160
tlg2018	Q142999	Greek Christian scholar, c.260-c.340	Eusebius of Caesarea	Eusebius of Caesarea	1	300	1	Roman Empire;(Roman Empire)		Ἐκκλησιαστικὴ ἱστορία	TRUE	1	theologian; Eastern Orthodox priest; historian; writer	265	340	year	208;209	150
tlg2045	Q312916	ancient Greek epic poet	Nonnus of Panopolis	Nonnus of Panopolis	1	500	1	Eastern Roman Empire		Διονυσιακά	TRUE	1	writer; poet	500	500	century	274	70
tlg2046	Q352702	4th-century Greek poet	Quintus Smyrnaeus	Quintus Smyrnaeus	1	400	1	Western Roman Empire		τὰ μεθ᾿ Ὅμηρον	TRUE	1	poet	400	400	century	275	150
tlg2934	Q51884	Christian monk, priest, hymnographer and apologist (675/6-749)	John of Damascus	John of Damascus	1	710	1	(Umayyad Caliphate);Umayyad Caliphate		Βαρλαάμ καί Ἰωάσαφ	TRUE	1	astronomer; theologian; cleric; writer; composer; philosopher	675	749	year	388;389	90
tlg3135	Q32052	12th century Byzantine chronicler and theologian	Joannes Zonaras	John Zonaras	1	1109	1	Byzantine Empire		Ἐπιτομὴ Ἱστοριῶν (Vol. 1)	FALSE	1	canon law jurist; theologian; historian; writer; monk	1074	1145	year	380	60
tlg4036	Q271809	5th-century Greek Neoplatonist philosopher	Proclus	Proclus	1	447	1	Eastern Roman Empire		Chrestomathy	FALSE	1	mathematician; mythographer; writer; philosopher	412	485	day	274	170
tlg4081	Q11914790	heretic	Colluthus	Colluthus	1	650	0			Ἁρπαγὴ Ἑλένης	TRUE	1	clergyman					100
tlg4091	Q19970392	Athenian poet, known as the author of a drinking song in honor of Harmodius and Aristogeiton	Callistratus	Callistratus	1	-500	0			Ἐκφράσεις	FALSE	1	poet					130